ticker,name,market,sector,sub_industry,market_cap_usd_b,source,company_type,turnaround_flag,universe_role,quality_risk_level,risk_flags,review_reason,recommended_next_action
NVDA,NVIDIA Corporation,US,Information Technology,Semiconductors,5380.0,SP500+NDX,BIG_TECH_AI_INFRA,N,CORE,LOW,NONE,METADATA_ONLY_AUDIT; large-cap metadata row without forced review marker,KEEP_CORE
GOOGL,Alphabet Inc. Class A,US,Communication Services,Interactive Media & Services,4810.0,SP500+NDX,BIG_TECH_AI_INFRA,N,CORE,LOW,NONE,METADATA_ONLY_AUDIT; large-cap metadata row without forced review marker,KEEP_CORE
GOOG,Alphabet Inc. Class C,US,Communication Services,Interactive Media & Services,4790.0,SP500+NDX,BIG_TECH_AI_INFRA,N,CORE,LOW,NONE,METADATA_ONLY_AUDIT; large-cap metadata row without forced review marker,KEEP_CORE
AAPL,Apple Inc.,US,Information Technology,Technology Hardware,4370.0,SP500+NDX,BIG_TECH_AI_INFRA,N,CORE,LOW,NONE,METADATA_ONLY_AUDIT; large-cap metadata row without forced review marker,KEEP_CORE
MSFT,Microsoft Corporation,US,Information Technology,Software,3150.0,SP500+NDX,BIG_TECH_AI_INFRA,N,CORE,LOW,NONE,METADATA_ONLY_AUDIT; large-cap metadata row without forced review marker,KEEP_CORE
AMZN,Amazon.com Inc.,US,Consumer Discretionary,Broadline Retail,2850.0,SP500+NDX,BIG_TECH_AI_INFRA,N,CORE,LOW,NONE,METADATA_ONLY_AUDIT; large-cap metadata row without forced review marker,KEEP_CORE
AVGO,Broadcom Inc.,US,Information Technology,Semiconductors,1990.0,SP500+NDX,BIG_TECH_AI_INFRA,N,CORE,LOW,NONE,METADATA_ONLY_AUDIT; large-cap metadata row without forced review marker,KEEP_CORE
META,Meta Platforms Inc.,US,Communication Services,Interactive Media & Services,1550.0,SP500+NDX,BIG_TECH_AI_INFRA,N,CORE,LOW,NONE,METADATA_ONLY_AUDIT; large-cap metadata row without forced review marker,KEEP_CORE
TSLA,Tesla Inc.,US,Consumer Discretionary,Automobiles,1540.0,SP500+NDX,,N,CORE,LOW,NONE,METADATA_ONLY_AUDIT; large-cap metadata row without forced review marker,KEEP_CORE
WMT,Walmart Inc.,US,Consumer Staples,Consumer Staples Distribution,1060.0,SP500,DEFENSIVE,N,CORE,LOW,NONE,METADATA_ONLY_AUDIT; large-cap metadata row without forced review marker,KEEP_CORE
BRK.B,Berkshire Hathaway Inc.,US,Financials,Financial Services,1050.0,SP500,,N,CORE,LOW,NONE,METADATA_ONLY_AUDIT; large-cap metadata row without forced review marker,KEEP_CORE
LLY,Eli Lilly and Company,US,Health Care,Pharmaceuticals,881.0,SP500,,N,CORE,LOW,NONE,METADATA_ONLY_AUDIT; large-cap metadata row without forced review marker,KEEP_CORE
JPM,JPMorgan Chase & Co.,US,Financials,Banks,805.0,SP500,,N,CORE,LOW,NONE,METADATA_ONLY_AUDIT; large-cap metadata row without forced review marker,KEEP_CORE
MU,Micron Technology Inc.,US,Information Technology,Semiconductors,768.0,SP500+NDX,BIG_TECH_AI_INFRA,N,CORE,LOW,NONE,METADATA_ONLY_AUDIT; large-cap metadata row without forced review marker,KEEP_CORE
AMD,Advanced Micro Devices Inc.,US,Information Technology,Semiconductors,686.0,SP500+NDX,BIG_TECH_AI_INFRA,N,CORE,LOW,NONE,METADATA_ONLY_AUDIT; large-cap metadata row without forced review marker,KEEP_CORE
XOM,Exxon Mobil Corporation,US,Energy,Oil Gas & Consumable Fuels,665.0,SP500,,N,CORE,LOW,NONE,METADATA_ONLY_AUDIT; large-cap metadata row without forced review marker,KEEP_CORE
V,Visa Inc.,US,Financials,Financial Services,626.0,SP500,,N,CORE,LOW,NONE,METADATA_ONLY_AUDIT; large-cap metadata row without forced review marker,KEEP_CORE
JNJ,Johnson & Johnson,US,Health Care,Pharmaceuticals,551.0,SP500,DEFENSIVE,N,CORE,LOW,NONE,METADATA_ONLY_AUDIT; large-cap metadata row without forced review marker,KEEP_CORE
INTC,Intel Corporation,US,Information Technology,Semiconductors,543.0,SP500+NDX,,Y,HIGH_RISK_REVIEW,HIGH,TURNAROUND_RISK,TURNAROUND_IN_PROGRESS; METADATA_ONLY_AUDIT; turnaround flag prevents core classification,REVIEW_BEFORE_SCORING
ORCL,Oracle Corporation,US,Information Technology,Software,536.0,SP500,BIG_TECH_AI_INFRA,N,CORE,LOW,NONE,METADATA_ONLY_AUDIT; large-cap metadata row without forced review marker,KEEP_CORE
COST,Costco Wholesale Corporation,US,Consumer Staples,Consumer Staples Distribution,477.0,SP500+NDX,DEFENSIVE,N,CORE,LOW,NONE,METADATA_ONLY_AUDIT; large-cap metadata row without forced review marker,KEEP_CORE
CSCO,Cisco Systems Inc.,US,Information Technology,Communications Equipment,469.0,SP500+NDX,,N,CORE,LOW,NONE,METADATA_ONLY_AUDIT; large-cap metadata row without forced review marker,KEEP_CORE
MA,Mastercard Incorporated,US,Financials,Financial Services,446.0,SP500,,N,CORE,LOW,NONE,METADATA_ONLY_AUDIT; large-cap metadata row without forced review marker,KEEP_CORE
CAT,Caterpillar Inc.,US,Industrials,Machinery,397.0,SP500,,N,CORE,LOW,NONE,METADATA_ONLY_AUDIT; large-cap metadata row without forced review marker,KEEP_CORE
CVX,Chevron Corporation,US,Energy,Oil Gas & Consumable Fuels,387.0,SP500,,N,CORE,LOW,NONE,METADATA_ONLY_AUDIT; large-cap metadata row without forced review marker,KEEP_CORE
NFLX,Netflix Inc.,US,Communication Services,Entertainment,377.0,SP500+NDX,,N,CORE,LOW,NONE,METADATA_ONLY_AUDIT; large-cap metadata row without forced review marker,KEEP_CORE
ABBV,AbbVie Inc.,US,Health Care,Biotechnology,369.0,SP500,,N,EXTENDED,MEDIUM,BIOTECH_RISK;HEALTHCARE_EVENT_RISK,MARKET_CAP_BELOW_THRESHOLD; METADATA_ONLY_AUDIT; below core threshold but retained for extended monitoring,KEEP_EXTENDED
BAC,Bank of America Corporation,US,Financials,Banks,359.0,SP500,,N,CORE,LOW,NONE,METADATA_ONLY_AUDIT; large-cap metadata row without forced review marker,KEEP_CORE
UNH,UnitedHealth Group Incorporated,US,Health Care,Health Care Providers,355.0,SP500,,N,CORE,LOW,HEALTHCARE_EVENT_RISK,METADATA_ONLY_AUDIT; large-cap metadata row without forced review marker,KEEP_CORE
KO,The Coca-Cola Company,US,Consumer Staples,Beverages,349.0,SP500,DEFENSIVE,N,CORE,LOW,NONE,METADATA_ONLY_AUDIT; large-cap metadata row without forced review marker,KEEP_CORE
LRCX,Lam Research Corporation,US,Information Technology,Semiconductor Equipment,347.0,SP500+NDX,BIG_TECH_AI_INFRA,N,CORE,LOW,NONE,METADATA_ONLY_AUDIT; large-cap metadata row without forced review marker,KEEP_CORE
PG,The Procter & Gamble Company,US,Consumer Staples,Household Products,331.0,SP500,DEFENSIVE,N,CORE,LOW,NONE,METADATA_ONLY_AUDIT; large-cap metadata row without forced review marker,KEEP_CORE
AMAT,Applied Materials Inc.,US,Information Technology,Semiconductor Equipment,328.0,SP500+NDX,BIG_TECH_AI_INFRA,N,CORE,LOW,NONE,METADATA_ONLY_AUDIT; large-cap metadata row without forced review marker,KEEP_CORE
PLTR,Palantir Technologies Inc.,US,Information Technology,Software,323.0,SP500+NDX,,N,CORE,LOW,NONE,METADATA_ONLY_AUDIT; large-cap metadata row without forced review marker,KEEP_CORE
MS,Morgan Stanley,US,Financials,Capital Markets,303.0,SP500,,N,CORE,LOW,NONE,METADATA_ONLY_AUDIT; large-cap metadata row without forced review marker,KEEP_CORE
HD,The Home Depot Inc.,US,Consumer Discretionary,Specialty Retail,298.0,SP500,,N,CORE,LOW,NONE,METADATA_ONLY_AUDIT; large-cap metadata row without forced review marker,KEEP_CORE
PM,Philip Morris International Inc.,US,Consumer Staples,Tobacco,298.0,SP500,,N,CORE,LOW,NONE,METADATA_ONLY_AUDIT; large-cap metadata row without forced review marker,KEEP_CORE
GE,GE Aerospace,US,Industrials,Aerospace & Defense,298.0,SP500,,N,CORE,LOW,NONE,METADATA_ONLY_AUDIT; large-cap metadata row without forced review marker,KEEP_CORE
GS,The Goldman Sachs Group Inc.,US,Financials,Capital Markets,290.0,SP500,,N,CORE,LOW,NONE,METADATA_ONLY_AUDIT; large-cap metadata row without forced review marker,KEEP_CORE
MRK,Merck & Co. Inc.,US,Health Care,Pharmaceuticals,278.0,SP500,,N,CORE,LOW,NONE,METADATA_ONLY_AUDIT; large-cap metadata row without forced review marker,KEEP_CORE
TXN,Texas Instruments Incorporated,US,Information Technology,Semiconductors,273.0,SP500+NDX,,N,CORE,LOW,NONE,METADATA_ONLY_AUDIT; large-cap metadata row without forced review marker,KEEP_CORE
GEV,GE Vernova Inc.,US,Industrials,Electrical Equipment,272.0,SP500,,N,CORE,LOW,NONE,METADATA_ONLY_AUDIT; large-cap metadata row without forced review marker,KEEP_CORE
RTX,RTX Corporation,US,Industrials,Aerospace & Defense,236.0,SP500,,N,CORE,LOW,NONE,METADATA_ONLY_AUDIT; large-cap metadata row without forced review marker,KEEP_CORE
LIN,Linde plc,US,Materials,Chemicals,236.0,SP500+NDX,,N,CORE,LOW,NONE,METADATA_ONLY_AUDIT; large-cap metadata row without forced review marker,KEEP_CORE
KLAC,KLA Corporation,US,Information Technology,Semiconductor Equipment,229.0,SP500+NDX,BIG_TECH_AI_INFRA,N,CORE,LOW,NONE,METADATA_ONLY_AUDIT; large-cap metadata row without forced review marker,KEEP_CORE
WFC,Wells Fargo & Company,US,Financials,Banks,227.0,SP500,,N,CORE,LOW,NONE,METADATA_ONLY_AUDIT; large-cap metadata row without forced review marker,KEEP_CORE
QCOM,QUALCOMM Incorporated,US,Information Technology,Semiconductors,214.0,SP500+NDX,,N,CORE,LOW,NONE,METADATA_ONLY_AUDIT; large-cap metadata row without forced review marker,KEEP_CORE
AXP,American Express Company,US,Financials,Consumer Finance,213.0,SP500,,N,CORE,LOW,NONE,METADATA_ONLY_AUDIT; large-cap metadata row without forced review marker,KEEP_CORE
IBM,IBM Corporation,US,Information Technology,IT Services,209.0,SP500,,N,CORE,LOW,NONE,METADATA_ONLY_AUDIT; large-cap metadata row without forced review marker,KEEP_CORE
C,Citigroup Inc.,US,Financials,Banks,208.0,SP500,,N,CORE,LOW,NONE,METADATA_ONLY_AUDIT; large-cap metadata row without forced review marker,KEEP_CORE
TMUS,T-Mobile US Inc.,US,Communication Services,Wireless Telecommunication,206.0,SP500+NDX,,N,CORE,LOW,NONE,METADATA_ONLY_AUDIT; large-cap metadata row without forced review marker,KEEP_CORE
ADI,Analog Devices Inc.,US,Information Technology,Semiconductors,204.0,SP500+NDX,,N,CORE,LOW,NONE,METADATA_ONLY_AUDIT; large-cap metadata row without forced review marker,KEEP_CORE
PEP,PepsiCo Inc.,US,Consumer Staples,Beverages,203.0,SP500+NDX,DEFENSIVE,N,CORE,LOW,NONE,METADATA_ONLY_AUDIT; large-cap metadata row without forced review marker,KEEP_CORE
PANW,Palo Alto Networks Inc.,US,Information Technology,Software,200.0,SP500+NDX,,N,CORE,LOW,NONE,METADATA_ONLY_AUDIT; large-cap metadata row without forced review marker,KEEP_CORE
MCD,McDonald's Corporation,US,Consumer Discretionary,Hotels Restaurants,200.0,SP500,,N,CORE,LOW,NONE,METADATA_ONLY_AUDIT; large-cap metadata row without forced review marker,KEEP_CORE
SNDK,Sandisk Corporation,US,Information Technology,"Technology Hardware, Storage & Peripherals",197.0,SP500+NDX_NEW_APR2026; sub_industry_corrected_v0_2,,N,CORE,LOW,RECENT_INDEX_INCLUSION,RECENT_INDEX_INCLUSION; METADATA_ONLY_AUDIT; large-cap metadata row without forced review marker,KEEP_CORE
VZ,Verizon Communications Inc.,US,Communication Services,Diversified Telecommunication,195.0,SP500,,N,CORE,LOW,NONE,METADATA_ONLY_AUDIT; large-cap metadata row without forced review marker,KEEP_CORE
NEE,NextEra Energy Inc.,US,Utilities,Electric Utilities,185.0,SP500,DEFENSIVE,N,CORE,LOW,NONE,METADATA_ONLY_AUDIT; large-cap metadata row without forced review marker,KEEP_CORE
DIS,The Walt Disney Company,US,Communication Services,Entertainment,180.0,SP500,,Y,HIGH_RISK_REVIEW,HIGH,TURNAROUND_RISK,TURNAROUND_IN_PROGRESS; METADATA_ONLY_AUDIT; turnaround flag prevents core classification,REVIEW_BEFORE_SCORING
ANET,Arista Networks Inc.,US,Information Technology,Communications Equipment,178.0,SP500,,N,CORE,LOW,NONE,METADATA_ONLY_AUDIT; large-cap metadata row without forced review marker,KEEP_CORE
BLK,BlackRock Inc.,US,Financials,Capital Markets,176.0,SP500,,N,CORE,LOW,NONE,METADATA_ONLY_AUDIT; large-cap metadata row without forced review marker,KEEP_CORE
AMGN,Amgen Inc.,US,Health Care,Biotechnology,175.0,SP500+NDX,,N,EXTENDED,MEDIUM,BIOTECH_RISK;HEALTHCARE_EVENT_RISK,MARKET_CAP_BELOW_THRESHOLD; METADATA_ONLY_AUDIT; below core threshold but retained for extended monitoring,KEEP_EXTENDED
BA,The Boeing Company,US,Industrials,Aerospace & Defense,173.0,SP500,,Y,HIGH_RISK_REVIEW,HIGH,TURNAROUND_RISK,TURNAROUND_IN_PROGRESS; METADATA_ONLY_AUDIT; turnaround flag prevents core classification,REVIEW_BEFORE_SCORING
T,AT&T Inc.,US,Communication Services,Diversified Telecommunication,169.0,SP500,,N,CORE,LOW,NONE,METADATA_ONLY_AUDIT; large-cap metadata row without forced review marker,KEEP_CORE
TJX,The TJX Companies Inc.,US,Consumer Discretionary,Specialty Retail,166.0,SP500,,N,CORE,LOW,NONE,METADATA_ONLY_AUDIT; large-cap metadata row without forced review marker,KEEP_CORE
STX,Seagate Technology Holdings plc,US,Information Technology,Technology Hardware,166.0,SP500+NDX,,N,CORE,LOW,NONE,METADATA_ONLY_AUDIT; large-cap metadata row without forced review marker,KEEP_CORE
APP,AppLovin Corporation,US,Information Technology,Software,165.0,SP500+NDX,,N,CORE,LOW,NONE,METADATA_ONLY_AUDIT; large-cap metadata row without forced review marker,KEEP_CORE
TMO,Thermo Fisher Scientific Inc.,US,Health Care,Life Sciences Tools,164.0,SP500,,N,CORE,LOW,HEALTHCARE_EVENT_RISK,METADATA_ONLY_AUDIT; large-cap metadata row without forced review marker,KEEP_CORE
UNP,Union Pacific Corporation,US,Industrials,Ground Transportation,163.0,SP500,,N,CORE,LOW,NONE,METADATA_ONLY_AUDIT; large-cap metadata row without forced review marker,KEEP_CORE
GILD,Gilead Sciences Inc.,US,Health Care,Biotechnology,160.0,SP500+NDX,,N,EXTENDED,MEDIUM,BIOTECH_RISK;HEALTHCARE_EVENT_RISK,MARKET_CAP_BELOW_THRESHOLD; METADATA_ONLY_AUDIT; below core threshold but retained for extended monitoring,KEEP_EXTENDED
SCHW,The Charles Schwab Corporation,US,Financials,Capital Markets,160.0,SP500,,N,CORE,LOW,NONE,METADATA_ONLY_AUDIT; large-cap metadata row without forced review marker,KEEP_CORE
WDC,Western Digital Corporation,US,Information Technology,Technology Hardware,158.0,SP500+NDX,,N,CORE,LOW,NONE,METADATA_ONLY_AUDIT; large-cap metadata row without forced review marker,KEEP_CORE
CRWD,CrowdStrike Holdings Inc.,US,Information Technology,Software,157.0,SP500+NDX,,N,CORE,LOW,NONE,METADATA_ONLY_AUDIT; large-cap metadata row without forced review marker,KEEP_CORE
ISRG,Intuitive Surgical Inc.,US,Health Care,Health Care Equipment,155.0,SP500+NDX,,N,CORE,LOW,HEALTHCARE_EVENT_RISK,METADATA_ONLY_AUDIT; large-cap metadata row without forced review marker,KEEP_CORE
DELL,Dell Technologies Inc.,US,Information Technology,Technology Hardware,154.0,SP500,,N,CORE,LOW,NONE,METADATA_ONLY_AUDIT; large-cap metadata row without forced review marker,KEEP_CORE
GLW,Corning Incorporated,US,Information Technology,Electronic Components,153.0,SP500,,N,CORE,LOW,NONE,METADATA_ONLY_AUDIT; large-cap metadata row without forced review marker,KEEP_CORE
ABT,Abbott Laboratories,US,Health Care,Health Care Equipment,153.0,SP500,,N,CORE,LOW,HEALTHCARE_EVENT_RISK,METADATA_ONLY_AUDIT; large-cap metadata row without forced review marker,KEEP_CORE
UBER,Uber Technologies Inc.,US,Industrials,Ground Transportation,152.0,SP500,,N,CORE,LOW,NONE,METADATA_ONLY_AUDIT; large-cap metadata row without forced review marker,KEEP_CORE
DE,Deere & Company,US,Industrials,Machinery,152.0,SP500,,N,CORE,LOW,NONE,METADATA_ONLY_AUDIT; large-cap metadata row without forced review marker,KEEP_CORE
COP,ConocoPhillips,US,Energy,Oil Gas & Consumable Fuels,151.0,SP500,,N,CORE,LOW,NONE,METADATA_ONLY_AUDIT; large-cap metadata row without forced review marker,KEEP_CORE
WELL,Welltower Inc.,US,Real Estate,Health Care REITs,150.0,SP500,,N,CORE,LOW,NONE,METADATA_ONLY_AUDIT; large-cap metadata row without forced review marker,KEEP_CORE
APH,Amphenol Corporation,US,Information Technology,Electronic Components,149.0,SP500,,N,CORE,LOW,NONE,METADATA_ONLY_AUDIT; large-cap metadata row without forced review marker,KEEP_CORE
ETN,Eaton Corporation plc,US,Industrials,Electrical Equipment,148.0,SP500,,N,CORE,LOW,NONE,METADATA_ONLY_AUDIT; large-cap metadata row without forced review marker,KEEP_CORE
CRM,Salesforce Inc.,US,Information Technology,Software,146.0,SP500,,N,CORE,LOW,NONE,METADATA_ONLY_AUDIT; large-cap metadata row without forced review marker,KEEP_CORE
PFE,Pfizer Inc.,US,Health Care,Pharmaceuticals,144.0,SP500,,Y,HIGH_RISK_REVIEW,HIGH,TURNAROUND_RISK;HEALTHCARE_EVENT_RISK,TURNAROUND_IN_PROGRESS; METADATA_ONLY_AUDIT; turnaround flag prevents core classification,REVIEW_BEFORE_SCORING
BX,Blackstone Inc.,US,Financials,Capital Markets,143.0,SP500,,N,CORE,LOW,NONE,METADATA_ONLY_AUDIT; large-cap metadata row without forced review marker,KEEP_CORE
HON,Honeywell International Inc.,US,Industrials,Industrial Conglomerates,137.0,SP500+NDX,,N,CORE,LOW,NONE,METADATA_ONLY_AUDIT; large-cap metadata row without forced review marker,KEEP_CORE
PLD,Prologis Inc.,US,Real Estate,Industrial REITs,135.0,SP500,,N,CORE,LOW,NONE,METADATA_ONLY_AUDIT; large-cap metadata row without forced review marker,KEEP_CORE
VRT,Vertiv Holdings Co,US,Industrials,Electrical Equipment,130.0,SP500,,N,CORE,LOW,NONE,METADATA_ONLY_AUDIT; large-cap metadata row without forced review marker,KEEP_CORE
CB,Chubb Limited,US,Financials,Insurance,128.0,SP500,,N,CORE,LOW,NONE,METADATA_ONLY_AUDIT; large-cap metadata row without forced review marker,KEEP_CORE
SPGI,S&P Global Inc.,US,Financials,Capital Markets,123.0,SP500,,N,CORE,LOW,NONE,METADATA_ONLY_AUDIT; large-cap metadata row without forced review marker,KEEP_CORE
MO,Altria Group Inc.,US,Consumer Staples,Tobacco,123.0,SP500,,N,CORE,LOW,NONE,METADATA_ONLY_AUDIT; large-cap metadata row without forced review marker,KEEP_CORE
CVS,CVS Health Corporation,US,Health Care,Health Care Providers,122.0,SP500,,Y,HIGH_RISK_REVIEW,HIGH,TURNAROUND_RISK;HEALTHCARE_EVENT_RISK,TURNAROUND_IN_PROGRESS; METADATA_ONLY_AUDIT; turnaround flag prevents core classification,REVIEW_BEFORE_SCORING
LOW,Lowe's Companies Inc.,US,Consumer Discretionary,Specialty Retail,122.0,SP500,,N,CORE,LOW,NONE,METADATA_ONLY_AUDIT; large-cap metadata row without forced review marker,KEEP_CORE
LMT,Lockheed Martin Corporation,US,Industrials,Aerospace & Defense,121.0,SP500,,N,CORE,LOW,NONE,METADATA_ONLY_AUDIT; large-cap metadata row without forced review marker,KEEP_CORE
SBUX,Starbucks Corporation,US,Consumer Discretionary,Hotels Restaurants,121.0,SP500+NDX,,Y,HIGH_RISK_REVIEW,HIGH,TURNAROUND_RISK,TURNAROUND_IN_PROGRESS; METADATA_ONLY_AUDIT; turnaround flag prevents core classification,REVIEW_BEFORE_SCORING
BKNG,Booking Holdings Inc.,US,Consumer Discretionary,Hotels Restaurants,120.0,SP500+NDX,,N,CORE,LOW,NONE,METADATA_ONLY_AUDIT; large-cap metadata row without forced review marker,KEEP_CORE
SYK,Stryker Corporation,US,Health Care,Health Care Equipment,120.0,SP500,,N,CORE,LOW,HEALTHCARE_EVENT_RISK,METADATA_ONLY_AUDIT; large-cap metadata row without forced review marker,KEEP_CORE
PGR,The Progressive Corporation,US,Financials,Insurance,119.0,SP500,,N,CORE,LOW,NONE,METADATA_ONLY_AUDIT; large-cap metadata row without forced review marker,KEEP_CORE
NEM,Newmont Corporation,US,Materials,Metals & Mining,117.0,SP500,,N,CORE,LOW,NONE,METADATA_ONLY_AUDIT; large-cap metadata row without forced review marker,KEEP_CORE
BMY,Bristol-Myers Squibb Company,US,Health Care,Pharmaceuticals,117.0,SP500,,N,CORE,LOW,NONE,METADATA_ONLY_AUDIT; large-cap metadata row without forced review marker,KEEP_CORE
COF,Capital One Financial Corporation,US,Financials,Consumer Finance,116.0,SP500,,N,CORE,LOW,NONE,METADATA_ONLY_AUDIT; large-cap metadata row without forced review marker,KEEP_CORE
DHR,Danaher Corporation,US,Health Care,Life Sciences Tools,115.0,SP500,,N,CORE,LOW,HEALTHCARE_EVENT_RISK,METADATA_ONLY_AUDIT; large-cap metadata row without forced review marker,KEEP_CORE
INTU,Intuit Inc.,US,Information Technology,Software,111.0,SP500+NDX,,N,CORE,LOW,NONE,METADATA_ONLY_AUDIT; large-cap metadata row without forced review marker,KEEP_CORE
VRTX,Vertex Pharmaceuticals Incorporated,US,Health Care,Biotechnology,110.0,SP500+NDX,,N,EXTENDED,MEDIUM,BIOTECH_RISK;HEALTHCARE_EVENT_RISK,MARKET_CAP_BELOW_THRESHOLD; METADATA_ONLY_AUDIT; below core threshold but retained for extended monitoring,KEEP_EXTENDED
CME,CME Group Inc.,US,Financials,Capital Markets,110.0,SP500+NDX,,N,CORE,LOW,NONE,METADATA_ONLY_AUDIT; large-cap metadata row without forced review marker,KEEP_CORE
ACN,Accenture plc,US,Information Technology,IT Services,109.0,SP500,,N,CORE,LOW,NONE,METADATA_ONLY_AUDIT; large-cap metadata row without forced review marker,KEEP_CORE
PWR,Quanta Services Inc.,US,Industrials,Construction & Engineering,108.0,SP500,,N,CORE,LOW,NONE,METADATA_ONLY_AUDIT; large-cap metadata row without forced review marker,KEEP_CORE
PH,Parker-Hannifin Corporation,US,Industrials,Machinery,108.0,SP500,,N,CORE,LOW,NONE,METADATA_ONLY_AUDIT; large-cap metadata row without forced review marker,KEEP_CORE
NOW,ServiceNow Inc.,US,Information Technology,Software,106.0,SP500,,N,CORE,LOW,NONE,METADATA_ONLY_AUDIT; large-cap metadata row without forced review marker,KEEP_CORE
SO,The Southern Company,US,Utilities,Electric Utilities,105.0,SP500,DEFENSIVE,N,CORE,LOW,NONE,METADATA_ONLY_AUDIT; large-cap metadata row without forced review marker,KEEP_CORE
EQIX,Equinix Inc.,US,Real Estate,Specialized REITs,104.0,SP500+NDX,,N,CORE,LOW,NONE,METADATA_ONLY_AUDIT; large-cap metadata row without forced review marker,KEEP_CORE
ADBE,Adobe Inc.,US,Information Technology,Software,103.0,SP500+NDX,,N,CORE,LOW,NONE,METADATA_ONLY_AUDIT; large-cap metadata row without forced review marker,KEEP_CORE
HWM,Howmet Aerospace Inc.,US,Industrials,Aerospace & Defense,102.0,SP500,,N,CORE,LOW,NONE,METADATA_ONLY_AUDIT; large-cap metadata row without forced review marker,KEEP_CORE
TT,Trane Technologies plc,US,Industrials,Building Products,101.0,SP500,,N,CORE,LOW,NONE,METADATA_ONLY_AUDIT; large-cap metadata row without forced review marker,KEEP_CORE
MDT,Medtronic plc,US,Health Care,Health Care Equipment,99.0,SP500,,N,CORE,LOW,HEALTHCARE_EVENT_RISK,METADATA_ONLY_AUDIT; large-cap metadata row without forced review marker,KEEP_CORE
DUK,Duke Energy Corporation,US,Utilities,Electric Utilities,95.0,SP500,DEFENSIVE,N,CORE,LOW,NONE,METADATA_ONLY_AUDIT; large-cap metadata row without forced review marker,KEEP_CORE
SNPS,Synopsys Inc.,US,Information Technology,Software,95.0,SP500+NDX,,N,CORE,LOW,NONE,METADATA_ONLY_AUDIT; large-cap metadata row without forced review marker,KEEP_CORE
CDNS,Cadence Design Systems Inc.,US,Information Technology,Software,95.0,SP500+NDX,,N,CORE,LOW,NONE,METADATA_ONLY_AUDIT; large-cap metadata row without forced review marker,KEEP_CORE
WMB,The Williams Companies Inc.,US,Energy,Oil Gas & Consumable Fuels,95.0,SP500,,N,CORE,LOW,NONE,METADATA_ONLY_AUDIT; large-cap metadata row without forced review marker,KEEP_CORE
MAR,Marriott International Inc.,US,Consumer Discretionary,Hotels Restaurants,94.0,SP500+NDX,,N,CORE,LOW,NONE,METADATA_ONLY_AUDIT; large-cap metadata row without forced review marker,KEEP_CORE
CEG,Constellation Energy Corporation,US,Utilities,Electric Utilities,94.0,SP500+NDX,,N,CORE,LOW,NONE,METADATA_ONLY_AUDIT; large-cap metadata row without forced review marker,KEEP_CORE
HCA,HCA Healthcare Inc.,US,Health Care,Health Care Providers,93.0,SP500,,N,CORE,LOW,HEALTHCARE_EVENT_RISK,METADATA_ONLY_AUDIT; large-cap metadata row without forced review marker,KEEP_CORE
BK,The Bank of New York Mellon Corporation,US,Financials,Capital Markets,93.0,SP500,,N,CORE,LOW,NONE,METADATA_ONLY_AUDIT; large-cap metadata row without forced review marker,KEEP_CORE
CMI,Cummins Inc.,US,Industrials,Machinery,93.0,SP500,,N,CORE,LOW,NONE,METADATA_ONLY_AUDIT; large-cap metadata row without forced review marker,KEEP_CORE
MCK,McKesson Corporation,US,Health Care,Health Care Providers,93.0,SP500,,N,CORE,LOW,HEALTHCARE_EVENT_RISK,METADATA_ONLY_AUDIT; large-cap metadata row without forced review marker,KEEP_CORE
FTNT,Fortinet Inc.,US,Information Technology,Software,92.0,SP500+NDX,,N,CORE,LOW,NONE,METADATA_ONLY_AUDIT; large-cap metadata row without forced review marker,KEEP_CORE
GD,General Dynamics Corporation,US,Industrials,Aerospace & Defense,92.0,SP500,,N,CORE,LOW,NONE,METADATA_ONLY_AUDIT; large-cap metadata row without forced review marker,KEEP_CORE
WM,Waste Management Inc.,US,Industrials,Commercial Services,89.0,SP500,,N,CORE,LOW,NONE,METADATA_ONLY_AUDIT; large-cap metadata row without forced review marker,KEEP_CORE
ADP,Automatic Data Processing Inc.,US,Industrials,Professional Services,89.0,SP500+NDX,,N,CORE,LOW,NONE,METADATA_ONLY_AUDIT; large-cap metadata row without forced review marker,KEEP_CORE
CMCSA,Comcast Corporation,US,Communication Services,Media,89.0,SP500+NDX,,N,CORE,LOW,NONE,METADATA_ONLY_AUDIT; large-cap metadata row without forced review marker,KEEP_CORE
ICE,Intercontinental Exchange Inc.,US,Financials,Capital Markets,88.0,SP500,,N,CORE,LOW,NONE,METADATA_ONLY_AUDIT; large-cap metadata row without forced review marker,KEEP_CORE
FDX,FedEx Corporation,US,Industrials,Air Freight & Logistics,88.0,SP500,,N,CORE,LOW,NONE,METADATA_ONLY_AUDIT; large-cap metadata row without forced review marker,KEEP_CORE
FCX,Freeport-McMoRan Inc.,US,Materials,Metals & Mining,86.0,SP500,,N,CORE,LOW,NONE,METADATA_ONLY_AUDIT; large-cap metadata row without forced review marker,KEEP_CORE
MNST,Monster Beverage Corporation,US,Consumer Staples,Beverages,86.0,SP500+NDX,,N,CORE,LOW,NONE,METADATA_ONLY_AUDIT; large-cap metadata row without forced review marker,KEEP_CORE
KKR,KKR & Co. Inc.,US,Financials,Capital Markets,86.0,SP500,,N,CORE,LOW,NONE,METADATA_ONLY_AUDIT; large-cap metadata row without forced review marker,KEEP_CORE
CSX,CSX Corporation,US,Industrials,Ground Transportation,85.0,SP500+NDX,,N,CORE,LOW,NONE,METADATA_ONLY_AUDIT; large-cap metadata row without forced review marker,KEEP_CORE
PNC,The PNC Financial Services Group Inc.,US,Financials,Banks,85.0,SP500,,N,CORE,LOW,NONE,METADATA_ONLY_AUDIT; large-cap metadata row without forced review marker,KEEP_CORE
ELV,Elevance Health Inc.,US,Health Care,Health Care Providers,85.0,SP500,,N,CORE,LOW,HEALTHCARE_EVENT_RISK,METADATA_ONLY_AUDIT; large-cap metadata row without forced review marker,KEEP_CORE
SLB,SLB N.V.,US,Energy,Energy Equipment,85.0,SP500,,N,CORE,LOW,NONE,METADATA_ONLY_AUDIT; large-cap metadata row without forced review marker,KEEP_CORE
JCI,Johnson Controls International plc,US,Industrials,Building Products,83.0,SP500,,N,CORE,LOW,NONE,METADATA_ONLY_AUDIT; large-cap metadata row without forced review marker,KEEP_CORE
BSX,Boston Scientific Corporation,US,Health Care,Health Care Equipment,83.0,SP500,,N,CORE,LOW,HEALTHCARE_EVENT_RISK,METADATA_ONLY_AUDIT; large-cap metadata row without forced review marker,KEEP_CORE
USB,U.S. Bancorp,US,Financials,Banks,82.0,SP500,,N,CORE,LOW,NONE,METADATA_ONLY_AUDIT; large-cap metadata row without forced review marker,KEEP_CORE
AMT,American Tower Corporation,US,Real Estate,Specialized REITs,82.0,SP500,,N,CORE,LOW,NONE,METADATA_ONLY_AUDIT; large-cap metadata row without forced review marker,KEEP_CORE
UPS,United Parcel Service Inc.,US,Industrials,Air Freight & Logistics,81.0,SP500,,N,CORE,LOW,NONE,METADATA_ONLY_AUDIT; large-cap metadata row without forced review marker,KEEP_CORE
MMC,Marsh & McLennan Companies Inc.,US,Financials,Insurance,79.0,SP500,,N,CORE,LOW,NONE,METADATA_ONLY_AUDIT; large-cap metadata row without forced review marker,KEEP_CORE
ABNB,Airbnb Inc.,US,Consumer Discretionary,Hotels Restaurants,79.0,SP500+NDX,,N,CORE,LOW,NONE,METADATA_ONLY_AUDIT; large-cap metadata row without forced review marker,KEEP_CORE
MMM,3M Company,US,Industrials,Industrial Conglomerates,79.0,SP500,,N,CORE,LOW,NONE,METADATA_ONLY_AUDIT; large-cap metadata row without forced review marker,KEEP_CORE
MDLZ,Mondelez International Inc.,US,Consumer Staples,Food Products,79.0,SP500+NDX,,N,CORE,LOW,NONE,METADATA_ONLY_AUDIT; large-cap metadata row without forced review marker,KEEP_CORE
NOC,Northrop Grumman Corporation,US,Industrials,Aerospace & Defense,78.0,SP500,,N,CORE,LOW,NONE,METADATA_ONLY_AUDIT; large-cap metadata row without forced review marker,KEEP_CORE
MCO,Moody's Corporation,US,Financials,Capital Markets,77.0,SP500,,N,CORE,LOW,NONE,METADATA_ONLY_AUDIT; large-cap metadata row without forced review marker,KEEP_CORE
APO,Apollo Global Management Inc.,US,Financials,Capital Markets,77.0,SP500,,N,CORE,LOW,NONE,METADATA_ONLY_AUDIT; large-cap metadata row without forced review marker,KEEP_CORE
VLO,Valero Energy Corporation,US,Energy,Oil Gas & Consumable Fuels,76.0,SP500,,N,CORE,LOW,NONE,METADATA_ONLY_AUDIT; large-cap metadata row without forced review marker,KEEP_CORE
SPG,Simon Property Group Inc.,US,Real Estate,Retail REITs,76.0,SP500,,N,CORE,LOW,NONE,METADATA_ONLY_AUDIT; large-cap metadata row without forced review marker,KEEP_CORE
EOG,EOG Resources Inc.,US,Energy,Oil Gas & Consumable Fuels,76.0,SP500,,N,CORE,LOW,NONE,METADATA_ONLY_AUDIT; large-cap metadata row without forced review marker,KEEP_CORE
ORLY,O'Reilly Automotive Inc.,US,Consumer Discretionary,Specialty Retail,76.0,SP500+NDX,,N,CORE,LOW,NONE,METADATA_ONLY_AUDIT; large-cap metadata row without forced review marker,KEEP_CORE
CI,The Cigna Group,US,Health Care,Health Care Providers,75.0,SP500,,N,CORE,LOW,HEALTHCARE_EVENT_RISK,METADATA_ONLY_AUDIT; large-cap metadata row without forced review marker,KEEP_CORE
MPC,Marathon Petroleum Corporation,US,Energy,Oil Gas & Consumable Fuels,75.0,SP500,,N,CORE,LOW,NONE,METADATA_ONLY_AUDIT; large-cap metadata row without forced review marker,KEEP_CORE
KMI,Kinder Morgan Inc.,US,Energy,Oil Gas & Consumable Fuels,75.0,SP500,,N,CORE,LOW,NONE,METADATA_ONLY_AUDIT; large-cap metadata row without forced review marker,KEEP_CORE
DDOG,Datadog Inc.,US,Information Technology,Software,74.0,SP500+NDX,,N,CORE,LOW,NONE,METADATA_ONLY_AUDIT; large-cap metadata row without forced review marker,KEEP_CORE
SHW,The Sherwin-Williams Company,US,Materials,Chemicals,74.0,SP500,,N,CORE,LOW,NONE,METADATA_ONLY_AUDIT; large-cap metadata row without forced review marker,KEEP_CORE
CIEN,Ciena Corporation,US,Information Technology,Communications Equipment,74.0,SP500,,N,CORE,LOW,NONE,METADATA_ONLY_AUDIT; large-cap metadata row without forced review marker,KEEP_CORE
EMR,Emerson Electric Co.,US,Industrials,Electrical Equipment,74.0,SP500,,N,CORE,LOW,NONE,METADATA_ONLY_AUDIT; large-cap metadata row without forced review marker,KEEP_CORE
NXPI,NXP Semiconductors N.V.,US,Information Technology,Semiconductors,73.0,SP500+NDX,,N,CORE,LOW,NONE,METADATA_ONLY_AUDIT; large-cap metadata row without forced review marker,KEEP_CORE
MPWR,Monolithic Power Systems Inc.,US,Information Technology,Semiconductors,73.0,SP500+NDX,,N,CORE,LOW,NONE,METADATA_ONLY_AUDIT; large-cap metadata row without forced review marker,KEEP_CORE
CVNA,Carvana Co.,US,Consumer Discretionary,Specialty Retail,72.0,SP500,,N,CORE,LOW,NONE,METADATA_ONLY_AUDIT; large-cap metadata row without forced review marker,KEEP_CORE
HLT,Hilton Worldwide Holdings Inc.,US,Consumer Discretionary,Hotels Restaurants,72.0,SP500,,N,CORE,LOW,NONE,METADATA_ONLY_AUDIT; large-cap metadata row without forced review marker,KEEP_CORE
PSX,Phillips 66,US,Energy,Oil Gas & Consumable Fuels,72.0,SP500,,N,CORE,LOW,NONE,METADATA_ONLY_AUDIT; large-cap metadata row without forced review marker,KEEP_CORE
CL,Colgate-Palmolive Company,US,Consumer Staples,Household Products,71.0,SP500,,N,CORE,LOW,NONE,METADATA_ONLY_AUDIT; large-cap metadata row without forced review marker,KEEP_CORE
NSC,Norfolk Southern Corporation,US,Industrials,Ground Transportation,71.0,SP500,,N,CORE,LOW,NONE,METADATA_ONLY_AUDIT; large-cap metadata row without forced review marker,KEEP_CORE
ITW,Illinois Tool Works Inc.,US,Industrials,Machinery,71.0,SP500,,N,CORE,LOW,NONE,METADATA_ONLY_AUDIT; large-cap metadata row without forced review marker,KEEP_CORE
COHR,Coherent Corp.,US,Information Technology,Communications Equipment,70.0,SP500,,N,CORE,LOW,NONE,METADATA_ONLY_AUDIT; large-cap metadata row without forced review marker,KEEP_CORE
DASH,DoorDash Inc.,US,Consumer Discretionary,Hotels Restaurants,70.0,SP500+NDX,,N,CORE,LOW,NONE,METADATA_ONLY_AUDIT; large-cap metadata row without forced review marker,KEEP_CORE
ECL,Ecolab Inc.,US,Materials,Chemicals,70.0,SP500,,N,CORE,LOW,NONE,METADATA_ONLY_AUDIT; large-cap metadata row without forced review marker,KEEP_CORE
CTAS,Cintas Corporation,US,Industrials,Commercial Services,69.0,SP500+NDX,,N,CORE,LOW,NONE,METADATA_ONLY_AUDIT; large-cap metadata row without forced review marker,KEEP_CORE
AON,Aon plc,US,Financials,Insurance,69.0,SP500,,N,CORE,LOW,NONE,METADATA_ONLY_AUDIT; large-cap metadata row without forced review marker,KEEP_CORE
HOOD,Robinhood Markets Inc.,US,Financials,Capital Markets,69.0,SP500,,N,CORE,LOW,NONE,METADATA_ONLY_AUDIT; large-cap metadata row without forced review marker,KEEP_CORE
AEP,American Electric Power Company Inc.,US,Utilities,Electric Utilities,69.0,SP500+NDX,,N,CORE,LOW,NONE,METADATA_ONLY_AUDIT; large-cap metadata row without forced review marker,KEEP_CORE
CRH,CRH plc,US,Materials,Construction Materials,69.0,SP500,,N,CORE,LOW,NONE,METADATA_ONLY_AUDIT; large-cap metadata row without forced review marker,KEEP_CORE
MSI,Motorola Solutions Inc.,US,Information Technology,Communications Equipment,68.0,SP500,,N,CORE,LOW,NONE,METADATA_ONLY_AUDIT; large-cap metadata row without forced review marker,KEEP_CORE
ROST,Ross Stores Inc.,US,Consumer Discretionary,Specialty Retail,68.0,SP500+NDX,,N,CORE,LOW,NONE,METADATA_ONLY_AUDIT; large-cap metadata row without forced review marker,KEEP_CORE
WBD,Warner Bros. Discovery Inc.,US,Communication Services,Entertainment,67.0,SP500+NDX,,Y,HIGH_RISK_REVIEW,HIGH,TURNAROUND_RISK,TURNAROUND_IN_PROGRESS; METADATA_ONLY_AUDIT; turnaround flag prevents core classification,REVIEW_BEFORE_SCORING
RCL,Royal Caribbean Cruises Ltd.,US,Consumer Discretionary,Hotels Restaurants,67.0,SP500,,N,CORE,LOW,NONE,METADATA_ONLY_AUDIT; large-cap metadata row without forced review marker,KEEP_CORE
DLR,Digital Realty Trust Inc.,US,Real Estate,Specialized REITs,67.0,SP500,,N,CORE,LOW,NONE,METADATA_ONLY_AUDIT; large-cap metadata row without forced review marker,KEEP_CORE
TDG,TransDigm Group Incorporated,US,Industrials,Aerospace & Defense,66.0,SP500,,N,CORE,LOW,NONE,METADATA_ONLY_AUDIT; large-cap metadata row without forced review marker,KEEP_CORE
RSG,Republic Services Inc.,US,Industrials,Commercial Services,66.0,SP500,,N,CORE,LOW,NONE,METADATA_ONLY_AUDIT; large-cap metadata row without forced review marker,KEEP_CORE
GM,General Motors Company,US,Consumer Discretionary,Automobiles,65.0,SP500,,Y,HIGH_RISK_REVIEW,HIGH,TURNAROUND_RISK,TURNAROUND_IN_PROGRESS; METADATA_ONLY_AUDIT; turnaround flag prevents core classification,REVIEW_BEFORE_SCORING
BKR,Baker Hughes Company,US,Energy,Energy Equipment,65.0,SP500+NDX,,N,CORE,LOW,NONE,METADATA_ONLY_AUDIT; large-cap metadata row without forced review marker,KEEP_CORE
APD,Air Products and Chemicals Inc.,US,Materials,Chemicals,65.0,SP500,,N,CORE,LOW,NONE,METADATA_ONLY_AUDIT; large-cap metadata row without forced review marker,KEEP_CORE
FIX,Comfort Systems USA Inc.,US,Industrials,Construction & Engineering,65.0,SP500,,N,CORE,LOW,NONE,METADATA_ONLY_AUDIT; large-cap metadata row without forced review marker,KEEP_CORE
TRV,The Travelers Companies Inc.,US,Financials,Insurance,65.0,SP500,,N,CORE,LOW,NONE,METADATA_ONLY_AUDIT; large-cap metadata row without forced review marker,KEEP_CORE
REGN,Regeneron Pharmaceuticals Inc.,US,Health Care,Biotechnology,64.0,SP500+NDX,,N,HIGH_RISK_REVIEW,HIGH,BIOTECH_RISK;HEALTHCARE_EVENT_RISK,BIOTECH_CLINICAL_RISK; METADATA_ONLY_AUDIT; mid-large biotechnology row needs review before scoring,REVIEW_BEFORE_SCORING
LITE,Lumentum Holdings Inc.,US,Information Technology,Communications Equipment,63.0,SP500,,N,CORE,LOW,NONE,METADATA_ONLY_AUDIT; large-cap metadata row without forced review marker,KEEP_CORE
NKE,NIKE Inc.,US,Consumer Discretionary,Textiles & Apparel,63.0,SP500,,Y,HIGH_RISK_REVIEW,HIGH,TURNAROUND_RISK,TURNAROUND_IN_PROGRESS; METADATA_ONLY_AUDIT; turnaround flag prevents core classification,REVIEW_BEFORE_SCORING
AFL,Aflac Incorporated,US,Financials,Insurance,60.0,SP500,,N,CORE,LOW,NONE,METADATA_ONLY_AUDIT; large-cap metadata row without forced review marker,KEEP_CORE
GWW,W.W. Grainger Inc.,US,Industrials,Trading Companies,59.0,SP500,,N,CORE,LOW,NONE,METADATA_ONLY_AUDIT; large-cap metadata row without forced review marker,KEEP_CORE
D,Dominion Energy Inc.,US,Utilities,Multi-Utilities,59.0,SP500,,N,CORE,LOW,NONE,METADATA_ONLY_AUDIT; large-cap metadata row without forced review marker,KEEP_CORE
OXY,Occidental Petroleum Corporation,US,Energy,Oil Gas & Consumable Fuels,59.0,SP500,,N,CORE,LOW,NONE,METADATA_ONLY_AUDIT; large-cap metadata row without forced review marker,KEEP_CORE
URI,United Rentals Inc.,US,Industrials,Trading Companies,59.0,SP500,,N,CORE,LOW,NONE,METADATA_ONLY_AUDIT; large-cap metadata row without forced review marker,KEEP_CORE
OKE,ONEOK Inc.,US,Energy,Oil Gas & Consumable Fuels,59.0,SP500,,N,CORE,LOW,NONE,METADATA_ONLY_AUDIT; large-cap metadata row without forced review marker,KEEP_CORE
SRE,Sempra,US,Utilities,Multi-Utilities,58.0,SP500,,N,CORE,LOW,NONE,METADATA_ONLY_AUDIT; large-cap metadata row without forced review marker,KEEP_CORE
TRGP,Targa Resources Corp.,US,Energy,Oil Gas & Consumable Fuels,58.0,SP500,,N,CORE,LOW,NONE,METADATA_ONLY_AUDIT; large-cap metadata row without forced review marker,KEEP_CORE
PCAR,PACCAR Inc,US,Industrials,Machinery,58.0,SP500+NDX,,N,CORE,LOW,NONE,METADATA_ONLY_AUDIT; large-cap metadata row without forced review marker,KEEP_CORE
TFC,Truist Financial Corporation,US,Financials,Banks,58.0,SP500,,N,CORE,LOW,NONE,METADATA_ONLY_AUDIT; large-cap metadata row without forced review marker,KEEP_CORE
TEL,TE Connectivity plc,US,Information Technology,Electronic Components,58.0,SP500,,N,CORE,LOW,NONE,METADATA_ONLY_AUDIT; large-cap metadata row without forced review marker,KEEP_CORE
KEYS,Keysight Technologies Inc.,US,Information Technology,Electronic Equipment,58.0,SP500,,N,CORE,LOW,NONE,METADATA_ONLY_AUDIT; large-cap metadata row without forced review marker,KEEP_CORE
LHX,L3Harris Technologies Inc.,US,Industrials,Aerospace & Defense,57.0,SP500,,N,CORE,LOW,NONE,METADATA_ONLY_AUDIT; large-cap metadata row without forced review marker,KEEP_CORE
FANG,Diamondback Energy Inc.,US,Energy,Oil Gas & Consumable Fuels,57.0,SP500+NDX,,N,CORE,LOW,NONE,METADATA_ONLY_AUDIT; large-cap metadata row without forced review marker,KEEP_CORE
O,Realty Income Corporation,US,Real Estate,Retail REITs,57.0,SP500,,N,CORE,LOW,NONE,METADATA_ONLY_AUDIT; large-cap metadata row without forced review marker,KEEP_CORE
DVN,Devon Energy Corporation,US,Energy,Oil Gas & Consumable Fuels,57.0,SP500,,N,CORE,LOW,NONE,METADATA_ONLY_AUDIT; large-cap metadata row without forced review marker,KEEP_CORE
ALL,The Allstate Corporation,US,Financials,Insurance,56.0,SP500,,N,CORE,LOW,NONE,METADATA_ONLY_AUDIT; large-cap metadata row without forced review marker,KEEP_CORE
TGT,Target Corporation,US,Consumer Staples,Consumer Staples Distribution,56.0,SP500,,Y,HIGH_RISK_REVIEW,HIGH,TURNAROUND_RISK,TURNAROUND_IN_PROGRESS; METADATA_ONLY_AUDIT; turnaround flag prevents core classification,REVIEW_BEFORE_SCORING
AZO,AutoZone Inc.,US,Consumer Discretionary,Specialty Retail,55.0,SP500,,N,CORE,LOW,NONE,METADATA_ONLY_AUDIT; large-cap metadata row without forced review marker,KEEP_CORE
CTVA,Corteva Inc.,US,Materials,Chemicals,54.0,SP500,,N,CORE,LOW,NONE,METADATA_ONLY_AUDIT; large-cap metadata row without forced review marker,KEEP_CORE
CARR,Carrier Global Corporation,US,Industrials,Building Products,53.0,SP500,,N,CORE,LOW,NONE,METADATA_ONLY_AUDIT; large-cap metadata row without forced review marker,KEEP_CORE
AJG,Arthur J. Gallagher & Co.,US,Financials,Insurance,53.0,SP500,,N,CORE,LOW,NONE,METADATA_ONLY_AUDIT; large-cap metadata row without forced review marker,KEEP_CORE
MET,MetLife Inc.,US,Financials,Insurance,52.0,SP500,,N,CORE,LOW,NONE,METADATA_ONLY_AUDIT; large-cap metadata row without forced review marker,KEEP_CORE
NDAQ,Nasdaq Inc.,US,Financials,Capital Markets,52.0,SP500,,N,CORE,LOW,NONE,METADATA_ONLY_AUDIT; large-cap metadata row without forced review marker,KEEP_CORE
PSA,Public Storage,US,Real Estate,Specialized REITs,52.0,SP500,,N,CORE,LOW,NONE,METADATA_ONLY_AUDIT; large-cap metadata row without forced review marker,KEEP_CORE
F,Ford Motor Company,US,Consumer Discretionary,Automobiles,51.0,SP500,,Y,HIGH_RISK_REVIEW,HIGH,TURNAROUND_RISK,TURNAROUND_IN_PROGRESS; METADATA_ONLY_AUDIT; turnaround flag prevents core classification,REVIEW_BEFORE_SCORING
AME,AMETEK Inc.,US,Industrials,Electrical Equipment,51.0,SP500,,N,CORE,LOW,NONE,METADATA_ONLY_AUDIT; large-cap metadata row without forced review marker,KEEP_CORE
NUE,Nucor Corporation,US,Materials,Metals & Mining,51.0,SP500,,N,CORE,LOW,NONE,METADATA_ONLY_AUDIT; large-cap metadata row without forced review marker,KEEP_CORE
ADSK,Autodesk Inc.,US,Information Technology,Software,51.0,SP500+NDX,,N,CORE,LOW,NONE,METADATA_ONLY_AUDIT; large-cap metadata row without forced review marker,KEEP_CORE
COR,Cencora Inc.,US,Health Care,Health Care Providers,50.0,SP500,,N,CORE,LOW,HEALTHCARE_EVENT_RISK,METADATA_ONLY_AUDIT; large-cap metadata row without forced review marker,KEEP_CORE
EBAY,eBay Inc.,US,Consumer Discretionary,Broadline Retail,50.0,SP500,,N,CORE,LOW,NONE,METADATA_ONLY_AUDIT; large-cap metadata row without forced review marker,KEEP_CORE
FAST,Fastenal Company,US,Industrials,Trading Companies,50.0,SP500+NDX,,N,CORE,LOW,NONE,METADATA_ONLY_AUDIT; large-cap metadata row without forced review marker,KEEP_CORE
EA,Electronic Arts Inc.,US,Communication Services,Entertainment,50.0,SP500+NDX,,N,CORE,LOW,NONE,METADATA_ONLY_AUDIT; large-cap metadata row without forced review marker,KEEP_CORE
TER,Teradyne Inc.,US,Information Technology,Semiconductor Equipment,50.0,SP500+NDX,,N,CORE,LOW,NONE,METADATA_ONLY_AUDIT; large-cap metadata row without forced review marker,KEEP_CORE
MCHP,Microchip Technology Incorporated,US,Information Technology,Semiconductors,50.0,SP500+NDX,,N,CORE,LOW,NONE,METADATA_ONLY_AUDIT; large-cap metadata row without forced review marker,KEEP_CORE
ETR,Entergy Corporation,US,Utilities,Electric Utilities,50.0,SP500,,N,CORE,LOW,NONE,METADATA_ONLY_AUDIT; large-cap metadata row without forced review marker,KEEP_CORE
COIN,Coinbase Global Inc.,US,Financials,Capital Markets,49.0,SP500,,N,EXTENDED,MEDIUM,NONE,MARKET_CAP_BELOW_THRESHOLD; METADATA_ONLY_AUDIT; below core threshold but retained for extended monitoring,KEEP_EXTENDED
XEL,Xcel Energy Inc.,US,Utilities,Electric Utilities,48.0,SP500+NDX,,N,EXTENDED,MEDIUM,NONE,MARKET_CAP_BELOW_THRESHOLD; METADATA_ONLY_AUDIT; below core threshold but retained for extended monitoring,KEEP_EXTENDED
ROK,Rockwell Automation Inc.,US,Industrials,Electrical Equipment,48.0,SP500,,N,EXTENDED,MEDIUM,NONE,MARKET_CAP_BELOW_THRESHOLD; METADATA_ONLY_AUDIT; below core threshold but retained for extended monitoring,KEEP_EXTENDED
EW,Edwards Lifesciences Corporation,US,Health Care,Health Care Equipment,47.0,SP500,,N,EXTENDED,MEDIUM,HEALTHCARE_EVENT_RISK,MARKET_CAP_BELOW_THRESHOLD; METADATA_ONLY_AUDIT; below core threshold but retained for extended monitoring,KEEP_EXTENDED
CAH,Cardinal Health Inc.,US,Health Care,Health Care Providers,46.0,SP500,,N,EXTENDED,MEDIUM,HEALTHCARE_EVENT_RISK,MARKET_CAP_BELOW_THRESHOLD; METADATA_ONLY_AUDIT; below core threshold but retained for extended monitoring,KEEP_EXTENDED
VST,Vistra Corp.,US,Utilities,Independent Power Producers,46.0,SP500,,N,EXTENDED,MEDIUM,NONE,MARKET_CAP_BELOW_THRESHOLD; METADATA_ONLY_AUDIT; below core threshold but retained for extended monitoring,KEEP_EXTENDED
DAL,Delta Air Lines Inc.,US,Industrials,Passenger Airlines,45.0,SP500,,N,EXTENDED,MEDIUM,NONE,MARKET_CAP_BELOW_THRESHOLD; METADATA_ONLY_AUDIT; below core threshold but retained for extended monitoring,KEEP_EXTENDED
EXC,Exelon Corporation,US,Utilities,Electric Utilities,44.0,SP500+NDX,,N,EXTENDED,MEDIUM,NONE,MARKET_CAP_BELOW_THRESHOLD; METADATA_ONLY_AUDIT; below core threshold but retained for extended monitoring,KEEP_EXTENDED
TTWO,Take-Two Interactive Software Inc.,US,Communication Services,Entertainment,44.0,SP500+NDX,,N,EXTENDED,MEDIUM,NONE,MARKET_CAP_BELOW_THRESHOLD; METADATA_ONLY_AUDIT; below core threshold but retained for extended monitoring,KEEP_EXTENDED
WAB,Wabtec Corporation,US,Industrials,Machinery,44.0,SP500,,N,EXTENDED,MEDIUM,NONE,MARKET_CAP_BELOW_THRESHOLD; METADATA_ONLY_AUDIT; below core threshold but retained for extended monitoring,KEEP_EXTENDED
HPE,Hewlett Packard Enterprise Company,US,Information Technology,Technology Hardware,43.0,SP500,,N,EXTENDED,MEDIUM,NONE,MARKET_CAP_BELOW_THRESHOLD; METADATA_ONLY_AUDIT; below core threshold but retained for extended monitoring,KEEP_EXTENDED
GRMN,Garmin Ltd.,US,Consumer Discretionary,Household Durables,43.0,SP500,,N,EXTENDED,MEDIUM,NONE,MARKET_CAP_BELOW_THRESHOLD; METADATA_ONLY_AUDIT; below core threshold but retained for extended monitoring,KEEP_EXTENDED
FITB,Fifth Third Bancorp,US,Financials,Banks,43.0,SP500,,N,EXTENDED,MEDIUM,NONE,MARKET_CAP_BELOW_THRESHOLD; METADATA_ONLY_AUDIT; below core threshold but retained for extended monitoring,KEEP_EXTENDED
CMG,Chipotle Mexican Grill Inc.,US,Consumer Discretionary,Hotels Restaurants,43.0,SP500,,N,EXTENDED,MEDIUM,NONE,MARKET_CAP_BELOW_THRESHOLD; METADATA_ONLY_AUDIT; below core threshold but retained for extended monitoring,KEEP_EXTENDED
VTR,Ventas Inc.,US,Real Estate,Health Care REITs,43.0,SP500,,N,EXTENDED,MEDIUM,NONE,MARKET_CAP_BELOW_THRESHOLD; METADATA_ONLY_AUDIT; below core threshold but retained for extended monitoring,KEEP_EXTENDED
IDXX,IDEXX Laboratories Inc.,US,Health Care,Health Care Equipment,43.0,SP500+NDX,,N,EXTENDED,MEDIUM,HEALTHCARE_EVENT_RISK,MARKET_CAP_BELOW_THRESHOLD; METADATA_ONLY_AUDIT; below core threshold but retained for extended monitoring,KEEP_EXTENDED
ON,ON Semiconductor Corporation,US,Information Technology,Semiconductors,42.0,SP500,,N,EXTENDED,MEDIUM,NONE,MARKET_CAP_BELOW_THRESHOLD; METADATA_ONLY_AUDIT; below core threshold but retained for extended monitoring,KEEP_EXTENDED
STT,State Street Corporation,US,Financials,Capital Markets,42.0,SP500,,N,EXTENDED,MEDIUM,NONE,MARKET_CAP_BELOW_THRESHOLD; METADATA_ONLY_AUDIT; below core threshold but retained for extended monitoring,KEEP_EXTENDED
MSCI,MSCI Inc.,US,Financials,Capital Markets,42.0,SP500,,N,EXTENDED,MEDIUM,NONE,MARKET_CAP_BELOW_THRESHOLD; METADATA_ONLY_AUDIT; below core threshold but retained for extended monitoring,KEEP_EXTENDED
ODFL,Old Dominion Freight Line Inc.,US,Industrials,Ground Transportation,42.0,SP500+NDX,,N,EXTENDED,MEDIUM,NONE,MARKET_CAP_BELOW_THRESHOLD; METADATA_ONLY_AUDIT; below core threshold but retained for extended monitoring,KEEP_EXTENDED
AMP,Ameriprise Financial Inc.,US,Financials,Capital Markets,42.0,SP500,,N,EXTENDED,MEDIUM,NONE,MARKET_CAP_BELOW_THRESHOLD; METADATA_ONLY_AUDIT; below core threshold but retained for extended monitoring,KEEP_EXTENDED
XYZ,Block Inc.,US,Financials,Financial Services,42.0,SP500,,N,EXTENDED,MEDIUM,NONE,MARKET_CAP_BELOW_THRESHOLD; METADATA_ONLY_AUDIT; below core threshold but retained for extended monitoring,KEEP_EXTENDED
YUM,Yum! Brands Inc.,US,Consumer Discretionary,Hotels Restaurants,41.0,SP500,,N,EXTENDED,MEDIUM,NONE,MARKET_CAP_BELOW_THRESHOLD; METADATA_ONLY_AUDIT; below core threshold but retained for extended monitoring,KEEP_EXTENDED
KR,The Kroger Co.,US,Consumer Staples,Consumer Staples Distribution,41.0,SP500,,N,EXTENDED,MEDIUM,NONE,MARKET_CAP_BELOW_THRESHOLD; METADATA_ONLY_AUDIT; below core threshold but retained for extended monitoring,KEEP_EXTENDED
AIG,American International Group Inc.,US,Financials,Insurance,41.0,SP500,,N,EXTENDED,MEDIUM,NONE,MARKET_CAP_BELOW_THRESHOLD; METADATA_ONLY_AUDIT; below core threshold but retained for extended monitoring,KEEP_EXTENDED
ARES,Ares Management Corporation,US,Financials,Capital Markets,40.0,SP500,,N,EXTENDED,MEDIUM,NONE,MARKET_CAP_BELOW_THRESHOLD; METADATA_ONLY_AUDIT; below core threshold but retained for extended monitoring,KEEP_EXTENDED
KDP,Keurig Dr Pepper Inc.,US,Consumer Staples,Beverages,40.0,SP500+NDX,,N,EXTENDED,MEDIUM,NONE,MARKET_CAP_BELOW_THRESHOLD; METADATA_ONLY_AUDIT; below core threshold but retained for extended monitoring,KEEP_EXTENDED
SATS,EchoStar Corporation,US,Communication Services,Wireless Telecommunication,39.0,SP500,,N,EXTENDED,MEDIUM,NONE,MARKET_CAP_BELOW_THRESHOLD; METADATA_ONLY_AUDIT; below core threshold but retained for extended monitoring,KEEP_EXTENDED
ED,Consolidated Edison Inc.,US,Utilities,Electric Utilities,39.0,SP500,,N,EXTENDED,MEDIUM,NONE,MARKET_CAP_BELOW_THRESHOLD; METADATA_ONLY_AUDIT; below core threshold but retained for extended monitoring,KEEP_EXTENDED
CCI,Crown Castle Inc.,US,Real Estate,Specialized REITs,39.0,SP500,,N,EXTENDED,MEDIUM,NONE,MARKET_CAP_BELOW_THRESHOLD; METADATA_ONLY_AUDIT; below core threshold but retained for extended monitoring,KEEP_EXTENDED
BDX,Becton Dickinson and Company,US,Health Care,Health Care Equipment,39.0,SP500,,N,EXTENDED,MEDIUM,HEALTHCARE_EVENT_RISK,MARKET_CAP_BELOW_THRESHOLD; METADATA_ONLY_AUDIT; below core threshold but retained for extended monitoring,KEEP_EXTENDED
PYPL,PayPal Holdings Inc.,US,Financials,Financial Services,39.0,SP500+NDX,,Y,HIGH_RISK_REVIEW,HIGH,TURNAROUND_RISK,TURNAROUND_IN_PROGRESS; METADATA_ONLY_AUDIT; turnaround flag prevents core classification,REVIEW_BEFORE_SCORING
ADM,Archer-Daniels-Midland Company,US,Consumer Staples,Food Products,39.0,SP500,,N,EXTENDED,MEDIUM,NONE,MARKET_CAP_BELOW_THRESHOLD; METADATA_ONLY_AUDIT; below core threshold but retained for extended monitoring,KEEP_EXTENDED
DHI,D.R. Horton Inc.,US,Consumer Discretionary,Household Durables,38.0,SP500,,N,EXTENDED,MEDIUM,NONE,MARKET_CAP_BELOW_THRESHOLD; METADATA_ONLY_AUDIT; below core threshold but retained for extended monitoring,KEEP_EXTENDED
EME,EMCOR Group Inc.,US,Industrials,Construction & Engineering,38.0,SP500,,N,EXTENDED,MEDIUM,NONE,MARKET_CAP_BELOW_THRESHOLD; METADATA_ONLY_AUDIT; below core threshold but retained for extended monitoring,KEEP_EXTENDED
LYV,Live Nation Entertainment Inc.,US,Communication Services,Entertainment,38.0,SP500,,N,EXTENDED,MEDIUM,NONE,MARKET_CAP_BELOW_THRESHOLD; METADATA_ONLY_AUDIT; below core threshold but retained for extended monitoring,KEEP_EXTENDED
HSY,The Hershey Company,US,Consumer Staples,Food Products,38.0,SP500,,N,EXTENDED,MEDIUM,NONE,MARKET_CAP_BELOW_THRESHOLD; METADATA_ONLY_AUDIT; below core threshold but retained for extended monitoring,KEEP_EXTENDED
IBKR,Interactive Brokers Group Inc.,US,Financials,Capital Markets,38.0,SP500,,N,EXTENDED,MEDIUM,NONE,MARKET_CAP_BELOW_THRESHOLD; METADATA_ONLY_AUDIT; below core threshold but retained for extended monitoring,KEEP_EXTENDED
CBOE,Cboe Global Markets Inc.,US,Financials,Capital Markets,38.0,SP500,,N,EXTENDED,MEDIUM,NONE,MARKET_CAP_BELOW_THRESHOLD; METADATA_ONLY_AUDIT; below core threshold but retained for extended monitoring,KEEP_EXTENDED
PEG,Public Service Enterprise Group Incorporated,US,Utilities,Multi-Utilities,38.0,SP500,,N,EXTENDED,MEDIUM,NONE,MARKET_CAP_BELOW_THRESHOLD; METADATA_ONLY_AUDIT; below core threshold but retained for extended monitoring,KEEP_EXTENDED
CBRE,CBRE Group Inc.,US,Real Estate,Real Estate Management,38.0,SP500,,N,EXTENDED,MEDIUM,NONE,MARKET_CAP_BELOW_THRESHOLD; METADATA_ONLY_AUDIT; below core threshold but retained for extended monitoring,KEEP_EXTENDED
HIG,The Hartford Insurance Group Inc.,US,Financials,Insurance,37.0,SP500,,N,EXTENDED,MEDIUM,NONE,MARKET_CAP_BELOW_THRESHOLD; METADATA_ONLY_AUDIT; below core threshold but retained for extended monitoring,KEEP_EXTENDED
TKO,TKO Group Holdings Inc.,US,Communication Services,Entertainment,37.0,SP500,,N,EXTENDED,MEDIUM,NONE,MARKET_CAP_BELOW_THRESHOLD; METADATA_ONLY_AUDIT; below core threshold but retained for extended monitoring,KEEP_EXTENDED
IRM,Iron Mountain Incorporated,US,Real Estate,Specialized REITs,36.0,SP500,,N,EXTENDED,MEDIUM,NONE,MARKET_CAP_BELOW_THRESHOLD; METADATA_ONLY_AUDIT; below core threshold but retained for extended monitoring,KEEP_EXTENDED
HUM,Humana Inc.,US,Health Care,Health Care Providers,36.0,SP500,,N,EXTENDED,MEDIUM,HEALTHCARE_EVENT_RISK,MARKET_CAP_BELOW_THRESHOLD; METADATA_ONLY_AUDIT; below core threshold but retained for extended monitoring,KEEP_EXTENDED
EQT,EQT Corporation,US,Energy,Oil Gas & Consumable Fuels,35.0,SP500,,N,EXTENDED,MEDIUM,NONE,MARKET_CAP_BELOW_THRESHOLD; METADATA_ONLY_AUDIT; below core threshold but retained for extended monitoring,KEEP_EXTENDED
PRU,Prudential Financial Inc.,US,Financials,Insurance,35.0,SP500,,N,EXTENDED,MEDIUM,NONE,MARKET_CAP_BELOW_THRESHOLD; METADATA_ONLY_AUDIT; below core threshold but retained for extended monitoring,KEEP_EXTENDED
HAL,Halliburton Company,US,Energy,Energy Equipment,35.0,SP500,,N,EXTENDED,MEDIUM,NONE,MARKET_CAP_BELOW_THRESHOLD; METADATA_ONLY_AUDIT; below core threshold but retained for extended monitoring,KEEP_EXTENDED
JBL,Jabil Inc.,US,Information Technology,Electronic Components,35.0,SP500,,N,EXTENDED,MEDIUM,NONE,MARKET_CAP_BELOW_THRESHOLD; METADATA_ONLY_AUDIT; below core threshold but retained for extended monitoring,KEEP_EXTENDED
WEC,WEC Energy Group Inc.,US,Utilities,Multi-Utilities,35.0,SP500,,N,EXTENDED,MEDIUM,NONE,MARKET_CAP_BELOW_THRESHOLD; METADATA_ONLY_AUDIT; below core threshold but retained for extended monitoring,KEEP_EXTENDED
SYY,Sysco Corporation,US,Consumer Staples,Consumer Staples Distribution,35.0,SP500,,N,EXTENDED,MEDIUM,NONE,MARKET_CAP_BELOW_THRESHOLD; METADATA_ONLY_AUDIT; below core threshold but retained for extended monitoring,KEEP_EXTENDED
PCG,PG&E Corporation,US,Utilities,Electric Utilities,34.0,SP500,,N,EXTENDED,MEDIUM,NONE,MARKET_CAP_BELOW_THRESHOLD; METADATA_ONLY_AUDIT; below core threshold but retained for extended monitoring,KEEP_EXTENDED
VMC,Vulcan Materials Company,US,Materials,Construction Materials,34.0,SP500,,N,EXTENDED,MEDIUM,NONE,MARKET_CAP_BELOW_THRESHOLD; METADATA_ONLY_AUDIT; below core threshold but retained for extended monitoring,KEEP_EXTENDED
CCL,Carnival Corporation & plc,US,Consumer Discretionary,Hotels Restaurants,34.0,SP500,,N,EXTENDED,MEDIUM,NONE,MARKET_CAP_BELOW_THRESHOLD; METADATA_ONLY_AUDIT; below core threshold but retained for extended monitoring,KEEP_EXTENDED
PAYX,Paychex Inc.,US,Industrials,Professional Services,33.0,SP500+NDX,,N,EXTENDED,MEDIUM,NONE,MARKET_CAP_BELOW_THRESHOLD; METADATA_ONLY_AUDIT; below core threshold but retained for extended monitoring,KEEP_EXTENDED
ROP,Roper Technologies Inc.,US,Information Technology,Software,33.0,SP500+NDX,,N,EXTENDED,MEDIUM,NONE,MARKET_CAP_BELOW_THRESHOLD; METADATA_ONLY_AUDIT; below core threshold but retained for extended monitoring,KEEP_EXTENDED
MLM,Martin Marietta Materials Inc.,US,Materials,Construction Materials,33.0,SP500,,N,EXTENDED,MEDIUM,NONE,MARKET_CAP_BELOW_THRESHOLD; METADATA_ONLY_AUDIT; below core threshold but retained for extended monitoring,KEEP_EXTENDED
ACGL,Arch Capital Group Ltd.,US,Financials,Insurance,33.0,SP500,,N,EXTENDED,MEDIUM,NONE,MARKET_CAP_BELOW_THRESHOLD; METADATA_ONLY_AUDIT; below core threshold but retained for extended monitoring,KEEP_EXTENDED
LVS,Las Vegas Sands Corp.,US,Consumer Discretionary,Hotels Restaurants,33.0,SP500,,N,EXTENDED,MEDIUM,NONE,MARKET_CAP_BELOW_THRESHOLD; METADATA_ONLY_AUDIT; below core threshold but retained for extended monitoring,KEEP_EXTENDED
KVUE,Kenvue Inc.,US,Consumer Staples,Household Products,32.0,SP500,,N,EXTENDED,MEDIUM,NONE,MARKET_CAP_BELOW_THRESHOLD; METADATA_ONLY_AUDIT; below core threshold but retained for extended monitoring,KEEP_EXTENDED
STLD,Steel Dynamics Inc.,US,Materials,Metals & Mining,32.0,SP500,,N,EXTENDED,MEDIUM,NONE,MARKET_CAP_BELOW_THRESHOLD; METADATA_ONLY_AUDIT; below core threshold but retained for extended monitoring,KEEP_EXTENDED
WAT,Waters Corporation,US,Health Care,Life Sciences Tools,32.0,SP500,,N,EXTENDED,MEDIUM,HEALTHCARE_EVENT_RISK,MARKET_CAP_BELOW_THRESHOLD; METADATA_ONLY_AUDIT; below core threshold but retained for extended monitoring,KEEP_EXTENDED
ZTS,Zoetis Inc.,US,Health Care,Pharmaceuticals,32.0,SP500,,N,EXTENDED,MEDIUM,PHARMA_EVENT_RISK;HEALTHCARE_EVENT_RISK,MARKET_CAP_BELOW_THRESHOLD; METADATA_ONLY_AUDIT; below core threshold but retained for extended monitoring,KEEP_EXTENDED
CPRT,Copart Inc.,US,Industrials,Commercial Services,32.0,SP500+NDX,,N,EXTENDED,MEDIUM,NONE,MARKET_CAP_BELOW_THRESHOLD; METADATA_ONLY_AUDIT; below core threshold but retained for extended monitoring,KEEP_EXTENDED
AXON,Axon Enterprise Inc.,US,Industrials,Aerospace & Defense,32.0,SP500+NDX_DEC2024,,N,EXTENDED,MEDIUM,NONE,MARKET_CAP_BELOW_THRESHOLD; METADATA_ONLY_AUDIT; below core threshold but retained for extended monitoring,KEEP_EXTENDED
WDAY,Workday Inc.,US,Information Technology,Software,32.0,SP500+NDX,,N,EXTENDED,MEDIUM,NONE,MARKET_CAP_BELOW_THRESHOLD; METADATA_ONLY_AUDIT; below core threshold but retained for extended monitoring,KEEP_EXTENDED
KMB,Kimberly-Clark Corporation,US,Consumer Staples,Household Products,32.0,SP500,,N,EXTENDED,MEDIUM,NONE,MARKET_CAP_BELOW_THRESHOLD; METADATA_ONLY_AUDIT; below core threshold but retained for extended monitoring,KEEP_EXTENDED
A,Agilent Technologies Inc.,US,Health Care,Life Sciences Tools,31.0,SP500,,N,EXTENDED,MEDIUM,HEALTHCARE_EVENT_RISK,MARKET_CAP_BELOW_THRESHOLD; METADATA_ONLY_AUDIT; below core threshold but retained for extended monitoring,KEEP_EXTENDED
CASY,Casey's General Stores Inc.,US,Consumer Staples,Consumer Staples Distribution,31.0,SP500,,N,EXTENDED,MEDIUM,NONE,MARKET_CAP_BELOW_THRESHOLD; METADATA_ONLY_AUDIT; below core threshold but retained for extended monitoring,KEEP_EXTENDED
HBAN,Huntington Bancshares Incorporated,US,Financials,Banks,31.0,SP500,,N,EXTENDED,MEDIUM,NONE,MARKET_CAP_BELOW_THRESHOLD; METADATA_ONLY_AUDIT; below core threshold but retained for extended monitoring,KEEP_EXTENDED
Q,Qnity Electronics Inc.,US,Information Technology,Electronic Components,31.0,SP500,,N,EXTENDED,MEDIUM,NONE,MARKET_CAP_BELOW_THRESHOLD; METADATA_ONLY_AUDIT; below core threshold but retained for extended monitoring,KEEP_EXTENDED
VICI,VICI Properties Inc.,US,Real Estate,Specialized REITs,31.0,SP500,,N,EXTENDED,MEDIUM,NONE,MARKET_CAP_BELOW_THRESHOLD; METADATA_ONLY_AUDIT; below core threshold but retained for extended monitoring,KEEP_EXTENDED
EXR,Extra Space Storage Inc.,US,Real Estate,Specialized REITs,30.0,SP500,,N,EXTENDED,MEDIUM,NONE,MARKET_CAP_BELOW_THRESHOLD; METADATA_ONLY_AUDIT; below core threshold but retained for extended monitoring,KEEP_EXTENDED
NTRS,Northern Trust Corporation,US,Financials,Capital Markets,30.0,SP500,,N,EXTENDED,MEDIUM,NONE,MARKET_CAP_BELOW_THRESHOLD; METADATA_ONLY_AUDIT; below core threshold but retained for extended monitoring,KEEP_EXTENDED
FISV,Fiserv Inc.,US,Financials,Financial Services,30.0,SP500,,N,EXTENDED,MEDIUM,NONE,MARKET_CAP_BELOW_THRESHOLD; METADATA_ONLY_AUDIT; below core threshold but retained for extended monitoring,KEEP_EXTENDED
MTB,M&T Bank Corporation,US,Financials,Banks,30.0,SP500,,N,EXTENDED,MEDIUM,NONE,MARKET_CAP_BELOW_THRESHOLD; METADATA_ONLY_AUDIT; below core threshold but retained for extended monitoring,KEEP_EXTENDED
RJF,Raymond James Financial Inc.,US,Financials,Capital Markets,30.0,SP500,,N,EXTENDED,MEDIUM,NONE,MARKET_CAP_BELOW_THRESHOLD; METADATA_ONLY_AUDIT; below core threshold but retained for extended monitoring,KEEP_EXTENDED
UAL,United Airlines Holdings Inc.,US,Industrials,Passenger Airlines,30.0,SP500,,N,EXTENDED,MEDIUM,NONE,MARKET_CAP_BELOW_THRESHOLD; METADATA_ONLY_AUDIT; below core threshold but retained for extended monitoring,KEEP_EXTENDED
ATO,Atmos Energy Corporation,US,Utilities,Gas Utilities,29.0,SP500,,N,EXTENDED,MEDIUM,NONE,MARKET_CAP_BELOW_THRESHOLD; METADATA_ONLY_AUDIT; below core threshold but retained for extended monitoring,KEEP_EXTENDED
AEE,Ameren Corporation,US,Utilities,Multi-Utilities,29.0,SP500,,N,EXTENDED,MEDIUM,NONE,MARKET_CAP_BELOW_THRESHOLD; METADATA_ONLY_AUDIT; below core threshold but retained for extended monitoring,KEEP_EXTENDED
RMD,ResMed Inc.,US,Health Care,Health Care Equipment,29.0,SP500,,N,EXTENDED,MEDIUM,HEALTHCARE_EVENT_RISK,MARKET_CAP_BELOW_THRESHOLD; METADATA_ONLY_AUDIT; below core threshold but retained for extended monitoring,KEEP_EXTENDED
DTE,DTE Energy Company,US,Utilities,Multi-Utilities,29.0,SP500,,N,EXTENDED,MEDIUM,NONE,MARKET_CAP_BELOW_THRESHOLD; METADATA_ONLY_AUDIT; below core threshold but retained for extended monitoring,KEEP_EXTENDED
EL,The Estée Lauder Companies Inc.,US,Consumer Staples,Personal Care Products,28.0,SP500,,Y,HIGH_RISK_REVIEW,HIGH,TURNAROUND_RISK,TURNAROUND_IN_PROGRESS; METADATA_ONLY_AUDIT; turnaround flag prevents core classification,REVIEW_BEFORE_SCORING
IQV,IQVIA Holdings Inc.,US,Health Care,Life Sciences Tools,28.0,SP500,,N,EXTENDED,MEDIUM,HEALTHCARE_EVENT_RISK,MARKET_CAP_BELOW_THRESHOLD; METADATA_ONLY_AUDIT; below core threshold but retained for extended monitoring,KEEP_EXTENDED
CNC,Centene Corporation,US,Health Care,Health Care Providers,28.0,SP500,,N,EXTENDED,MEDIUM,HEALTHCARE_EVENT_RISK,MARKET_CAP_BELOW_THRESHOLD; METADATA_ONLY_AUDIT; below core threshold but retained for extended monitoring,KEEP_EXTENDED
TDY,Teledyne Technologies Incorporated,US,Industrials,Aerospace & Defense,28.0,SP500,,N,EXTENDED,MEDIUM,NONE,MARKET_CAP_BELOW_THRESHOLD; METADATA_ONLY_AUDIT; below core threshold but retained for extended monitoring,KEEP_EXTENDED
DOV,Dover Corporation,US,Industrials,Machinery,28.0,SP500,,N,EXTENDED,MEDIUM,NONE,MARKET_CAP_BELOW_THRESHOLD; METADATA_ONLY_AUDIT; below core threshold but retained for extended monitoring,KEEP_EXTENDED
BIIB,Biogen Inc.,US,Health Care,Biotechnology,28.0,SP500,,Y,HIGH_RISK_REVIEW,HIGH,BIOTECH_RISK;TURNAROUND_RISK;HEALTHCARE_EVENT_RISK,TURNAROUND_IN_PROGRESS; METADATA_ONLY_AUDIT; turnaround flag prevents core classification,REVIEW_BEFORE_SCORING
GEHC,GE HealthCare Technologies Inc.,US,Health Care,Health Care Equipment,27.0,SP500+NDX,,N,EXTENDED,MEDIUM,HEALTHCARE_EVENT_RISK,MARKET_CAP_BELOW_THRESHOLD; METADATA_ONLY_AUDIT; below core threshold but retained for extended monitoring,KEEP_EXTENDED
VRSN,VeriSign Inc.,US,Information Technology,IT Services,27.0,SP500,,N,EXTENDED,MEDIUM,NONE,MARKET_CAP_BELOW_THRESHOLD; METADATA_ONLY_AUDIT; below core threshold but retained for extended monitoring,KEEP_EXTENDED
DOW,Dow Inc.,US,Materials,Chemicals,27.0,SP500,,N,EXTENDED,MEDIUM,NONE,MARKET_CAP_BELOW_THRESHOLD; METADATA_ONLY_AUDIT; below core threshold but retained for extended monitoring,KEEP_EXTENDED
KHC,The Kraft Heinz Company,US,Consumer Staples,Food Products,27.0,SP500+NDX,,N,EXTENDED,MEDIUM,NONE,MARKET_CAP_BELOW_THRESHOLD; METADATA_ONLY_AUDIT; below core threshold but retained for extended monitoring,KEEP_EXTENDED
FOXA,Fox Corporation Class A,US,Communication Services,Media,27.0,SP500,,N,EXTENDED,MEDIUM,NONE,MARKET_CAP_BELOW_THRESHOLD; METADATA_ONLY_AUDIT; below core threshold but retained for extended monitoring,KEEP_EXTENDED
FICO,Fair Isaac Corporation,US,Information Technology,Software,27.0,SP500,,N,EXTENDED,MEDIUM,NONE,MARKET_CAP_BELOW_THRESHOLD; METADATA_ONLY_AUDIT; below core threshold but retained for extended monitoring,KEEP_EXTENDED
IR,Ingersoll Rand Inc.,US,Industrials,Machinery,27.0,SP500,,N,EXTENDED,MEDIUM,NONE,MARKET_CAP_BELOW_THRESHOLD; METADATA_ONLY_AUDIT; below core threshold but retained for extended monitoring,KEEP_EXTENDED
OTIS,Otis Worldwide Corporation,US,Industrials,Machinery,27.0,SP500,,N,EXTENDED,MEDIUM,NONE,MARKET_CAP_BELOW_THRESHOLD; METADATA_ONLY_AUDIT; below core threshold but retained for extended monitoring,KEEP_EXTENDED
CNP,CenterPoint Energy Inc.,US,Utilities,Multi-Utilities,27.0,SP500,,N,EXTENDED,MEDIUM,NONE,MARKET_CAP_BELOW_THRESHOLD; METADATA_ONLY_AUDIT; below core threshold but retained for extended monitoring,KEEP_EXTENDED
WRB,W. R. Berkley Corporation,US,Financials,Insurance,26.0,SP500,,N,EXTENDED,MEDIUM,NONE,MARKET_CAP_BELOW_THRESHOLD; METADATA_ONLY_AUDIT; below core threshold but retained for extended monitoring,KEEP_EXTENDED
TPL,Texas Pacific Land Corporation,US,Energy,Oil Gas & Consumable Fuels,26.0,SP500,,N,EXTENDED,MEDIUM,NONE,MARKET_CAP_BELOW_THRESHOLD; METADATA_ONLY_AUDIT; below core threshold but retained for extended monitoring,KEEP_EXTENDED
TPR,Tapestry Inc.,US,Consumer Discretionary,Textiles & Apparel,26.0,SP500,,N,EXTENDED,MEDIUM,NONE,MARKET_CAP_BELOW_THRESHOLD; METADATA_ONLY_AUDIT; below core threshold but retained for extended monitoring,KEEP_EXTENDED
NRG,NRG Energy Inc.,US,Utilities,Independent Power Producers,26.0,SP500,,N,EXTENDED,MEDIUM,NONE,MARKET_CAP_BELOW_THRESHOLD; METADATA_ONLY_AUDIT; below core threshold but retained for extended monitoring,KEEP_EXTENDED
EIX,Edison International,US,Utilities,Electric Utilities,26.0,SP500,,N,EXTENDED,MEDIUM,NONE,MARKET_CAP_BELOW_THRESHOLD; METADATA_ONLY_AUDIT; below core threshold but retained for extended monitoring,KEEP_EXTENDED
ROL,Rollins Inc.,US,Industrials,Commercial Services,26.0,SP500,,N,EXTENDED,MEDIUM,NONE,MARKET_CAP_BELOW_THRESHOLD; METADATA_ONLY_AUDIT; below core threshold but retained for extended monitoring,KEEP_EXTENDED
PPL,PPL Corporation,US,Utilities,Electric Utilities,26.0,SP500,,N,EXTENDED,MEDIUM,NONE,MARKET_CAP_BELOW_THRESHOLD; METADATA_ONLY_AUDIT; below core threshold but retained for extended monitoring,KEEP_EXTENDED
FOX,Fox Corporation Class B,US,Communication Services,Media,26.0,SP500,,N,EXTENDED,MEDIUM,NONE,MARKET_CAP_BELOW_THRESHOLD; METADATA_ONLY_AUDIT; below core threshold but retained for extended monitoring,KEEP_EXTENDED
CINF,Cincinnati Financial Corporation,US,Financials,Insurance,25.0,SP500,,N,EXTENDED,MEDIUM,NONE,MARKET_CAP_BELOW_THRESHOLD; METADATA_ONLY_AUDIT; below core threshold but retained for extended monitoring,KEEP_EXTENDED
AVB,AvalonBay Communities Inc.,US,Real Estate,Residential REITs,25.0,SP500,,N,EXTENDED,MEDIUM,NONE,MARKET_CAP_BELOW_THRESHOLD; METADATA_ONLY_AUDIT; below core threshold but retained for extended monitoring,KEEP_EXTENDED
CFG,Citizens Financial Group Inc.,US,Financials,Banks,25.0,SP500,,N,EXTENDED,MEDIUM,NONE,MARKET_CAP_BELOW_THRESHOLD; METADATA_ONLY_AUDIT; below core threshold but retained for extended monitoring,KEEP_EXTENDED
EXPE,Expedia Group Inc.,US,Consumer Discretionary,Hotels Restaurants,25.0,SP500,,N,EXTENDED,MEDIUM,NONE,MARKET_CAP_BELOW_THRESHOLD; METADATA_ONLY_AUDIT; below core threshold but retained for extended monitoring,KEEP_EXTENDED
XYL,Xylem Inc.,US,Industrials,Machinery,25.0,SP500,,N,EXTENDED,MEDIUM,NONE,MARKET_CAP_BELOW_THRESHOLD; METADATA_ONLY_AUDIT; below core threshold but retained for extended monitoring,KEEP_EXTENDED
FE,FirstEnergy Corp.,US,Utilities,Electric Utilities,25.0,SP500,,N,EXTENDED,MEDIUM,NONE,MARKET_CAP_BELOW_THRESHOLD; METADATA_ONLY_AUDIT; below core threshold but retained for extended monitoring,KEEP_EXTENDED
ES,Eversource Energy,US,Utilities,Electric Utilities,25.0,SP500,,N,EXTENDED,MEDIUM,NONE,MARKET_CAP_BELOW_THRESHOLD; METADATA_ONLY_AUDIT; below core threshold but retained for extended monitoring,KEEP_EXTENDED
STZ,Constellation Brands Inc.,US,Consumer Staples,Beverages,25.0,SP500,,N,EXTENDED,MEDIUM,NONE,MARKET_CAP_BELOW_THRESHOLD; METADATA_ONLY_AUDIT; below core threshold but retained for extended monitoring,KEEP_EXTENDED
EQR,Equity Residential,US,Real Estate,Residential REITs,25.0,SP500,,N,EXTENDED,MEDIUM,NONE,MARKET_CAP_BELOW_THRESHOLD; METADATA_ONLY_AUDIT; below core threshold but retained for extended monitoring,KEEP_EXTENDED
DXCM,DexCom Inc.,US,Health Care,Health Care Equipment,25.0,SP500+NDX,,N,EXTENDED,MEDIUM,HEALTHCARE_EVENT_RISK,MARKET_CAP_BELOW_THRESHOLD; METADATA_ONLY_AUDIT; below core threshold but retained for extended monitoring,KEEP_EXTENDED
FSLR,First Solar Inc.,US,Information Technology,Semiconductors,25.0,SP500,,N,EXTENDED,MEDIUM,NONE,MARKET_CAP_BELOW_THRESHOLD; METADATA_ONLY_AUDIT; below core threshold but retained for extended monitoring,KEEP_EXTENDED
HUBB,Hubbell Incorporated,US,Industrials,Electrical Equipment,24.0,SP500,,N,EXTENDED,MEDIUM,NONE,MARKET_CAP_BELOW_THRESHOLD; METADATA_ONLY_AUDIT; below core threshold but retained for extended monitoring,KEEP_EXTENDED
JBHT,J.B. Hunt Transport Services Inc.,US,Industrials,Ground Transportation,24.0,SP500,,N,EXTENDED,MEDIUM,NONE,MARKET_CAP_BELOW_THRESHOLD; METADATA_ONLY_AUDIT; below core threshold but retained for extended monitoring,KEEP_EXTENDED
AWK,American Water Works Company Inc.,US,Utilities,Water Utilities,24.0,SP500,,N,EXTENDED,MEDIUM,NONE,MARKET_CAP_BELOW_THRESHOLD; METADATA_ONLY_AUDIT; below core threshold but retained for extended monitoring,KEEP_EXTENDED
CTSH,Cognizant Technology Solutions Corporation,US,Information Technology,IT Services,24.0,SP500+NDX,,N,EXTENDED,MEDIUM,NONE,MARKET_CAP_BELOW_THRESHOLD; METADATA_ONLY_AUDIT; below core threshold but retained for extended monitoring,KEEP_EXTENDED
WTW,Willis Towers Watson Public Limited Company,US,Financials,Insurance,24.0,SP500,,N,EXTENDED,MEDIUM,NONE,MARKET_CAP_BELOW_THRESHOLD; METADATA_ONLY_AUDIT; below core threshold but retained for extended monitoring,KEEP_EXTENDED
BG,Bunge Global SA,US,Consumer Staples,Food Products,24.0,SP500,,N,EXTENDED,MEDIUM,NONE,MARKET_CAP_BELOW_THRESHOLD; METADATA_ONLY_AUDIT; below core threshold but retained for extended monitoring,KEEP_EXTENDED
LYB,LyondellBasell Industries N.V.,US,Materials,Chemicals,23.0,SP500,,N,EXTENDED,MEDIUM,NONE,MARKET_CAP_BELOW_THRESHOLD; METADATA_ONLY_AUDIT; below core threshold but retained for extended monitoring,KEEP_EXTENDED
SYF,Synchrony Financial,US,Financials,Consumer Finance,23.0,SP500,,N,EXTENDED,MEDIUM,NONE,MARKET_CAP_BELOW_THRESHOLD; METADATA_ONLY_AUDIT; below core threshold but retained for extended monitoring,KEEP_EXTENDED
NTAP,NetApp Inc.,US,Information Technology,Technology Hardware,23.0,SP500,,N,EXTENDED,MEDIUM,NONE,MARKET_CAP_BELOW_THRESHOLD; METADATA_ONLY_AUDIT; below core threshold but retained for extended monitoring,KEEP_EXTENDED
EXE,Expand Energy Corporation,US,Energy,Oil Gas & Consumable Fuels,23.0,SP500,,N,EXTENDED,MEDIUM,NONE,MARKET_CAP_BELOW_THRESHOLD; METADATA_ONLY_AUDIT; below core threshold but retained for extended monitoring,KEEP_EXTENDED
TSN,Tyson Foods Inc.,US,Consumer Staples,Food Products,23.0,SP500,,N,EXTENDED,MEDIUM,NONE,MARKET_CAP_BELOW_THRESHOLD; METADATA_ONLY_AUDIT; below core threshold but retained for extended monitoring,KEEP_EXTENDED
DG,Dollar General Corporation,US,Consumer Staples,Consumer Staples Distribution,23.0,SP500,,N,EXTENDED,MEDIUM,NONE,MARKET_CAP_BELOW_THRESHOLD; METADATA_ONLY_AUDIT; below core threshold but retained for extended monitoring,KEEP_EXTENDED
PPG,PPG Industries Inc.,US,Materials,Chemicals,23.0,SP500,,N,EXTENDED,MEDIUM,NONE,MARKET_CAP_BELOW_THRESHOLD; METADATA_ONLY_AUDIT; below core threshold but retained for extended monitoring,KEEP_EXTENDED
RF,Regions Financial Corporation,US,Financials,Banks,23.0,SP500,,N,EXTENDED,MEDIUM,NONE,MARKET_CAP_BELOW_THRESHOLD; METADATA_ONLY_AUDIT; below core threshold but retained for extended monitoring,KEEP_EXTENDED
CHD,Church & Dwight Co. Inc.,US,Consumer Staples,Household Products,22.0,SP500,,N,EXTENDED,MEDIUM,NONE,MARKET_CAP_BELOW_THRESHOLD; METADATA_ONLY_AUDIT; below core threshold but retained for extended monitoring,KEEP_EXTENDED
KEY,KeyCorp,US,Financials,Banks,22.0,SP500,,N,EXTENDED,MEDIUM,NONE,MARKET_CAP_BELOW_THRESHOLD; METADATA_ONLY_AUDIT; below core threshold but retained for extended monitoring,KEEP_EXTENDED
CPAY,Corpay Inc.,US,Financials,Financial Services,22.0,SP500,,N,EXTENDED,MEDIUM,NONE,MARKET_CAP_BELOW_THRESHOLD; METADATA_ONLY_AUDIT; below core threshold but retained for extended monitoring,KEEP_EXTENDED
VRSK,Verisk Analytics Inc.,US,Industrials,Professional Services,22.0,SP500+NDX,,N,EXTENDED,MEDIUM,NONE,MARKET_CAP_BELOW_THRESHOLD; METADATA_ONLY_AUDIT; below core threshold but retained for extended monitoring,KEEP_EXTENDED
FIS,Fidelity National Information Services Inc.,US,Financials,Financial Services,22.0,SP500,,N,EXTENDED,MEDIUM,NONE,MARKET_CAP_BELOW_THRESHOLD; METADATA_ONLY_AUDIT; below core threshold but retained for extended monitoring,KEEP_EXTENDED
NI,NiSource Inc.,US,Utilities,Multi-Utilities,22.0,SP500,,N,EXTENDED,MEDIUM,NONE,MARKET_CAP_BELOW_THRESHOLD; METADATA_ONLY_AUDIT; below core threshold but retained for extended monitoring,KEEP_EXTENDED
CMS,CMS Energy Corporation,US,Utilities,Multi-Utilities,22.0,SP500,,N,EXTENDED,MEDIUM,NONE,MARKET_CAP_BELOW_THRESHOLD; METADATA_ONLY_AUDIT; below core threshold but retained for extended monitoring,KEEP_EXTENDED
L,Loews Corporation,US,Financials,Insurance,22.0,SP500,,N,EXTENDED,MEDIUM,NONE,MARKET_CAP_BELOW_THRESHOLD; METADATA_ONLY_AUDIT; below core threshold but retained for extended monitoring,KEEP_EXTENDED
DRI,Darden Restaurants Inc.,US,Consumer Discretionary,Hotels Restaurants,22.0,SP500,,N,EXTENDED,MEDIUM,NONE,MARKET_CAP_BELOW_THRESHOLD; METADATA_ONLY_AUDIT; below core threshold but retained for extended monitoring,KEEP_EXTENDED
PFG,Principal Financial Group Inc.,US,Financials,Insurance,22.0,SP500,,N,EXTENDED,MEDIUM,NONE,MARKET_CAP_BELOW_THRESHOLD; METADATA_ONLY_AUDIT; below core threshold but retained for extended monitoring,KEEP_EXTENDED
TROW,T. Rowe Price Group Inc.,US,Financials,Capital Markets,21.0,SP500,,N,EXTENDED,MEDIUM,NONE,MARKET_CAP_BELOW_THRESHOLD; METADATA_ONLY_AUDIT; below core threshold but retained for extended monitoring,KEEP_EXTENDED
AKAM,Akamai Technologies Inc.,US,Information Technology,IT Services,21.0,SP500,,N,EXTENDED,MEDIUM,NONE,MARKET_CAP_BELOW_THRESHOLD; METADATA_ONLY_AUDIT; below core threshold but retained for extended monitoring,KEEP_EXTENDED
MTD,Mettler-Toledo International Inc.,US,Health Care,Life Sciences Tools,21.0,SP500,,N,EXTENDED,MEDIUM,HEALTHCARE_EVENT_RISK,MARKET_CAP_BELOW_THRESHOLD; METADATA_ONLY_AUDIT; below core threshold but retained for extended monitoring,KEEP_EXTENDED
SBAC,SBA Communications Corporation,US,Real Estate,Specialized REITs,21.0,SP500,,N,EXTENDED,MEDIUM,NONE,MARKET_CAP_BELOW_THRESHOLD; METADATA_ONLY_AUDIT; below core threshold but retained for extended monitoring,KEEP_EXTENDED
WST,West Pharmaceutical Services Inc.,US,Health Care,Life Sciences Tools,21.0,SP500,,N,EXTENDED,MEDIUM,HEALTHCARE_EVENT_RISK,MARKET_CAP_BELOW_THRESHOLD; METADATA_ONLY_AUDIT; below core threshold but retained for extended monitoring,KEEP_EXTENDED
FFIV,F5 Inc.,US,Information Technology,Communications Equipment,21.0,SP500,,N,EXTENDED,MEDIUM,NONE,MARKET_CAP_BELOW_THRESHOLD; METADATA_ONLY_AUDIT; below core threshold but retained for extended monitoring,KEEP_EXTENDED
VLTO,Veralto Corporation,US,Industrials,Machinery,21.0,SP500,,N,EXTENDED,MEDIUM,NONE,MARKET_CAP_BELOW_THRESHOLD; METADATA_ONLY_AUDIT; below core threshold but retained for extended monitoring,KEEP_EXTENDED
PHM,PulteGroup Inc.,US,Consumer Discretionary,Household Durables,21.0,SP500,,N,EXTENDED,MEDIUM,NONE,MARKET_CAP_BELOW_THRESHOLD; METADATA_ONLY_AUDIT; below core threshold but retained for extended monitoring,KEEP_EXTENDED
DGX,Quest Diagnostics Incorporated,US,Health Care,Health Care Providers,21.0,SP500,,N,EXTENDED,MEDIUM,HEALTHCARE_EVENT_RISK,MARKET_CAP_BELOW_THRESHOLD; METADATA_ONLY_AUDIT; below core threshold but retained for extended monitoring,KEEP_EXTENDED
LH,Labcorp Holdings Inc.,US,Health Care,Health Care Providers,20.0,SP500,,N,EXTENDED,MEDIUM,HEALTHCARE_EVENT_RISK,MARKET_CAP_BELOW_THRESHOLD; METADATA_ONLY_AUDIT; below core threshold but retained for extended monitoring,KEEP_EXTENDED
ULTA,Ulta Beauty Inc.,US,Consumer Discretionary,Specialty Retail,20.0,SP500,,N,EXTENDED,MEDIUM,NONE,MARKET_CAP_BELOW_THRESHOLD; METADATA_ONLY_AUDIT; below core threshold but retained for extended monitoring,KEEP_EXTENDED
STE,STERIS plc,US,Health Care,Health Care Equipment,20.0,SP500,,N,EXTENDED,MEDIUM,HEALTHCARE_EVENT_RISK,MARKET_CAP_BELOW_THRESHOLD; METADATA_ONLY_AUDIT; below core threshold but retained for extended monitoring,KEEP_EXTENDED
OMC,Omnicom Group Inc.,US,Communication Services,Media,20.0,SP500,,N,EXTENDED,MEDIUM,NONE,MARKET_CAP_BELOW_THRESHOLD; METADATA_ONLY_AUDIT; below core threshold but retained for extended monitoring,KEEP_EXTENDED
ALB,Albemarle Corporation,US,Materials,Chemicals,20.0,SP500,,N,EXTENDED,MEDIUM,NONE,MARKET_CAP_BELOW_THRESHOLD; METADATA_ONLY_AUDIT; below core threshold but retained for extended monitoring,KEEP_EXTENDED
LEN,Lennar Corporation,US,Consumer Discretionary,Household Durables,20.0,SP500,,N,EXTENDED,MEDIUM,NONE,MARKET_CAP_BELOW_THRESHOLD; METADATA_ONLY_AUDIT; below core threshold but retained for extended monitoring,KEEP_EXTENDED
EXPD,Expeditors International of Washington Inc.,US,Industrials,Air Freight & Logistics,20.0,SP500,,N,EXTENDED,MEDIUM,NONE,MARKET_CAP_BELOW_THRESHOLD; METADATA_ONLY_AUDIT; below core threshold but retained for extended monitoring,KEEP_EXTENDED
CHRW,C.H. Robinson Worldwide Inc.,US,Industrials,Air Freight & Logistics,20.0,SP500,,N,EXTENDED,MEDIUM,NONE,MARKET_CAP_BELOW_THRESHOLD; METADATA_ONLY_AUDIT; below core threshold but retained for extended monitoring,KEEP_EXTENDED
DD,DuPont de Nemours Inc.,US,Materials,Chemicals,19.0,SP500,,N,EXTENDED,MEDIUM,NONE,MARKET_CAP_BELOW_THRESHOLD; METADATA_ONLY_AUDIT; below core threshold but retained for extended monitoring,KEEP_EXTENDED
WSM,Williams-Sonoma Inc.,US,Consumer Discretionary,Specialty Retail,19.0,SP500,,N,EXTENDED,MEDIUM,NONE,MARKET_CAP_BELOW_THRESHOLD; METADATA_ONLY_AUDIT; below core threshold but retained for extended monitoring,KEEP_EXTENDED
BRO,Brown & Brown Inc.,US,Financials,Insurance,19.0,SP500,,N,EXTENDED,MEDIUM,NONE,MARKET_CAP_BELOW_THRESHOLD; METADATA_ONLY_AUDIT; below core threshold but retained for extended monitoring,KEEP_EXTENDED
RL,Ralph Lauren Corporation,US,Consumer Discretionary,Textiles & Apparel,19.0,SP500,,N,EXTENDED,MEDIUM,NONE,MARKET_CAP_BELOW_THRESHOLD; METADATA_ONLY_AUDIT; below core threshold but retained for extended monitoring,KEEP_EXTENDED
SW,Smurfit Westrock Plc,US,Materials,Containers & Packaging,19.0,SP500,,N,EXTENDED,MEDIUM,NONE,MARKET_CAP_BELOW_THRESHOLD; METADATA_ONLY_AUDIT; below core threshold but retained for extended monitoring,KEEP_EXTENDED
CHTR,Charter Communications Inc.,US,Communication Services,Media,19.0,SP500+NDX,,N,EXTENDED,MEDIUM,NONE,MARKET_CAP_BELOW_THRESHOLD; METADATA_ONLY_AUDIT; below core threshold but retained for extended monitoring,KEEP_EXTENDED
EFX,Equifax Inc.,US,Industrials,Professional Services,19.0,SP500,,N,EXTENDED,MEDIUM,NONE,MARKET_CAP_BELOW_THRESHOLD; METADATA_ONLY_AUDIT; below core threshold but retained for extended monitoring,KEEP_EXTENDED
CF,CF Industries Holdings Inc.,US,Materials,Chemicals,19.0,SP500,,N,EXTENDED,MEDIUM,NONE,MARKET_CAP_BELOW_THRESHOLD; METADATA_ONLY_AUDIT; below core threshold but retained for extended monitoring,KEEP_EXTENDED
VTRS,Viatris Inc.,US,Health Care,Pharmaceuticals,19.0,SP500,,N,EXTENDED,MEDIUM,PHARMA_EVENT_RISK;HEALTHCARE_EVENT_RISK,MARKET_CAP_BELOW_THRESHOLD; METADATA_ONLY_AUDIT; below core threshold but retained for extended monitoring,KEEP_EXTENDED
HPQ,HP Inc.,US,Information Technology,Technology Hardware,19.0,SP500,,N,EXTENDED,MEDIUM,NONE,MARKET_CAP_BELOW_THRESHOLD; METADATA_ONLY_AUDIT; below core threshold but retained for extended monitoring,KEEP_EXTENDED
MRNA,Moderna Inc.,US,Health Care,Biotechnology,19.0,SP500,,Y,HIGH_RISK_REVIEW,HIGH,BIOTECH_RISK;TURNAROUND_RISK;HEALTHCARE_EVENT_RISK,TURNAROUND_IN_PROGRESS; METADATA_ONLY_AUDIT; turnaround flag prevents core classification,REVIEW_BEFORE_SCORING
INCY,Incyte Corporation,US,Health Care,Biotechnology,19.0,SP500,,N,HIGH_RISK_REVIEW,HIGH,BIOTECH_RISK;HEALTHCARE_EVENT_RISK,BIOTECH_CLINICAL_RISK; MARKET_CAP_BELOW_THRESHOLD; METADATA_ONLY_AUDIT; biotechnology row below 30B metadata threshold,REVIEW_BEFORE_SCORING
EVRG,Evergy Inc.,US,Utilities,Electric Utilities,18.0,SP500,,N,EXTENDED,MEDIUM,NONE,MARKET_CAP_BELOW_THRESHOLD; METADATA_ONLY_AUDIT; below core threshold but retained for extended monitoring,KEEP_EXTENDED
SNA,Snap-on Incorporated,US,Industrials,Machinery,18.0,SP500,,N,EXTENDED,MEDIUM,NONE,MARKET_CAP_BELOW_THRESHOLD; METADATA_ONLY_AUDIT; below core threshold but retained for extended monitoring,KEEP_EXTENDED
IFF,International Flavors & Fragrances Inc.,US,Materials,Chemicals,18.0,SP500,,N,EXTENDED,MEDIUM,NONE,MARKET_CAP_BELOW_THRESHOLD; METADATA_ONLY_AUDIT; below core threshold but retained for extended monitoring,KEEP_EXTENDED
GPN,Global Payments Inc.,US,Financials,Financial Services,18.0,SP500,,N,EXTENDED,MEDIUM,NONE,MARKET_CAP_BELOW_THRESHOLD; METADATA_ONLY_AUDIT; below core threshold but retained for extended monitoring,KEEP_EXTENDED
LUV,Southwest Airlines Co.,US,Industrials,Passenger Airlines,18.0,SP500,,N,EXTENDED,MEDIUM,NONE,MARKET_CAP_BELOW_THRESHOLD; METADATA_ONLY_AUDIT; below core threshold but retained for extended monitoring,KEEP_EXTENDED
PKG,Packaging Corporation of America,US,Materials,Containers & Packaging,18.0,SP500,,N,EXTENDED,MEDIUM,NONE,MARKET_CAP_BELOW_THRESHOLD; METADATA_ONLY_AUDIT; below core threshold but retained for extended monitoring,KEEP_EXTENDED
LNT,Alliant Energy Corporation,US,Utilities,Electric Utilities,18.0,SP500,,N,EXTENDED,MEDIUM,NONE,MARKET_CAP_BELOW_THRESHOLD; METADATA_ONLY_AUDIT; below core threshold but retained for extended monitoring,KEEP_EXTENDED
SMCI,Super Micro Computer Inc.,US,Information Technology,Technology Hardware,18.0,SP500,,Y,HIGH_RISK_REVIEW,HIGH,TURNAROUND_RISK,TURNAROUND_IN_PROGRESS; METADATA_ONLY_AUDIT; turnaround flag prevents core classification,REVIEW_BEFORE_SCORING
ESS,Essex Property Trust Inc.,US,Real Estate,Residential REITs,18.0,SP500,,N,EXTENDED,MEDIUM,NONE,MARKET_CAP_BELOW_THRESHOLD; METADATA_ONLY_AUDIT; below core threshold but retained for extended monitoring,KEEP_EXTENDED
FTV,Fortive Corporation,US,Industrials,Electrical Equipment,17.0,SP500,,N,EXTENDED,MEDIUM,NONE,MARKET_CAP_BELOW_THRESHOLD; METADATA_ONLY_AUDIT; below core threshold but retained for extended monitoring,KEEP_EXTENDED
GIS,General Mills Inc.,US,Consumer Staples,Food Products,17.0,SP500,,N,EXTENDED,MEDIUM,NONE,MARKET_CAP_BELOW_THRESHOLD; METADATA_ONLY_AUDIT; below core threshold but retained for extended monitoring,KEEP_EXTENDED
DLTR,Dollar Tree Inc.,US,Consumer Staples,Consumer Staples Distribution,17.0,SP500,,N,EXTENDED,MEDIUM,NONE,MARKET_CAP_BELOW_THRESHOLD; METADATA_ONLY_AUDIT; below core threshold but retained for extended monitoring,KEEP_EXTENDED
LII,Lennox International Inc.,US,Industrials,Building Products,17.0,SP500,,N,EXTENDED,MEDIUM,NONE,MARKET_CAP_BELOW_THRESHOLD; METADATA_ONLY_AUDIT; below core threshold but retained for extended monitoring,KEEP_EXTENDED
BR,Broadridge Financial Solutions Inc.,US,Industrials,Professional Services,17.0,SP500,,N,EXTENDED,MEDIUM,NONE,MARKET_CAP_BELOW_THRESHOLD; METADATA_ONLY_AUDIT; below core threshold but retained for extended monitoring,KEEP_EXTENDED
AMCR,Amcor plc,US,Materials,Containers & Packaging,17.0,SP500,,N,EXTENDED,MEDIUM,NONE,MARKET_CAP_BELOW_THRESHOLD; METADATA_ONLY_AUDIT; below core threshold but retained for extended monitoring,KEEP_EXTENDED
INVH,Invitation Homes Inc.,US,Real Estate,Residential REITs,17.0,SP500,,N,EXTENDED,MEDIUM,NONE,MARKET_CAP_BELOW_THRESHOLD; METADATA_ONLY_AUDIT; below core threshold but retained for extended monitoring,KEEP_EXTENDED
PTC,PTC Inc.,US,Information Technology,Software,16.0,SP500,,N,EXTENDED,MEDIUM,NONE,MARKET_CAP_BELOW_THRESHOLD; METADATA_ONLY_AUDIT; below core threshold but retained for extended monitoring,KEEP_EXTENDED
TSCO,Tractor Supply Company,US,Consumer Discretionary,Specialty Retail,16.0,SP500,,N,EXTENDED,MEDIUM,NONE,MARKET_CAP_BELOW_THRESHOLD; METADATA_ONLY_AUDIT; below core threshold but retained for extended monitoring,KEEP_EXTENDED
BEN,Franklin Resources Inc.,US,Financials,Capital Markets,16.0,SP500,,N,EXTENDED,MEDIUM,NONE,MARKET_CAP_BELOW_THRESHOLD; METADATA_ONLY_AUDIT; below core threshold but retained for extended monitoring,KEEP_EXTENDED
WY,Weyerhaeuser Company,US,Real Estate,Specialized REITs,16.0,SP500,,N,EXTENDED,MEDIUM,NONE,MARKET_CAP_BELOW_THRESHOLD; METADATA_ONLY_AUDIT; below core threshold but retained for extended monitoring,KEEP_EXTENDED
ZBH,Zimmer Biomet Holdings Inc.,US,Health Care,Health Care Equipment,16.0,SP500,,N,EXTENDED,MEDIUM,HEALTHCARE_EVENT_RISK,MARKET_CAP_BELOW_THRESHOLD; METADATA_ONLY_AUDIT; below core threshold but retained for extended monitoring,KEEP_EXTENDED
IP,International Paper Company,US,Materials,Containers & Packaging,16.0,SP500,,N,EXTENDED,MEDIUM,NONE,MARKET_CAP_BELOW_THRESHOLD; METADATA_ONLY_AUDIT; below core threshold but retained for extended monitoring,KEEP_EXTENDED
KIM,Kimco Realty Corporation,US,Real Estate,Retail REITs,15.0,SP500,,N,EXTENDED,MEDIUM,NONE,MARKET_CAP_BELOW_THRESHOLD; METADATA_ONLY_AUDIT; below core threshold but retained for extended monitoring,KEEP_EXTENDED
TXT,Textron Inc.,US,Industrials,Aerospace & Defense,15.0,SP500,,N,EXTENDED,MEDIUM,NONE,MARKET_CAP_BELOW_THRESHOLD; METADATA_ONLY_AUDIT; below core threshold but retained for extended monitoring,KEEP_EXTENDED
LDOS,Leidos Holdings Inc.,US,Industrials,IT Services,15.0,SP500,,N,EXTENDED,MEDIUM,NONE,MARKET_CAP_BELOW_THRESHOLD; METADATA_ONLY_AUDIT; below core threshold but retained for extended monitoring,KEEP_EXTENDED
IEX,IDEX Corporation,US,Industrials,Machinery,15.0,SP500,,N,EXTENDED,MEDIUM,NONE,MARKET_CAP_BELOW_THRESHOLD; METADATA_ONLY_AUDIT; below core threshold but retained for extended monitoring,KEEP_EXTENDED
NDSN,Nordson Corporation,US,Industrials,Machinery,15.0,SP500,,N,EXTENDED,MEDIUM,NONE,MARKET_CAP_BELOW_THRESHOLD; METADATA_ONLY_AUDIT; below core threshold but retained for extended monitoring,KEEP_EXTENDED
NVR,NVR Inc.,US,Consumer Discretionary,Household Durables,15.0,SP500,,N,EXTENDED,MEDIUM,NONE,MARKET_CAP_BELOW_THRESHOLD; METADATA_ONLY_AUDIT; below core threshold but retained for extended monitoring,KEEP_EXTENDED
MAA,Mid-America Apartment Communities Inc.,US,Real Estate,Residential REITs,15.0,SP500,,N,EXTENDED,MEDIUM,NONE,MARKET_CAP_BELOW_THRESHOLD; METADATA_ONLY_AUDIT; below core threshold but retained for extended monitoring,KEEP_EXTENDED
HST,Host Hotels & Resorts Inc.,US,Real Estate,Hotel & Resort REITs,15.0,SP500,,N,EXTENDED,MEDIUM,NONE,MARKET_CAP_BELOW_THRESHOLD; METADATA_ONLY_AUDIT; below core threshold but retained for extended monitoring,KEEP_EXTENDED
NWS,News Corporation Class B,US,Communication Services,Media,15.0,SP500,,N,EXTENDED,MEDIUM,NONE,MARKET_CAP_BELOW_THRESHOLD; METADATA_ONLY_AUDIT; below core threshold but retained for extended monitoring,KEEP_EXTENDED
GNRC,Generac Holdings Inc.,US,Industrials,Electrical Equipment,14.0,SP500,,N,EXTENDED,MEDIUM,NONE,MARKET_CAP_BELOW_THRESHOLD; METADATA_ONLY_AUDIT; below core threshold but retained for extended monitoring,KEEP_EXTENDED
BALL,Ball Corporation,US,Materials,Containers & Packaging,14.0,SP500,,N,EXTENDED,MEDIUM,NONE,MARKET_CAP_BELOW_THRESHOLD; METADATA_ONLY_AUDIT; below core threshold but retained for extended monitoring,KEEP_EXTENDED
GEN,Gen Digital Inc.,US,Information Technology,Software,14.0,SP500,,N,EXTENDED,MEDIUM,NONE,MARKET_CAP_BELOW_THRESHOLD; METADATA_ONLY_AUDIT; below core threshold but retained for extended monitoring,KEEP_EXTENDED
REG,Regency Centers Corporation,US,Real Estate,Retail REITs,14.0,SP500,,N,EXTENDED,MEDIUM,NONE,MARKET_CAP_BELOW_THRESHOLD; METADATA_ONLY_AUDIT; below core threshold but retained for extended monitoring,KEEP_EXTENDED
NWSA,News Corporation Class A,US,Communication Services,Media,14.0,SP500,,N,EXTENDED,MEDIUM,NONE,MARKET_CAP_BELOW_THRESHOLD; METADATA_ONLY_AUDIT; below core threshold but retained for extended monitoring,KEEP_EXTENDED
APA,APA Corporation,US,Energy,Oil Gas & Consumable Fuels,14.0,SP500,,N,EXTENDED,MEDIUM,NONE,MARKET_CAP_BELOW_THRESHOLD; METADATA_ONLY_AUDIT; below core threshold but retained for extended monitoring,KEEP_EXTENDED
EG,Everest Group Ltd.,US,Financials,Insurance,14.0,SP500,,N,EXTENDED,MEDIUM,NONE,MARKET_CAP_BELOW_THRESHOLD; METADATA_ONLY_AUDIT; below core threshold but retained for extended monitoring,KEEP_EXTENDED
LULU,lululemon athletica inc.,US,Consumer Discretionary,Textiles & Apparel,13.0,SP500,,N,EXTENDED,MEDIUM,NONE,MARKET_CAP_BELOW_THRESHOLD; METADATA_ONLY_AUDIT; below core threshold but retained for extended monitoring,KEEP_EXTENDED
DOC,Healthpeak Properties Inc.,US,Real Estate,Health Care REITs,13.0,SP500,,N,EXTENDED,MEDIUM,NONE,MARKET_CAP_BELOW_THRESHOLD; METADATA_ONLY_AUDIT; below core threshold but retained for extended monitoring,KEEP_EXTENDED
CSGP,CoStar Group Inc.,US,Industrials,Professional Services,13.0,SP500+NDX,,N,EXTENDED,MEDIUM,NONE,MARKET_CAP_BELOW_THRESHOLD; METADATA_ONLY_AUDIT; below core threshold but retained for extended monitoring,KEEP_EXTENDED
TYL,Tyler Technologies Inc.,US,Information Technology,Software,13.0,SP500,,N,EXTENDED,MEDIUM,NONE,MARKET_CAP_BELOW_THRESHOLD; METADATA_ONLY_AUDIT; below core threshold but retained for extended monitoring,KEEP_EXTENDED
DECK,Deckers Outdoor Corporation,US,Consumer Discretionary,Textiles & Apparel,13.0,SP500,,N,EXTENDED,MEDIUM,NONE,MARKET_CAP_BELOW_THRESHOLD; METADATA_ONLY_AUDIT; below core threshold but retained for extended monitoring,KEEP_EXTENDED
J,Jacobs Solutions Inc.,US,Industrials,Construction & Engineering,13.0,SP500,,N,EXTENDED,MEDIUM,NONE,MARKET_CAP_BELOW_THRESHOLD; METADATA_ONLY_AUDIT; below core threshold but retained for extended monitoring,KEEP_EXTENDED
UDR,UDR Inc.,US,Real Estate,Residential REITs,13.0,SP500,,N,EXTENDED,MEDIUM,NONE,MARKET_CAP_BELOW_THRESHOLD; METADATA_ONLY_AUDIT; below core threshold but retained for extended monitoring,KEEP_EXTENDED
CDW,CDW Corporation,US,Information Technology,Electronic Equipment,13.0,SP500,,N,EXTENDED,MEDIUM,NONE,MARKET_CAP_BELOW_THRESHOLD; METADATA_ONLY_AUDIT; below core threshold but retained for extended monitoring,KEEP_EXTENDED
HAS,Hasbro Inc.,US,Consumer Discretionary,Leisure Products,13.0,SP500,,N,EXTENDED,MEDIUM,NONE,MARKET_CAP_BELOW_THRESHOLD; METADATA_ONLY_AUDIT; below core threshold but retained for extended monitoring,KEEP_EXTENDED
SOLV,Solventum Corporation,US,Health Care,Health Care Equipment,13.0,SP500,,N,EXTENDED,MEDIUM,HEALTHCARE_EVENT_RISK,MARKET_CAP_BELOW_THRESHOLD; METADATA_ONLY_AUDIT; below core threshold but retained for extended monitoring,KEEP_EXTENDED
MAS,Masco Corporation,US,Industrials,Building Products,13.0,SP500,,N,EXTENDED,MEDIUM,NONE,MARKET_CAP_BELOW_THRESHOLD; METADATA_ONLY_AUDIT; below core threshold but retained for extended monitoring,KEEP_EXTENDED
HII,Huntington Ingalls Industries Inc.,US,Industrials,Aerospace & Defense,12.0,SP500,,N,EXTENDED,MEDIUM,NONE,MARKET_CAP_BELOW_THRESHOLD; METADATA_ONLY_AUDIT; below core threshold but retained for extended monitoring,KEEP_EXTENDED
TRMB,Trimble Inc.,US,Information Technology,Electronic Equipment,12.0,SP500,,N,EXTENDED,MEDIUM,NONE,MARKET_CAP_BELOW_THRESHOLD; METADATA_ONLY_AUDIT; below core threshold but retained for extended monitoring,KEEP_EXTENDED
GPC,Genuine Parts Company,US,Consumer Discretionary,Distributors,12.0,SP500,,N,EXTENDED,MEDIUM,NONE,MARKET_CAP_BELOW_THRESHOLD; METADATA_ONLY_AUDIT; below core threshold but retained for extended monitoring,KEEP_EXTENDED
DVA,DaVita Inc.,US,Health Care,Health Care Providers,12.0,SP500,,N,EXTENDED,MEDIUM,HEALTHCARE_EVENT_RISK,MARKET_CAP_BELOW_THRESHOLD; METADATA_ONLY_AUDIT; below core threshold but retained for extended monitoring,KEEP_EXTENDED
AIZ,Assurant Inc.,US,Financials,Insurance,12.0,SP500,,N,EXTENDED,MEDIUM,NONE,MARKET_CAP_BELOW_THRESHOLD; METADATA_ONLY_AUDIT; below core threshold but retained for extended monitoring,KEEP_EXTENDED
MKC,McCormick & Company Incorporated,US,Consumer Staples,Food Products,12.0,SP500,,N,EXTENDED,MEDIUM,NONE,MARKET_CAP_BELOW_THRESHOLD; METADATA_ONLY_AUDIT; below core threshold but retained for extended monitoring,KEEP_EXTENDED
ZBRA,Zebra Technologies Corporation,US,Information Technology,Electronic Equipment,12.0,SP500,,N,EXTENDED,MEDIUM,NONE,MARKET_CAP_BELOW_THRESHOLD; METADATA_ONLY_AUDIT; below core threshold but retained for extended monitoring,KEEP_EXTENDED
GL,Globe Life Inc.,US,Financials,Insurance,12.0,SP500,,N,EXTENDED,MEDIUM,NONE,MARKET_CAP_BELOW_THRESHOLD; METADATA_ONLY_AUDIT; below core threshold but retained for extended monitoring,KEEP_EXTENDED
BBY,Best Buy Co. Inc.,US,Consumer Discretionary,Specialty Retail,12.0,SP500,,N,EXTENDED,MEDIUM,NONE,MARKET_CAP_BELOW_THRESHOLD; METADATA_ONLY_AUDIT; below core threshold but retained for extended monitoring,KEEP_EXTENDED
IVZ,Invesco Ltd.,US,Financials,Capital Markets,12.0,SP500,,N,EXTENDED,MEDIUM,NONE,MARKET_CAP_BELOW_THRESHOLD; METADATA_ONLY_AUDIT; below core threshold but retained for extended monitoring,KEEP_EXTENDED
GDDY,GoDaddy Inc.,US,Information Technology,Software,12.0,SP500,,N,EXTENDED,MEDIUM,NONE,MARKET_CAP_BELOW_THRESHOLD; METADATA_ONLY_AUDIT; below core threshold but retained for extended monitoring,KEEP_EXTENDED
PNW,Pinnacle West Capital Corporation,US,Utilities,Electric Utilities,12.0,SP500,,N,EXTENDED,MEDIUM,NONE,MARKET_CAP_BELOW_THRESHOLD; METADATA_ONLY_AUDIT; below core threshold but retained for extended monitoring,KEEP_EXTENDED
BF.B,Brown-Forman Corporation,US,Consumer Staples,Beverages,12.0,SP500,,N,EXTENDED,MEDIUM,NONE,MARKET_CAP_BELOW_THRESHOLD; METADATA_ONLY_AUDIT; below core threshold but retained for extended monitoring,KEEP_EXTENDED
AVY,Avery Dennison Corporation,US,Materials,Containers & Packaging,12.0,SP500,,N,EXTENDED,MEDIUM,NONE,MARKET_CAP_BELOW_THRESHOLD; METADATA_ONLY_AUDIT; below core threshold but retained for extended monitoring,KEEP_EXTENDED
COO,The Cooper Companies Inc.,US,Health Care,Health Care Equipment,11.0,SP500,,N,EXTENDED,MEDIUM,HEALTHCARE_EVENT_RISK,MARKET_CAP_BELOW_THRESHOLD; METADATA_ONLY_AUDIT; below core threshold but retained for extended monitoring,KEEP_EXTENDED
PNR,Pentair plc,US,Industrials,Machinery,11.0,SP500,,N,EXTENDED,MEDIUM,NONE,MARKET_CAP_BELOW_THRESHOLD; METADATA_ONLY_AUDIT; below core threshold but retained for extended monitoring,KEEP_EXTENDED
SWK,Stanley Black & Decker Inc.,US,Consumer Discretionary,Household Durables,11.0,SP500,,N,EXTENDED,MEDIUM,NONE,MARKET_CAP_BELOW_THRESHOLD; METADATA_ONLY_AUDIT; below core threshold but retained for extended monitoring,KEEP_EXTENDED
ERIE,Erie Indemnity Company,US,Financials,Insurance,11.0,SP500,,N,EXTENDED,MEDIUM,NONE,MARKET_CAP_BELOW_THRESHOLD; METADATA_ONLY_AUDIT; below core threshold but retained for extended monitoring,KEEP_EXTENDED
ALGN,Align Technology Inc.,US,Health Care,Health Care Equipment,11.0,SP500,,N,EXTENDED,MEDIUM,HEALTHCARE_EVENT_RISK,MARKET_CAP_BELOW_THRESHOLD; METADATA_ONLY_AUDIT; below core threshold but retained for extended monitoring,KEEP_EXTENDED
CLX,The Clorox Company,US,Consumer Staples,Household Products,11.0,SP500,,N,EXTENDED,MEDIUM,NONE,MARKET_CAP_BELOW_THRESHOLD; METADATA_ONLY_AUDIT; below core threshold but retained for extended monitoring,KEEP_EXTENDED
APTV,Aptiv PLC,US,Consumer Discretionary,Automobile Components,11.0,SP500,,N,EXTENDED,MEDIUM,NONE,MARKET_CAP_BELOW_THRESHOLD; METADATA_ONLY_AUDIT; below core threshold but retained for extended monitoring,KEEP_EXTENDED
HRL,Hormel Foods Corporation,US,Consumer Staples,Food Products,11.0,SP500,,N,EXTENDED,MEDIUM,NONE,MARKET_CAP_BELOW_THRESHOLD; METADATA_ONLY_AUDIT; below core threshold but retained for extended monitoring,KEEP_EXTENDED
SJM,The J. M. Smucker Company,US,Consumer Staples,Food Products,11.0,SP500,,N,EXTENDED,MEDIUM,NONE,MARKET_CAP_BELOW_THRESHOLD; METADATA_ONLY_AUDIT; below core threshold but retained for extended monitoring,KEEP_EXTENDED
ALLE,Allegion plc,US,Industrials,Building Products,11.0,SP500,,N,EXTENDED,MEDIUM,NONE,MARKET_CAP_BELOW_THRESHOLD; METADATA_ONLY_AUDIT; below core threshold but retained for extended monitoring,KEEP_EXTENDED
PSKY,Paramount Skydance Corporation,US,Communication Services,Entertainment,11.0,SP500,,N,EXTENDED,MEDIUM,NONE,MARKET_CAP_BELOW_THRESHOLD; METADATA_ONLY_AUDIT; below core threshold but retained for extended monitoring,KEEP_EXTENDED
CPT,Camden Property Trust,US,Real Estate,Residential REITs,10.0,SP500,,N,EXTENDED,MEDIUM,NONE,MARKET_CAP_BELOW_THRESHOLD; METADATA_ONLY_AUDIT; below core threshold but retained for extended monitoring,KEEP_EXTENDED
BXP,BXP Inc.,US,Real Estate,Office REITs,10.0,SP500,,N,EXTENDED,MEDIUM,NONE,MARKET_CAP_BELOW_THRESHOLD; METADATA_ONLY_AUDIT; below core threshold but retained for extended monitoring,KEEP_EXTENDED
RVTY,Revvity Inc.,US,Health Care,Life Sciences Tools,10.0,SP500,,N,EXTENDED,MEDIUM,HEALTHCARE_EVENT_RISK,MARKET_CAP_BELOW_THRESHOLD; METADATA_ONLY_AUDIT; below core threshold but retained for extended monitoring,KEEP_EXTENDED
SWKS,Skyworks Solutions Inc.,US,Information Technology,Semiconductors,10.0,SP500,,N,EXTENDED,MEDIUM,NONE,MARKET_CAP_BELOW_THRESHOLD; METADATA_ONLY_AUDIT; below core threshold but retained for extended monitoring,KEEP_EXTENDED
PODD,Insulet Corporation,US,Health Care,Health Care Equipment,10.0,SP500,,N,EXTENDED,MEDIUM,HEALTHCARE_EVENT_RISK,MARKET_CAP_BELOW_THRESHOLD; METADATA_ONLY_AUDIT; below core threshold but retained for extended monitoring,KEEP_EXTENDED
TTD,The Trade Desk Inc.,US,Information Technology,Software,10.0,SP500,,N,EXTENDED,MEDIUM,NONE,MARKET_CAP_BELOW_THRESHOLD; METADATA_ONLY_AUDIT; below core threshold but retained for extended monitoring,KEEP_EXTENDED
IT,Gartner Inc.,US,Information Technology,IT Services,10.0,SP500,,N,EXTENDED,MEDIUM,NONE,MARKET_CAP_BELOW_THRESHOLD; METADATA_ONLY_AUDIT; below core threshold but retained for extended monitoring,KEEP_EXTENDED
AES,The AES Corporation,US,Utilities,Independent Power Producers,10.0,SP500,,N,EXTENDED,MEDIUM,NONE,MARKET_CAP_BELOW_THRESHOLD; METADATA_ONLY_AUDIT; below core threshold but retained for extended monitoring,KEEP_EXTENDED
UHS,Universal Health Services Inc.,US,Health Care,Health Care Providers,10.0,SP500,,N,EXTENDED,MEDIUM,HEALTHCARE_EVENT_RISK,MARKET_CAP_BELOW_THRESHOLD; METADATA_ONLY_AUDIT; below core threshold but retained for extended monitoring,KEEP_EXTENDED
DPZ,Domino's Pizza Inc.,US,Consumer Discretionary,Hotels Restaurants,10.0,SP500,,N,EXTENDED,MEDIUM,NONE,MARKET_CAP_BELOW_THRESHOLD; METADATA_ONLY_AUDIT; below core threshold but retained for extended monitoring,KEEP_EXTENDED
FRT,Federal Realty Investment Trust,US,Real Estate,Retail REITs,10.0,SP500,,N,EXTENDED,MEDIUM,NONE,MARKET_CAP_BELOW_THRESHOLD; METADATA_ONLY_AUDIT; below core threshold but retained for extended monitoring,KEEP_EXTENDED
JKHY,Jack Henry & Associates Inc.,US,Financials,Financial Services,10.0,SP500,,N,EXTENDED,MEDIUM,NONE,MARKET_CAP_BELOW_THRESHOLD; METADATA_ONLY_AUDIT; below core threshold but retained for extended monitoring,KEEP_EXTENDED
WYNN,Wynn Resorts Limited,US,Consumer Discretionary,Hotels Restaurants,10.0,SP500,,N,EXTENDED,MEDIUM,NONE,MARKET_CAP_BELOW_THRESHOLD; METADATA_ONLY_AUDIT; below core threshold but retained for extended monitoring,KEEP_EXTENDED
MGM,MGM Resorts International,US,Consumer Discretionary,Hotels Restaurants,9.0,SP500,,N,EXTENDED,MEDIUM,NONE,MARKET_CAP_BELOW_THRESHOLD; METADATA_ONLY_AUDIT; sub-10B row retained outside core classification,KEEP_EXTENDED
BAX,Baxter International Inc.,US,Health Care,Health Care Equipment,9.0,SP500,,Y,EXCLUDE_CANDIDATE,VERY_HIGH,TURNAROUND_RISK;SMALL_CAP_RISK;DATA_LIMITATION;HEALTHCARE_EVENT_RISK,TURNAROUND_IN_PROGRESS; MARKET_CAP_BELOW_THRESHOLD; NO_FINANCIAL_DATA_AVAILABLE; turnaround healthcare row below 10B metadata threshold,EXCLUSION_REVIEW
HSIC,Henry Schein Inc.,US,Health Care,Health Care Providers,8.0,SP500,,N,HIGH_RISK_REVIEW,HIGH,HEALTHCARE_EVENT_RISK,SECTOR_VOLATILITY; MARKET_CAP_BELOW_THRESHOLD; METADATA_ONLY_AUDIT; sub-10B metadata row needs review before scoring,REVIEW_BEFORE_SCORING
FDS,FactSet Research Systems Inc.,US,Financials,Capital Markets,8.0,SP500,,N,EXTENDED,MEDIUM,NONE,MARKET_CAP_BELOW_THRESHOLD; METADATA_ONLY_AUDIT; sub-10B row retained outside core classification,KEEP_EXTENDED
ARE,Alexandria Real Estate Equities Inc.,US,Real Estate,Office REITs,8.0,SP500,,N,EXTENDED,MEDIUM,NONE,MARKET_CAP_BELOW_THRESHOLD; METADATA_ONLY_AUDIT; sub-10B row retained outside core classification,KEEP_EXTENDED
TAP,Molson Coors Beverage Company,US,Consumer Staples,Beverages,8.0,SP500,,N,EXTENDED,MEDIUM,NONE,MARKET_CAP_BELOW_THRESHOLD; METADATA_ONLY_AUDIT; sub-10B row retained outside core classification,KEEP_EXTENDED
AOS,A. O. Smith Corporation,US,Industrials,Building Products,8.0,SP500,,N,EXTENDED,MEDIUM,NONE,MARKET_CAP_BELOW_THRESHOLD; METADATA_ONLY_AUDIT; sub-10B row retained outside core classification,KEEP_EXTENDED
BLDR,Builders FirstSource Inc.,US,Industrials,Building Products,8.0,SP500,,N,EXTENDED,MEDIUM,NONE,MARKET_CAP_BELOW_THRESHOLD; METADATA_ONLY_AUDIT; sub-10B row retained outside core classification,KEEP_EXTENDED
CRL,Charles River Laboratories International Inc.,US,Health Care,Life Sciences Tools,7.0,SP500,,N,HIGH_RISK_REVIEW,HIGH,HEALTHCARE_EVENT_RISK,SECTOR_VOLATILITY; MARKET_CAP_BELOW_THRESHOLD; METADATA_ONLY_AUDIT; sub-10B metadata row needs review before scoring,REVIEW_BEFORE_SCORING
NCLH,Norwegian Cruise Line Holdings Ltd.,US,Consumer Discretionary,Hotels Restaurants,7.0,SP500,,N,EXTENDED,MEDIUM,NONE,MARKET_CAP_BELOW_THRESHOLD; METADATA_ONLY_AUDIT; sub-10B row retained outside core classification,KEEP_EXTENDED
TECH,Bio-Techne Corporation,US,Health Care,Life Sciences Tools,7.0,SP500,,N,HIGH_RISK_REVIEW,HIGH,HEALTHCARE_EVENT_RISK,SECTOR_VOLATILITY; MARKET_CAP_BELOW_THRESHOLD; METADATA_ONLY_AUDIT; sub-10B metadata row needs review before scoring,REVIEW_BEFORE_SCORING
MOS,The Mosaic Company,US,Materials,Chemicals,7.0,SP500,,N,EXTENDED,MEDIUM,NONE,MARKET_CAP_BELOW_THRESHOLD; METADATA_ONLY_AUDIT; sub-10B row retained outside core classification,KEEP_EXTENDED
POOL,Pool Corporation,US,Consumer Discretionary,Distributors,7.0,SP500,,N,EXTENDED,MEDIUM,NONE,MARKET_CAP_BELOW_THRESHOLD; METADATA_ONLY_AUDIT; sub-10B row retained outside core classification,KEEP_EXTENDED
CAG,Conagra Brands Inc.,US,Consumer Staples,Food Products,7.0,SP500,,N,EXTENDED,MEDIUM,NONE,MARKET_CAP_BELOW_THRESHOLD; METADATA_ONLY_AUDIT; sub-10B row retained outside core classification,KEEP_EXTENDED
CPB,The Campbell's Company,US,Consumer Staples,Food Products,6.0,SP500,,N,EXTENDED,MEDIUM,NONE,MARKET_CAP_BELOW_THRESHOLD; METADATA_ONLY_AUDIT; sub-10B row retained outside core classification,KEEP_EXTENDED
EPAM,EPAM Systems Inc.,US,Information Technology,IT Services,5.0,SP500,,N,EXTENDED,MEDIUM,NONE,MARKET_CAP_BELOW_THRESHOLD; METADATA_ONLY_AUDIT; sub-10B row retained outside core classification,KEEP_EXTENDED
ASML,ASML Holding N.V.,US,Information Technology,Semiconductor Equipment,597.0,NDX_ADR,BIG_TECH_AI_INFRA,N,CORE,LOW,ADR_FOREIGN_LISTING,ADR_LISTING_RISK; METADATA_ONLY_AUDIT; large-cap metadata row without forced review marker,KEEP_CORE
ARM,Arm Holdings plc,US,Information Technology,Semiconductors,235.0,NDX_ADR,BIG_TECH_AI_INFRA,N,CORE,LOW,ADR_FOREIGN_LISTING,ADR_LISTING_RISK; METADATA_ONLY_AUDIT; large-cap metadata row without forced review marker,KEEP_CORE
PDD,PDD Holdings Inc.,US,Consumer Discretionary,Broadline Retail,141.0,NDX_ADR,,N,CORE,LOW,ADR_FOREIGN_LISTING,ADR_LISTING_RISK; METADATA_ONLY_AUDIT; large-cap metadata row without forced review marker,KEEP_CORE
SHOP,Shopify Inc.,US,Information Technology,Software,123.0,NDX_ADR,,N,CORE,LOW,ADR_FOREIGN_LISTING,ADR_LISTING_RISK; METADATA_ONLY_AUDIT; large-cap metadata row without forced review marker,KEEP_CORE
MELI,MercadoLibre Inc.,US,Consumer Discretionary,Broadline Retail,79.0,NDX_ADR,,N,CORE,LOW,ADR_FOREIGN_LISTING,ADR_LISTING_RISK; METADATA_ONLY_AUDIT; large-cap metadata row without forced review marker,KEEP_CORE
MSTR,Strategy Inc,US,Information Technology,Software,62.0,NDX,,N,CORE,LOW,NONE,METADATA_ONLY_AUDIT; large-cap metadata row without forced review marker,KEEP_CORE
FER,Ferrovial N.V.,US,Industrials,Construction & Engineering,48.0,NDX_ADR,,N,EXTENDED,MEDIUM,ADR_FOREIGN_LISTING,ADR_LISTING_RISK; MARKET_CAP_BELOW_THRESHOLD; METADATA_ONLY_AUDIT; below core threshold but retained for extended monitoring,KEEP_EXTENDED
CCEP,Coca-Cola Europacific Partners PLC,US,Consumer Staples,Beverages,40.0,NDX_ADR,,N,EXTENDED,MEDIUM,ADR_FOREIGN_LISTING,ADR_LISTING_RISK; MARKET_CAP_BELOW_THRESHOLD; METADATA_ONLY_AUDIT; below core threshold but retained for extended monitoring,KEEP_EXTENDED
ALNY,Alnylam Pharmaceuticals Inc.,US,Health Care,Biotechnology,38.0,NDX,,N,HIGH_RISK_REVIEW,HIGH,BIOTECH_RISK;HEALTHCARE_EVENT_RISK,BIOTECH_CLINICAL_RISK; METADATA_ONLY_AUDIT; mid-large biotechnology row needs review before scoring,REVIEW_BEFORE_SCORING
TRI,Thomson Reuters Corporation,US,Industrials,Professional Services,35.0,NDX_ADR,,N,EXTENDED,MEDIUM,ADR_FOREIGN_LISTING,ADR_LISTING_RISK; MARKET_CAP_BELOW_THRESHOLD; METADATA_ONLY_AUDIT; below core threshold but retained for extended monitoring,KEEP_EXTENDED
INSM,Insmed Incorporated,US,Health Care,Biotechnology,25.0,NDX,,N,HIGH_RISK_REVIEW,HIGH,BIOTECH_RISK;HEALTHCARE_EVENT_RISK,BIOTECH_CLINICAL_RISK; MARKET_CAP_BELOW_THRESHOLD; METADATA_ONLY_AUDIT; biotechnology row below 30B metadata threshold,REVIEW_BEFORE_SCORING
ZS,Zscaler Inc.,US,Information Technology,Software,24.0,NDX,,N,EXTENDED,MEDIUM,NONE,MARKET_CAP_BELOW_THRESHOLD; METADATA_ONLY_AUDIT; below core threshold but retained for extended monitoring,KEEP_EXTENDED
MRVL,Marvell Technology Inc.,US,Information Technology,Semiconductors,155.0,NDX,,N,CORE,LOW,NONE,METADATA_ONLY_AUDIT; large-cap metadata row without forced review marker,KEEP_CORE
TEAM,Atlassian Corporation,US,Information Technology,Software,20.0,FORMER_NDX_2026_ADR,,N,EXTENDED,MEDIUM,ADR_FOREIGN_LISTING,ADR_LISTING_RISK; MARKET_CAP_BELOW_THRESHOLD; METADATA_ONLY_AUDIT; below core threshold but retained for extended monitoring,KEEP_EXTENDED
TSM,Taiwan Semiconductor Manufacturing Company Limited,US,Information Technology,Semiconductors,1100.0,ADR_50B+,BIG_TECH_AI_INFRA,N,CORE,LOW,ADR_FOREIGN_LISTING,ADR_LISTING_RISK; METADATA_ONLY_AUDIT; large-cap metadata row without forced review marker,KEEP_CORE
NVO,Novo Nordisk A/S,US,Health Care,Pharmaceuticals,180.0,ADR_50B+,,N,CORE,LOW,ADR_FOREIGN_LISTING,ADR_LISTING_RISK; METADATA_ONLY_AUDIT; large-cap metadata row without forced review marker,KEEP_CORE
NVS,Novartis AG,US,Health Care,Pharmaceuticals,250.0,ADR_50B+,,N,CORE,LOW,ADR_FOREIGN_LISTING,ADR_LISTING_RISK; METADATA_ONLY_AUDIT; large-cap metadata row without forced review marker,KEEP_CORE
AZN,AstraZeneca PLC,US,Health Care,Pharmaceuticals,230.0,ADR_50B+,,N,CORE,LOW,ADR_FOREIGN_LISTING,ADR_LISTING_RISK; METADATA_ONLY_AUDIT; large-cap metadata row without forced review marker,KEEP_CORE
SAP,SAP SE,US,Information Technology,Software,320.0,ADR_50B+,,N,CORE,LOW,ADR_FOREIGN_LISTING,ADR_LISTING_RISK; METADATA_ONLY_AUDIT; large-cap metadata row without forced review marker,KEEP_CORE
BABA,Alibaba Group Holding Limited,US,Consumer Discretionary,Broadline Retail,280.0,ADR_50B+,,N,CORE,LOW,ADR_FOREIGN_LISTING,ADR_LISTING_RISK; METADATA_ONLY_AUDIT; large-cap metadata row without forced review marker,KEEP_CORE
TM,Toyota Motor Corporation,US,Consumer Discretionary,Automobiles,250.0,ADR_50B+,,N,CORE,LOW,ADR_FOREIGN_LISTING,ADR_LISTING_RISK; METADATA_ONLY_AUDIT; large-cap metadata row without forced review marker,KEEP_CORE
SHEL,Shell plc,US,Energy,Oil Gas & Consumable Fuels,230.0,ADR_50B+,,N,CORE,LOW,ADR_FOREIGN_LISTING,ADR_LISTING_RISK; METADATA_ONLY_AUDIT; large-cap metadata row without forced review marker,KEEP_CORE
TTE,TotalEnergies SE,US,Energy,Oil Gas & Consumable Fuels,150.0,ADR_50B+,,N,CORE,LOW,ADR_FOREIGN_LISTING,ADR_LISTING_RISK; METADATA_ONLY_AUDIT; large-cap metadata row without forced review marker,KEEP_CORE
HSBC,HSBC Holdings plc,US,Financials,Banks,180.0,ADR_50B+,,N,CORE,LOW,ADR_FOREIGN_LISTING,ADR_LISTING_RISK; METADATA_ONLY_AUDIT; large-cap metadata row without forced review marker,KEEP_CORE
MUFG,Mitsubishi UFJ Financial Group Inc.,US,Financials,Banks,130.0,ADR_50B+,,N,CORE,LOW,ADR_FOREIGN_LISTING,ADR_LISTING_RISK; METADATA_ONLY_AUDIT; large-cap metadata row without forced review marker,KEEP_CORE
BHP,BHP Group Limited,US,Materials,Metals & Mining,130.0,ADR_50B+,,N,CORE,LOW,ADR_FOREIGN_LISTING,ADR_LISTING_RISK; METADATA_ONLY_AUDIT; large-cap metadata row without forced review marker,KEEP_CORE
RIO,Rio Tinto Group,US,Materials,Metals & Mining,105.0,ADR_50B+,,N,CORE,LOW,ADR_FOREIGN_LISTING,ADR_LISTING_RISK; METADATA_ONLY_AUDIT; large-cap metadata row without forced review marker,KEEP_CORE
UL,Unilever PLC,US,Consumer Staples,Personal Care Products,140.0,ADR_50B+,,N,CORE,LOW,ADR_FOREIGN_LISTING,ADR_LISTING_RISK; METADATA_ONLY_AUDIT; large-cap metadata row without forced review marker,KEEP_CORE
BTI,British American Tobacco p.l.c.,US,Consumer Staples,Tobacco,88.0,ADR_50B+,,N,CORE,LOW,ADR_FOREIGN_LISTING,ADR_LISTING_RISK; METADATA_ONLY_AUDIT; large-cap metadata row without forced review marker,KEEP_CORE
BUD,Anheuser-Busch InBev SA/NV,US,Consumer Staples,Beverages,115.0,ADR_50B+,,N,CORE,LOW,ADR_FOREIGN_LISTING,ADR_LISTING_RISK; METADATA_ONLY_AUDIT; large-cap metadata row without forced review marker,KEEP_CORE
DEO,Diageo plc,US,Consumer Staples,Beverages,75.0,ADR_50B+,,N,CORE,LOW,ADR_FOREIGN_LISTING,ADR_LISTING_RISK; METADATA_ONLY_AUDIT; large-cap metadata row without forced review marker,KEEP_CORE
SONY,Sony Group Corporation,US,Consumer Discretionary,Household Durables,110.0,ADR_50B+,,N,CORE,LOW,ADR_FOREIGN_LISTING,ADR_LISTING_RISK; METADATA_ONLY_AUDIT; large-cap metadata row without forced review marker,KEEP_CORE
HMC,Honda Motor Co. Ltd.,US,Consumer Discretionary,Automobiles,50.0,ADR_50B+,,N,CORE,LOW,ADR_FOREIGN_LISTING,ADR_LISTING_RISK; METADATA_ONLY_AUDIT; large-cap metadata row without forced review marker,KEEP_CORE
BP,BP p.l.c.,US,Energy,Oil Gas & Consumable Fuels,90.0,ADR_50B+,,N,CORE,LOW,ADR_FOREIGN_LISTING,ADR_LISTING_RISK; METADATA_ONLY_AUDIT; large-cap metadata row without forced review marker,KEEP_CORE
E,Eni S.p.A.,US,Energy,Oil Gas & Consumable Fuels,50.0,ADR_50B+,,N,CORE,LOW,ADR_FOREIGN_LISTING,ADR_LISTING_RISK; METADATA_ONLY_AUDIT; large-cap metadata row without forced review marker,KEEP_CORE
RELX,RELX PLC,US,Industrials,Professional Services,90.0,ADR_50B+,,N,CORE,LOW,ADR_FOREIGN_LISTING,ADR_LISTING_RISK; METADATA_ONLY_AUDIT; large-cap metadata row without forced review marker,KEEP_CORE
ASR,Grupo Aeroportuario del Sureste,US,Industrials,Transportation Infrastructure,8.0,ADR,,N,EXTENDED,MEDIUM,ADR_FOREIGN_LISTING,MARKET_CAP_BELOW_THRESHOLD; METADATA_ONLY_AUDIT; sub-10B row retained outside core classification,KEEP_EXTENDED
BSAC,Banco Santander-Chile,US,Financials,Banks,8.0,ADR,,N,EXTENDED,MEDIUM,ADR_FOREIGN_LISTING,MARKET_CAP_BELOW_THRESHOLD; METADATA_ONLY_AUDIT; sub-10B row retained outside core classification,KEEP_EXTENDED
ABEV,Ambev S.A.,US,Consumer Staples,Beverages,35.0,ADR,,N,EXTENDED,MEDIUM,ADR_FOREIGN_LISTING,ADR_LISTING_RISK; MARKET_CAP_BELOW_THRESHOLD; METADATA_ONLY_AUDIT; below core threshold but retained for extended monitoring,KEEP_EXTENDED
VALE,Vale S.A.,US,Materials,Metals & Mining,50.0,ADR,,N,CORE,LOW,ADR_FOREIGN_LISTING,ADR_LISTING_RISK; METADATA_ONLY_AUDIT; large-cap metadata row without forced review marker,KEEP_CORE
ITUB,Itaú Unibanco Holding S.A.,US,Financials,Banks,70.0,ADR,,N,CORE,LOW,ADR_FOREIGN_LISTING,ADR_LISTING_RISK; METADATA_ONLY_AUDIT; large-cap metadata row without forced review marker,KEEP_CORE
BBD,Banco Bradesco S.A.,US,Financials,Banks,32.0,ADR,,N,EXTENDED,MEDIUM,ADR_FOREIGN_LISTING,ADR_LISTING_RISK; MARKET_CAP_BELOW_THRESHOLD; METADATA_ONLY_AUDIT; below core threshold but retained for extended monitoring,KEEP_EXTENDED
PBR,Petróleo Brasileiro S.A.,US,Energy,Oil Gas & Consumable Fuels,95.0,ADR,,N,CORE,LOW,ADR_FOREIGN_LISTING,ADR_LISTING_RISK; METADATA_ONLY_AUDIT; large-cap metadata row without forced review marker,KEEP_CORE
VEEV,Veeva Systems Inc.,US,Health Care,Health Care Technology,26.1,SP500_NEW_MAY2026; market_cap_stockanalysis_2026_05_26,,N,EXTENDED,MEDIUM,HEALTHCARE_EVENT_RISK;RECENT_INDEX_INCLUSION,RECENT_INDEX_INCLUSION; MARKET_CAP_BELOW_THRESHOLD; METADATA_ONLY_AUDIT; below core threshold but retained for extended monitoring,KEEP_EXTENDED
005930.KS,삼성전자,KR,Information Technology,Semiconductors,1248.6,KOSPI_TOP_AI_INFRA; JUDAL_2026_05_26,,N,CORE,LOW,NONE,METADATA_ONLY_AUDIT; large-cap metadata row without forced review marker,KEEP_CORE
000660.KS,SK하이닉스,KR,Information Technology,Semiconductors,1044.6,KOSPI_TOP_HBM; JUDAL_2026_05_26,,N,CORE,LOW,NONE,METADATA_ONLY_AUDIT; large-cap metadata row without forced review marker,KEEP_CORE
373220.KS,LG에너지솔루션,KR,Industrials,Electrical Equipment,66.8,KOSPI_TOP_BATTERY; JUDAL_2026_05_26,,N,CORE,LOW,NONE,METADATA_ONLY_AUDIT; large-cap metadata row without forced review marker,KEEP_CORE
207940.KS,삼성바이오로직스,KR,Health Care,Biotechnology,47.1,KOSPI_TOP_CDMO; JUDAL_2026_05_26,,N,EXTENDED,MEDIUM,BIOTECH_RISK;HEALTHCARE_EVENT_RISK,MARKET_CAP_BELOW_THRESHOLD; METADATA_ONLY_AUDIT; below core threshold but retained for extended monitoring,KEEP_EXTENDED
402340.KS,SK스퀘어,KR,Financials,Diversified Financial Services,111.3,KOSPI_TOP_SK_HOLDING; JUDAL_2026_05_26; holding_classification_v0_2; sk_square_financial_holding_classification_v0_2,Holding,N,CORE,LOW,HOLDING_COMPANY,HOLDING_COMPANY_NATURE; METADATA_ONLY_AUDIT; large-cap metadata row without forced review marker,KEEP_CORE
005935.KS,삼성전자우,KR,Information Technology,Semiconductors,107.3,KOSPI_TOP_PREFERRED; JUDAL_2026_05_26,,N,CORE,LOW,NONE,METADATA_ONLY_AUDIT; large-cap metadata row without forced review marker,KEEP_CORE
009150.KS,삼성전기,KR,Information Technology,Electronic Components,83.9,KOSPI_TOP_MLCC_APPLE; JUDAL_2026_05_26,,N,CORE,LOW,NONE,METADATA_ONLY_AUDIT; large-cap metadata row without forced review marker,KEEP_CORE
005380.KS,현대차,KR,Consumer Discretionary,Automobiles,100.8,KOSPI_TOP; JUDAL_2026_05_26,,N,CORE,LOW,NONE,METADATA_ONLY_AUDIT; large-cap metadata row without forced review marker,KEEP_CORE
000270.KS,기아,KR,Consumer Discretionary,Automobiles,46.6,KOSPI_TOP; JUDAL_2026_05_26,,N,EXTENDED,MEDIUM,NONE,MARKET_CAP_BELOW_THRESHOLD; METADATA_ONLY_AUDIT; below core threshold but retained for extended monitoring,KEEP_EXTENDED
068270.KS,셀트리온,KR,Health Care,Biotechnology,30.9,KOSPI_TOP; JUDAL_2026_05_26,,N,EXTENDED,MEDIUM,BIOTECH_RISK;HEALTHCARE_EVENT_RISK,MARKET_CAP_BELOW_THRESHOLD; METADATA_ONLY_AUDIT; below core threshold but retained for extended monitoring,KEEP_EXTENDED
034020.KS,두산에너빌리티,KR,Industrials,Electrical Equipment,51.5,KOSPI_TOP_NUCLEAR; JUDAL_2026_05_26,,N,CORE,LOW,NONE,METADATA_ONLY_AUDIT; large-cap metadata row without forced review marker,KEEP_CORE
329180.KS,HD현대중공업,KR,Industrials,Machinery,55.9,KOSPI_TOP_SHIPBUILDING; JUDAL_2026_05_26,,N,CORE,LOW,NONE,METADATA_ONLY_AUDIT; large-cap metadata row without forced review marker,KEEP_CORE
012450.KS,한화에어로스페이스,KR,Industrials,Aerospace & Defense,46.1,KOSPI_TOP_DEFENSE; JUDAL_2026_05_26,,N,EXTENDED,MEDIUM,NONE,MARKET_CAP_BELOW_THRESHOLD; METADATA_ONLY_AUDIT; below core threshold but retained for extended monitoring,KEEP_EXTENDED
042660.KS,한화오션,KR,Industrials,Machinery,29.5,KOSPI_TOP_SHIPBUILDING; JUDAL_2026_05_26,,N,EXTENDED,MEDIUM,NONE,MARKET_CAP_BELOW_THRESHOLD; METADATA_ONLY_AUDIT; below core threshold but retained for extended monitoring,KEEP_EXTENDED
028260.KS,삼성물산,KR,Industrials,Industrial Conglomerates,47.6,KOSPI_TOP; JUDAL_2026_05_26; company_type_conglomerate_v0_2,Conglomerate,N,EXTENDED,MEDIUM,NONE,MARKET_CAP_BELOW_THRESHOLD; METADATA_ONLY_AUDIT; below core threshold but retained for extended monitoring,KEEP_EXTENDED
006400.KS,삼성SDI,KR,Industrials,Electrical Equipment,37.0,KOSPI_TOP_BATTERY; JUDAL_2026_05_26,,N,EXTENDED,MEDIUM,NONE,MARKET_CAP_BELOW_THRESHOLD; METADATA_ONLY_AUDIT; below core threshold but retained for extended monitoring,KEEP_EXTENDED
005490.KS,POSCO홀딩스,KR,Materials,Metals & Mining,25.0,KOSPI_TOP_ADR_AVAILABLE; JUDAL_2026_05_26,,N,EXTENDED,MEDIUM,ADR_FOREIGN_LISTING,ADR_LISTING_RISK; MARKET_CAP_BELOW_THRESHOLD; METADATA_ONLY_AUDIT; below core threshold but retained for extended monitoring,KEEP_EXTENDED
035420.KS,NAVER,KR,Communication Services,Interactive Media,22.4,KOSPI_TOP; JUDAL_2026_05_26,,N,EXTENDED,MEDIUM,NONE,MARKET_CAP_BELOW_THRESHOLD; METADATA_ONLY_AUDIT; below core threshold but retained for extended monitoring,KEEP_EXTENDED
267260.KS,HD현대일렉트릭,KR,Industrials,Electrical Equipment,29.6,KOSPI_TOP_TRANSFORMER; JUDAL_2026_05_26,,N,EXTENDED,MEDIUM,NONE,MARKET_CAP_BELOW_THRESHOLD; METADATA_ONLY_AUDIT; below core threshold but retained for extended monitoring,KEEP_EXTENDED
105560.KS,KB금융,KR,Financials,Banks,41.9,KOSPI_TOP_FOREIGN_HIGH; JUDAL_2026_05_26; holding_classification_v0_2,Holding,N,EXTENDED,MEDIUM,HOLDING_COMPANY,HOLDING_COMPANY_NATURE; MARKET_CAP_BELOW_THRESHOLD; METADATA_ONLY_AUDIT; below core threshold but retained for extended monitoring,KEEP_EXTENDED
298040.KS,효성중공업,KR,Industrials,Electrical Equipment,25.5,KOSPI_TOP_TRANSFORMER; JUDAL_2026_05_26,,N,EXTENDED,MEDIUM,NONE,MARKET_CAP_BELOW_THRESHOLD; METADATA_ONLY_AUDIT; below core threshold but retained for extended monitoring,KEEP_EXTENDED
010120.KS,LS ELECTRIC,KR,Industrials,Electrical Equipment,30.5,KOSPI_TOP_TRANSFORMER_AIINFRA; JUDAL_2026_05_26,,N,EXTENDED,MEDIUM,NONE,MARKET_CAP_BELOW_THRESHOLD; METADATA_ONLY_AUDIT; below core threshold but retained for extended monitoring,KEEP_EXTENDED
055550.KS,신한지주,KR,Financials,Banks,32.5,KOSPI_TOP_FOREIGN_HIGH; JUDAL_2026_05_26; holding_classification_v0_2,Holding,N,EXTENDED,MEDIUM,HOLDING_COMPANY,HOLDING_COMPANY_NATURE; MARKET_CAP_BELOW_THRESHOLD; METADATA_ONLY_AUDIT; below core threshold but retained for extended monitoring,KEEP_EXTENDED
034730.KS,SK,KR,Industrials,Industrial Conglomerates,34.0,KOSPI_TOP_HOLDING; JUDAL_2026_05_26; holding_classification_v0_2,Holding,N,EXTENDED,MEDIUM,HOLDING_COMPANY,HOLDING_COMPANY_NATURE; MARKET_CAP_BELOW_THRESHOLD; METADATA_ONLY_AUDIT; below core threshold but retained for extended monitoring,KEEP_EXTENDED
012330.KS,현대모비스,KR,Consumer Discretionary,Automobile Components,43.0,KOSPI_TOP; JUDAL_2026_05_26,,N,EXTENDED,MEDIUM,NONE,MARKET_CAP_BELOW_THRESHOLD; METADATA_ONLY_AUDIT; below core threshold but retained for extended monitoring,KEEP_EXTENDED
010130.KS,고려아연,KR,Materials,Metals & Mining,21.5,KOSPI_TOP_ZINC; JUDAL_2026_05_26,,N,EXTENDED,MEDIUM,NONE,MARKET_CAP_BELOW_THRESHOLD; METADATA_ONLY_AUDIT; below core threshold but retained for extended monitoring,KEEP_EXTENDED
051910.KS,LG화학,KR,Materials,Chemicals,17.7,KOSPI_TOP; JUDAL_2026_05_26,,N,EXTENDED,MEDIUM,NONE,MARKET_CAP_BELOW_THRESHOLD; METADATA_ONLY_AUDIT; below core threshold but retained for extended monitoring,KEEP_EXTENDED
032830.KS,삼성생명,KR,Financials,Insurance,49.7,KOSPI_TOP; JUDAL_2026_05_26,,N,EXTENDED,MEDIUM,NONE,MARKET_CAP_BELOW_THRESHOLD; METADATA_ONLY_AUDIT; below core threshold but retained for extended monitoring,KEEP_EXTENDED
009540.KS,HD한국조선해양,KR,Industrials,Machinery,22.5,KOSPI_TOP_SHIPBUILDING; JUDAL_2026_05_26; holding_classification_v0_2,Holding,N,EXTENDED,MEDIUM,HOLDING_COMPANY,HOLDING_COMPANY_NATURE; MARKET_CAP_BELOW_THRESHOLD; METADATA_ONLY_AUDIT; below core threshold but retained for extended monitoring,KEEP_EXTENDED
000810.KS,삼성화재,KR,Financials,Insurance,18.5,KOSPI_TOP_FOREIGN_HIGH; JUDAL_2026_05_26,,N,EXTENDED,MEDIUM,NONE,MARKET_CAP_BELOW_THRESHOLD; METADATA_ONLY_AUDIT; below core threshold but retained for extended monitoring,KEEP_EXTENDED
079550.KS,LIG넥스원,KR,Industrials,Aerospace & Defense,14.3,KOSPI_TOP_DEFENSE; JUDAL_2026_05_26,,N,EXTENDED,MEDIUM,NONE,MARKET_CAP_BELOW_THRESHOLD; METADATA_ONLY_AUDIT; below core threshold but retained for extended monitoring,KEEP_EXTENDED
066570.KS,LG전자,KR,Consumer Discretionary,Household Durables,27.9,KOSPI_TOP; JUDAL_2026_05_26,,N,EXTENDED,MEDIUM,NONE,MARKET_CAP_BELOW_THRESHOLD; METADATA_ONLY_AUDIT; below core threshold but retained for extended monitoring,KEEP_EXTENDED
011200.KS,HMM,KR,Industrials,Marine Transportation,13.6,KOSPI_TOP_SHIPPING; JUDAL_2026_05_26,,N,EXTENDED,MEDIUM,NONE,MARKET_CAP_BELOW_THRESHOLD; METADATA_ONLY_AUDIT; below core threshold but retained for extended monitoring,KEEP_EXTENDED
011070.KS,LG이노텍,KR,Information Technology,Electronic Components,18.1,KOSPI_TOP_APPLE_SUPPLIER; JUDAL_2026_05_26,,N,EXTENDED,MEDIUM,NONE,MARKET_CAP_BELOW_THRESHOLD; METADATA_ONLY_AUDIT; below core threshold but retained for extended monitoring,KEEP_EXTENDED
042700.KS,한미반도체,KR,Information Technology,Semiconductor Equipment,22.4,KOSPI_TOP_HBM; JUDAL_2026_05_26,,N,EXTENDED,MEDIUM,NONE,MARKET_CAP_BELOW_THRESHOLD; METADATA_ONLY_AUDIT; below core threshold but retained for extended monitoring,KEEP_EXTENDED
272210.KS,한화시스템,KR,Industrials,Aerospace & Defense,15.5,KOSPI_TOP_DEFENSE; JUDAL_2026_05_26,,N,EXTENDED,MEDIUM,NONE,MARKET_CAP_BELOW_THRESHOLD; METADATA_ONLY_AUDIT; below core threshold but retained for extended monitoring,KEEP_EXTENDED
033780.KS,KT&G,KR,Consumer Staples,Tobacco,13.5,KOSPI_TOP_FOREIGN_HIGH; JUDAL_2026_05_26,,N,EXTENDED,MEDIUM,NONE,MARKET_CAP_BELOW_THRESHOLD; METADATA_ONLY_AUDIT; below core threshold but retained for extended monitoring,KEEP_EXTENDED
086790.KS,하나금융지주,KR,Financials,Banks,23.5,KOSPI_TOP_FOREIGN_HIGH; JUDAL_2026_05_26; holding_classification_v0_2,Holding,N,EXTENDED,MEDIUM,HOLDING_COMPANY,HOLDING_COMPANY_NATURE; MARKET_CAP_BELOW_THRESHOLD; METADATA_ONLY_AUDIT; below core threshold but retained for extended monitoring,KEEP_EXTENDED
000150.KS,두산,KR,Industrials,Industrial Conglomerates,20.6,KOSPI_TOP; JUDAL_2026_05_26; holding_classification_v0_2,Holding,N,EXTENDED,MEDIUM,HOLDING_COMPANY,HOLDING_COMPANY_NATURE; MARKET_CAP_BELOW_THRESHOLD; METADATA_ONLY_AUDIT; below core threshold but retained for extended monitoring,KEEP_EXTENDED
259960.KS,크래프톤,KR,Communication Services,Entertainment,8.6,KOSPI_TOP_GAME; JUDAL_2026_05_26,,N,EXTENDED,MEDIUM,NONE,MARKET_CAP_BELOW_THRESHOLD; METADATA_ONLY_AUDIT; sub-10B row retained outside core classification,KEEP_EXTENDED
064350.KS,현대로템,KR,Industrials,Machinery,16.7,KOSPI_TOP_DEFENSE_RAIL; JUDAL_2026_05_26,,N,EXTENDED,MEDIUM,NONE,MARKET_CAP_BELOW_THRESHOLD; METADATA_ONLY_AUDIT; below core threshold but retained for extended monitoring,KEEP_EXTENDED
267250.KS,HD현대,KR,Industrials,Industrial Conglomerates,16.3,KOSPI_TOP; JUDAL_2026_05_26; holding_classification_v0_2,Holding,N,EXTENDED,MEDIUM,HOLDING_COMPANY,HOLDING_COMPANY_NATURE; MARKET_CAP_BELOW_THRESHOLD; METADATA_ONLY_AUDIT; below core threshold but retained for extended monitoring,KEEP_EXTENDED
010140.KS,삼성중공업,KR,Industrials,Machinery,19.1,KOSPI_TOP_SHIPBUILDING; JUDAL_2026_05_26,,N,EXTENDED,MEDIUM,NONE,MARKET_CAP_BELOW_THRESHOLD; METADATA_ONLY_AUDIT; below core threshold but retained for extended monitoring,KEEP_EXTENDED
352820.KS,하이브,KR,Communication Services,Entertainment,7.3,KOSPI_TOP_KPOP; JUDAL_2026_05_26,,N,EXTENDED,MEDIUM,NONE,MARKET_CAP_BELOW_THRESHOLD; METADATA_ONLY_AUDIT; sub-10B row retained outside core classification,KEEP_EXTENDED
015760.KS,한국전력,KR,Utilities,Electric Utilities,18.5,KOSPI_TOP_ADR_AVAILABLE; JUDAL_2026_05_26,,N,EXTENDED,MEDIUM,ADR_FOREIGN_LISTING,ADR_LISTING_RISK; MARKET_CAP_BELOW_THRESHOLD; METADATA_ONLY_AUDIT; below core threshold but retained for extended monitoring,KEEP_EXTENDED
316140.KS,우리금융지주,KR,Financials,Banks,16.2,KOSPI_TOP_ADR_AVAILABLE_FOREIGN_HIGH; JUDAL_2026_05_26; holding_classification_v0_2,Holding,N,EXTENDED,MEDIUM,ADR_FOREIGN_LISTING;HOLDING_COMPANY,HOLDING_COMPANY_NATURE; MARKET_CAP_BELOW_THRESHOLD; METADATA_ONLY_AUDIT; below core threshold but retained for extended monitoring,KEEP_EXTENDED
003670.KS,포스코퓨처엠,KR,Materials,Chemicals,15.3,KOSPI_TOP_BATTERY; JUDAL_2026_05_26,,N,EXTENDED,MEDIUM,NONE,MARKET_CAP_BELOW_THRESHOLD; METADATA_ONLY_AUDIT; below core threshold but retained for extended monitoring,KEEP_EXTENDED
096770.KS,SK이노베이션,KR,Energy,Oil Gas & Consumable Fuels,14.7,KOSPI_TOP; JUDAL_2026_05_26,,N,EXTENDED,MEDIUM,NONE,MARKET_CAP_BELOW_THRESHOLD; METADATA_ONLY_AUDIT; below core threshold but retained for extended monitoring,KEEP_EXTENDED
138040.KS,메리츠금융지주,KR,Financials,Insurance,12.7,KOSPI_TOP; JUDAL_2026_05_26; holding_classification_v0_2,Holding,N,EXTENDED,MEDIUM,HOLDING_COMPANY,HOLDING_COMPANY_NATURE; MARKET_CAP_BELOW_THRESHOLD; METADATA_ONLY_AUDIT; below core threshold but retained for extended monitoring,KEEP_EXTENDED
006260.KS,LS,KR,Industrials,Industrial Conglomerates,12.3,KOSPI_TOP_HOLDING; JUDAL_2026_05_26; holding_classification_v0_2,Holding,N,EXTENDED,MEDIUM,HOLDING_COMPANY,HOLDING_COMPANY_NATURE; MARKET_CAP_BELOW_THRESHOLD; METADATA_ONLY_AUDIT; below core threshold but retained for extended monitoring,KEEP_EXTENDED
086280.KS,현대글로비스,KR,Industrials,Air Freight & Logistics,12.6,KOSPI_TOP; JUDAL_2026_05_26,,N,EXTENDED,MEDIUM,NONE,MARKET_CAP_BELOW_THRESHOLD; METADATA_ONLY_AUDIT; below core threshold but retained for extended monitoring,KEEP_EXTENDED
307950.KS,현대오토에버,KR,Information Technology,Software,12.5,KOSPI_TOP_AUTO_IT; JUDAL_2026_05_26,,N,EXTENDED,MEDIUM,NONE,MARKET_CAP_BELOW_THRESHOLD; METADATA_ONLY_AUDIT; below core threshold but retained for extended monitoring,KEEP_EXTENDED
006800.KS,미래에셋증권,KR,Financials,Capital Markets,26.7,KOSPI_TOP; JUDAL_2026_05_26,,N,EXTENDED,MEDIUM,NONE,MARKET_CAP_BELOW_THRESHOLD; METADATA_ONLY_AUDIT; below core threshold but retained for extended monitoring,KEEP_EXTENDED
003550.KS,LG,KR,Industrials,Industrial Conglomerates,13.5,KOSPI_TOP_HOLDING; JUDAL_2026_05_26; holding_classification_v0_2,Holding,N,EXTENDED,MEDIUM,HOLDING_COMPANY,HOLDING_COMPANY_NATURE; MARKET_CAP_BELOW_THRESHOLD; METADATA_ONLY_AUDIT; below core threshold but retained for extended monitoring,KEEP_EXTENDED
003230.KS,삼양식품,KR,Consumer Staples,Food Products,7.0,KOSPI_TOP_KFOOD; JUDAL_2026_05_26,,N,EXTENDED,MEDIUM,NONE,MARKET_CAP_BELOW_THRESHOLD; METADATA_ONLY_AUDIT; sub-10B row retained outside core classification,KEEP_EXTENDED
010950.KS,S-Oil,KR,Energy,Oil Gas & Consumable Fuels,8.9,KOSPI_TOP_FOREIGN_HIGH; JUDAL_2026_05_26,,N,EXTENDED,MEDIUM,NONE,MARKET_CAP_BELOW_THRESHOLD; METADATA_ONLY_AUDIT; sub-10B row retained outside core classification,KEEP_EXTENDED
090430.KS,아모레퍼시픽,KR,Consumer Staples,Personal Care Products,5.0,KOSPI_TOP_KBEAUTY; JUDAL_2026_05_26,,N,EXTENDED,MEDIUM,NONE,MARKET_CAP_BELOW_THRESHOLD; METADATA_ONLY_AUDIT; sub-10B row retained outside core classification,KEEP_EXTENDED
097950.KS,CJ제일제당,KR,Consumer Staples,Food Products,2.3,KOSPI_TOP; JUDAL_2026_05_26,,N,DISCOVERY_ONLY,HIGH,SMALL_CAP_RISK,SMALL_CAP_KOREA; METADATA_ONLY_AUDIT; market cap metadata below core threshold,DISCOVERY_ONLY
017670.KS,SK텔레콤,KR,Communication Services,Wireless Telecommunication,15.7,KOSPI_TOP_ADR_AVAILABLE_FOREIGN_HIGH; JUDAL_2026_05_26,,N,EXTENDED,MEDIUM,ADR_FOREIGN_LISTING,ADR_LISTING_RISK; MARKET_CAP_BELOW_THRESHOLD; METADATA_ONLY_AUDIT; below core threshold but retained for extended monitoring,KEEP_EXTENDED
030200.KS,KT,KR,Communication Services,Wireless Telecommunication,9.8,KOSPI_TOP_ADR_AVAILABLE_FOREIGN_HIGH; JUDAL_2026_05_26,,N,EXTENDED,MEDIUM,ADR_FOREIGN_LISTING,MARKET_CAP_BELOW_THRESHOLD; METADATA_ONLY_AUDIT; sub-10B row retained outside core classification,KEEP_EXTENDED
241560.KS,두산밥캣,KR,Industrials,Machinery,4.7,KOSPI_TOP; JUDAL_2026_05_26,,N,DISCOVERY_ONLY,HIGH,SMALL_CAP_RISK,SMALL_CAP_KOREA; METADATA_ONLY_AUDIT; market cap metadata below core threshold,DISCOVERY_ONLY
000720.KS,현대건설,KR,Industrials,Construction & Engineering,12.1,KOSPI_TOP_NUCLEAR; JUDAL_2026_05_26,,N,EXTENDED,MEDIUM,NONE,MARKET_CAP_BELOW_THRESHOLD; METADATA_ONLY_AUDIT; below core threshold but retained for extended monitoring,KEEP_EXTENDED
047810.KS,한국항공우주,KR,Industrials,Aerospace & Defense,11.8,KOSPI_TOP_DEFENSE_KAI; JUDAL_2026_05_26,,N,EXTENDED,MEDIUM,NONE,MARKET_CAP_BELOW_THRESHOLD; METADATA_ONLY_AUDIT; below core threshold but retained for extended monitoring,KEEP_EXTENDED
018260.KS,삼성SDS,KR,Information Technology,IT Services,11.1,KOSPI_TOP_SAMSUNG_IT; JUDAL_2026_05_26,,N,EXTENDED,MEDIUM,NONE,MARKET_CAP_BELOW_THRESHOLD; METADATA_ONLY_AUDIT; below core threshold but retained for extended monitoring,KEEP_EXTENDED
009830.KS,한화솔루션,KR,Materials,Chemicals,5.5,KOSPI_TOP_SOLAR; JUDAL_2026_05_26,,N,EXTENDED,MEDIUM,NONE,MARKET_CAP_BELOW_THRESHOLD; METADATA_ONLY_AUDIT; sub-10B row retained outside core classification,KEEP_EXTENDED
336260.KS,두산퓨얼셀,KR,Industrials,Electrical Equipment,4.7,KOSPI_TOP_FUELCELL; JUDAL_2026_05_26,,N,DISCOVERY_ONLY,HIGH,SMALL_CAP_RISK,SMALL_CAP_KOREA; METADATA_ONLY_AUDIT; market cap metadata below core threshold,DISCOVERY_ONLY
180640.KS,한진칼,KR,Industrials,Passenger Airlines,5.5,KOSPI_TOP; JUDAL_2026_05_26; holding_classification_v0_2,Holding,N,EXTENDED,MEDIUM,HOLDING_COMPANY,MARKET_CAP_BELOW_THRESHOLD; METADATA_ONLY_AUDIT; sub-10B row retained outside core classification,KEEP_EXTENDED
024110.KS,기업은행,KR,Financials,Banks,11.9,KOSPI_TOP_BANK; JUDAL_2026_05_26,,N,EXTENDED,MEDIUM,NONE,MARKET_CAP_BELOW_THRESHOLD; METADATA_ONLY_AUDIT; below core threshold but retained for extended monitoring,KEEP_EXTENDED
035720.KS,카카오,KR,Communication Services,Interactive Media,13.1,KOSPI_TOP_PLATFORM; JUDAL_2026_05_26,,N,EXTENDED,MEDIUM,NONE,MARKET_CAP_BELOW_THRESHOLD; METADATA_ONLY_AUDIT; below core threshold but retained for extended monitoring,KEEP_EXTENDED
088980.KS,맥쿼리인프라,KR,Utilities,Multi-Utilities,3.8,KOSPI_INFRA_REIT; JUDAL_2026_05_26,,N,DISCOVERY_ONLY,HIGH,SMALL_CAP_RISK,SMALL_CAP_KOREA; METADATA_ONLY_AUDIT; market cap metadata below core threshold,DISCOVERY_ONLY
000100.KS,유한양행,KR,Health Care,Pharmaceuticals,4.9,KOSPI_PHARMA; JUDAL_2026_05_26,,N,HIGH_RISK_REVIEW,HIGH,PHARMA_EVENT_RISK;SMALL_CAP_RISK;HEALTHCARE_EVENT_RISK,PHARMA_EVENT_RISK; MARKET_CAP_BELOW_THRESHOLD; METADATA_ONLY_AUDIT; pharmaceutical row below 10B metadata threshold,REVIEW_BEFORE_SCORING
004020.KS,현대제철,KR,Materials,Metals & Mining,4.0,KOSPI_STEEL; JUDAL_2026_05_26,,N,DISCOVERY_ONLY,HIGH,SMALL_CAP_RISK,SMALL_CAP_KOREA; METADATA_ONLY_AUDIT; market cap metadata below core threshold,DISCOVERY_ONLY
032640.KS,LG유플러스,KR,Communication Services,Wireless Telecommunication,4.8,KOSPI_TELECOM; JUDAL_2026_05_26,,N,DISCOVERY_ONLY,HIGH,SMALL_CAP_RISK,SMALL_CAP_KOREA; METADATA_ONLY_AUDIT; market cap metadata below core threshold,DISCOVERY_ONLY
139480.KS,이마트,KR,Consumer Staples,Consumer Staples Distribution,1.8,KOSPI_RETAIL; JUDAL_2026_05_26,,N,DISCOVERY_ONLY,HIGH,SMALL_CAP_RISK,SMALL_CAP_KOREA; METADATA_ONLY_AUDIT; market cap metadata below core threshold,DISCOVERY_ONLY
251270.KS,넷마블,KR,Communication Services,Entertainment,2.5,KOSPI_GAME; JUDAL_2026_05_26,,N,DISCOVERY_ONLY,HIGH,SMALL_CAP_RISK,SMALL_CAP_KOREA; METADATA_ONLY_AUDIT; market cap metadata below core threshold,DISCOVERY_ONLY
004990.KS,롯데지주,KR,Consumer Discretionary,Multi-line Retail,1.9,KOSPI_HOLDING; JUDAL_2026_05_26; holding_classification_v0_2,Holding,N,DISCOVERY_ONLY,HIGH,SMALL_CAP_RISK;HOLDING_COMPANY,SMALL_CAP_KOREA; METADATA_ONLY_AUDIT; market cap metadata below core threshold,DISCOVERY_ONLY
005830.KS,DB손해보험,KR,Financials,Insurance,7.0,KOSPI_INSURANCE; JUDAL_2026_05_26,,N,EXTENDED,MEDIUM,NONE,MARKET_CAP_BELOW_THRESHOLD; METADATA_ONLY_AUDIT; sub-10B row retained outside core classification,KEEP_EXTENDED
001440.KS,대한전선,KR,Industrials,Electrical Equipment,7.5,KOSPI_TRANSFORMER; JUDAL_2026_05_26,,N,EXTENDED,MEDIUM,NONE,MARKET_CAP_BELOW_THRESHOLD; METADATA_ONLY_AUDIT; sub-10B row retained outside core classification,KEEP_EXTENDED
009450.KS,경동나비엔,KR,Industrials,Building Products,0.7,KOSPI_HVAC; JUDAL_2026_05_26; ticker_corrected_from_267290_to_009450_v0_2; USER_APPROVED_TICKER_CORRECTION_20260526,,N,DISCOVERY_ONLY,HIGH,SMALL_CAP_RISK,SMALL_CAP_KOREA; METADATA_ONLY_AUDIT; market cap metadata below core threshold,DISCOVERY_ONLY
018880.KS,한온시스템,KR,Consumer Discretionary,Automobile Components,3.8,KOSPI_AUTO_PARTS; JUDAL_2026_05_26,,N,DISCOVERY_ONLY,HIGH,SMALL_CAP_RISK,SMALL_CAP_KOREA; METADATA_ONLY_AUDIT; market cap metadata below core threshold,DISCOVERY_ONLY
078930.KS,GS,KR,Industrials,Industrial Conglomerates,5.1,KOSPI_HOLDING; JUDAL_2026_05_26; holding_classification_v0_2,Holding,N,EXTENDED,MEDIUM,HOLDING_COMPANY,MARKET_CAP_BELOW_THRESHOLD; METADATA_ONLY_AUDIT; sub-10B row retained outside core classification,KEEP_EXTENDED
128940.KS,한미약품,KR,Health Care,Pharmaceuticals,4.3,KOSPI_PHARMA; JUDAL_2026_05_26,,N,HIGH_RISK_REVIEW,HIGH,PHARMA_EVENT_RISK;SMALL_CAP_RISK;HEALTHCARE_EVENT_RISK,PHARMA_EVENT_RISK; MARKET_CAP_BELOW_THRESHOLD; METADATA_ONLY_AUDIT; pharmaceutical row below 10B metadata threshold,REVIEW_BEFORE_SCORING
CPNG,Coupang Inc.,US,Consumer Discretionary,Broadline Retail,38,US_ADR_KR_COMPANY,,N,EXTENDED,MEDIUM,ADR_FOREIGN_LISTING,ADR_LISTING_RISK; MARKET_CAP_BELOW_THRESHOLD; METADATA_ONLY_AUDIT; below core threshold but retained for extended monitoring,KEEP_EXTENDED
PKX,POSCO Holdings Inc. ADR,US,Materials,Metals & Mining,23,US_ADR_KR_COMPANY,,N,EXTENDED,MEDIUM,ADR_FOREIGN_LISTING,ADR_LISTING_RISK; MARKET_CAP_BELOW_THRESHOLD; METADATA_ONLY_AUDIT; below core threshold but retained for extended monitoring,KEEP_EXTENDED
KB,KB Financial Group Inc. ADR,US,Financials,Banks,21,US_ADR_KR_COMPANY,,N,EXTENDED,MEDIUM,ADR_FOREIGN_LISTING,ADR_LISTING_RISK; MARKET_CAP_BELOW_THRESHOLD; METADATA_ONLY_AUDIT; below core threshold but retained for extended monitoring,KEEP_EXTENDED
LPL,LG Display Co. Ltd. ADR,US,Information Technology,Electronic Components,3,US_ADR_KR_COMPANY,,N,DISCOVERY_ONLY,HIGH,SMALL_CAP_RISK;ADR_FOREIGN_LISTING,MARKET_CAP_BELOW_THRESHOLD; METADATA_ONLY_AUDIT; market cap metadata below core threshold,DISCOVERY_ONLY
SHG,Shinhan Financial Group Co. Ltd. ADR,US,Financials,Banks,18,US_ADR_KR_COMPANY,,N,EXTENDED,MEDIUM,ADR_FOREIGN_LISTING,ADR_LISTING_RISK; MARKET_CAP_BELOW_THRESHOLD; METADATA_ONLY_AUDIT; below core threshold but retained for extended monitoring,KEEP_EXTENDED
KEP,Korea Electric Power Corp. ADR,US,Utilities,Electric Utilities,7,US_ADR_KR_COMPANY,,N,EXTENDED,MEDIUM,ADR_FOREIGN_LISTING,MARKET_CAP_BELOW_THRESHOLD; METADATA_ONLY_AUDIT; sub-10B row retained outside core classification,KEEP_EXTENDED
SKM,SK Telecom Co. Ltd. ADR,US,Communication Services,Wireless Telecommunication,7,US_ADR_KR_COMPANY,,N,EXTENDED,MEDIUM,ADR_FOREIGN_LISTING,MARKET_CAP_BELOW_THRESHOLD; METADATA_ONLY_AUDIT; sub-10B row retained outside core classification,KEEP_EXTENDED
WF,Woori Financial Group Inc. ADR,US,Financials,Banks,6,US_ADR_KR_COMPANY,,N,EXTENDED,MEDIUM,ADR_FOREIGN_LISTING,MARKET_CAP_BELOW_THRESHOLD; METADATA_ONLY_AUDIT; sub-10B row retained outside core classification,KEEP_EXTENDED
247540.KQ,에코프로비엠,KR,Materials,Chemicals,15.4,JUDAL_2026_05_26; KOSDAQ_TOP15,,N,HIGH_RISK_REVIEW,HIGH,KOSDAQ_TOP15_RISK;SECTOR_VOLATILITY,KOSDAQ_TOP15_RISK; SECTOR_VOLATILITY; METADATA_ONLY_AUDIT; KOSDAQ top15 sector-volatility marker prevents core classification,REVIEW_BEFORE_SCORING
086520.KQ,에코프로,KR,Industrials,Industrial Conglomerates,14.3,JUDAL_2026_05_26; KOSDAQ_TOP15; holding_classification_v0_2,Holding,N,HIGH_RISK_REVIEW,HIGH,KOSDAQ_TOP15_RISK;HOLDING_COMPANY;SECTOR_VOLATILITY,KOSDAQ_TOP15_RISK; SECTOR_VOLATILITY; METADATA_ONLY_AUDIT; KOSDAQ top15 sector-volatility marker prevents core classification,REVIEW_BEFORE_SCORING
196170.KQ,알테오젠,KR,Health Care,Biotechnology,14.0,JUDAL_2026_05_26; KOSDAQ_TOP15,,N,HIGH_RISK_REVIEW,HIGH,BIOTECH_RISK;KOSDAQ_TOP15_RISK;HEALTHCARE_EVENT_RISK,BIOTECH_CLINICAL_RISK; KOSDAQ_TOP15_RISK; METADATA_ONLY_AUDIT; KOSDAQ healthcare row requires event-risk review,REVIEW_BEFORE_SCORING
277810.KQ,레인보우로보틱스,KR,Industrials,Machinery,10.7,JUDAL_2026_05_26; KOSDAQ_TOP15,,N,HIGH_RISK_REVIEW,HIGH,KOSDAQ_TOP15_RISK;SECTOR_VOLATILITY,KOSDAQ_TOP15_RISK; SECTOR_VOLATILITY; METADATA_ONLY_AUDIT; KOSDAQ top15 sector-volatility marker prevents core classification,REVIEW_BEFORE_SCORING
036930.KQ,주성엔지니어링,KR,Information Technology,Semiconductor Equipment,7.8,JUDAL_2026_05_26; KOSDAQ_TOP15,,N,HIGH_RISK_REVIEW,HIGH,KOSDAQ_TOP15_RISK;SECTOR_VOLATILITY,KOSDAQ_TOP15_RISK; SECTOR_VOLATILITY; METADATA_ONLY_AUDIT; KOSDAQ top15 sector-volatility marker prevents core classification,REVIEW_BEFORE_SCORING
950160.KQ,코오롱티슈진,KR,Health Care,Biotechnology,6.6,JUDAL_2026_05_26; KOSDAQ_TOP15,,N,HIGH_RISK_REVIEW,HIGH,BIOTECH_RISK;KOSDAQ_TOP15_RISK;HEALTHCARE_EVENT_RISK,BIOTECH_CLINICAL_RISK; KOSDAQ_TOP15_RISK; METADATA_ONLY_AUDIT; KOSDAQ healthcare row requires event-risk review,REVIEW_BEFORE_SCORING
000250.KQ,삼천당제약,KR,Health Care,Pharmaceuticals,6.1,JUDAL_2026_05_26; KOSDAQ_TOP15,,N,HIGH_RISK_REVIEW,HIGH,PHARMA_EVENT_RISK;KOSDAQ_TOP15_RISK;HEALTHCARE_EVENT_RISK,PHARMA_EVENT_RISK; KOSDAQ_TOP15_RISK; METADATA_ONLY_AUDIT; KOSDAQ healthcare row requires event-risk review,REVIEW_BEFORE_SCORING
058470.KQ,리노공업,KR,Information Technology,Semiconductor Equipment,6.0,JUDAL_2026_05_26; KOSDAQ_TOP15,,N,HIGH_RISK_REVIEW,HIGH,KOSDAQ_TOP15_RISK;SECTOR_VOLATILITY,KOSDAQ_TOP15_RISK; SECTOR_VOLATILITY; METADATA_ONLY_AUDIT; KOSDAQ top15 sector-volatility marker prevents core classification,REVIEW_BEFORE_SCORING
028300.KQ,HLB,KR,Health Care,Biotechnology,5.0,JUDAL_2026_05_26; KOSDAQ_TOP15,,N,HIGH_RISK_REVIEW,HIGH,BIOTECH_RISK;KOSDAQ_TOP15_RISK;HEALTHCARE_EVENT_RISK,BIOTECH_CLINICAL_RISK; KOSDAQ_TOP15_RISK; METADATA_ONLY_AUDIT; KOSDAQ healthcare row requires event-risk review,REVIEW_BEFORE_SCORING
039030.KQ,이오테크닉스,KR,Information Technology,Semiconductor Equipment,4.8,JUDAL_2026_05_26; KOSDAQ_TOP15,,N,HIGH_RISK_REVIEW,HIGH,KOSDAQ_TOP15_RISK;SMALL_CAP_RISK;SECTOR_VOLATILITY,KOSDAQ_TOP15_RISK; SECTOR_VOLATILITY; METADATA_ONLY_AUDIT; KOSDAQ top15 sector-volatility marker prevents core classification,REVIEW_BEFORE_SCORING
298380.KQ,에이비엘바이오,KR,Health Care,Biotechnology,4.7,JUDAL_2026_05_26; KOSDAQ_TOP15,,N,HIGH_RISK_REVIEW,HIGH,BIOTECH_RISK;KOSDAQ_TOP15_RISK;SMALL_CAP_RISK;HEALTHCARE_EVENT_RISK,BIOTECH_CLINICAL_RISK; KOSDAQ_TOP15_RISK; METADATA_ONLY_AUDIT; KOSDAQ healthcare row requires event-risk review,REVIEW_BEFORE_SCORING
087010.KQ,펩트론,KR,Health Care,Biotechnology,4.5,JUDAL_2026_05_26; KOSDAQ_TOP15,,N,HIGH_RISK_REVIEW,HIGH,BIOTECH_RISK;KOSDAQ_TOP15_RISK;SMALL_CAP_RISK;HEALTHCARE_EVENT_RISK,BIOTECH_CLINICAL_RISK; KOSDAQ_TOP15_RISK; METADATA_ONLY_AUDIT; KOSDAQ healthcare row requires event-risk review,REVIEW_BEFORE_SCORING
240810.KQ,원익IPS,KR,Information Technology,Semiconductor Equipment,4.3,JUDAL_2026_05_26; KOSDAQ_TOP15,,N,HIGH_RISK_REVIEW,HIGH,KOSDAQ_TOP15_RISK;SMALL_CAP_RISK;SECTOR_VOLATILITY,KOSDAQ_TOP15_RISK; SECTOR_VOLATILITY; METADATA_ONLY_AUDIT; KOSDAQ top15 sector-volatility marker prevents core classification,REVIEW_BEFORE_SCORING
440110.KQ,파두,KR,Information Technology,Semiconductors,4.2,JUDAL_2026_05_26; KOSDAQ_TOP15,,N,HIGH_RISK_REVIEW,HIGH,KOSDAQ_TOP15_RISK;SMALL_CAP_RISK;SECTOR_VOLATILITY,KOSDAQ_TOP15_RISK; SECTOR_VOLATILITY; METADATA_ONLY_AUDIT; KOSDAQ top15 sector-volatility marker prevents core classification,REVIEW_BEFORE_SCORING
141080.KQ,리가켐바이오,KR,Health Care,Biotechnology,4.1,JUDAL_2026_05_26; KOSDAQ_TOP15,,N,HIGH_RISK_REVIEW,HIGH,BIOTECH_RISK;KOSDAQ_TOP15_RISK;SMALL_CAP_RISK;HEALTHCARE_EVENT_RISK,BIOTECH_CLINICAL_RISK; KOSDAQ_TOP15_RISK; METADATA_ONLY_AUDIT; KOSDAQ healthcare row requires event-risk review,REVIEW_BEFORE_SCORING
222800.KQ,심텍,KR,Information Technology,Electronic Components,3.6,JUDAL_2026_05_26; KOSDAQ_THEME_AI_TOP,,N,DISCOVERY_ONLY,HIGH,KOSDAQ_THEME_RISK;SMALL_CAP_RISK;SECTOR_VOLATILITY,KOSDAQ_THEME_SLOT; MARKET_CAP_BELOW_THRESHOLD; METADATA_ONLY_AUDIT; theme-slot row retained for discovery monitoring only,DISCOVERY_ONLY
108490.KQ,로보티즈,KR,Industrials,Machinery,3.3,JUDAL_2026_05_26; KOSDAQ_THEME_ROBOTICS_TOP,,N,DISCOVERY_ONLY,HIGH,KOSDAQ_THEME_RISK;SMALL_CAP_RISK;SECTOR_VOLATILITY,KOSDAQ_THEME_SLOT; MARKET_CAP_BELOW_THRESHOLD; METADATA_ONLY_AUDIT; theme-slot row retained for discovery monitoring only,DISCOVERY_ONLY
310210.KQ,보로노이,KR,Health Care,Biotechnology,3.6,JUDAL_2026_05_26; KOSDAQ_THEME_BIO_TOP_EX_TOP15,,N,HIGH_RISK_REVIEW,HIGH,BIOTECH_RISK;KOSDAQ_THEME_RISK;SMALL_CAP_RISK;HEALTHCARE_EVENT_RISK,BIOTECH_CLINICAL_RISK; KOSDAQ_THEME_SLOT; METADATA_ONLY_AUDIT; KOSDAQ healthcare row requires event-risk review,REVIEW_BEFORE_SCORING
095340.KQ,ISC,KR,Information Technology,Semiconductor Equipment,3.6,JUDAL_2026_05_26; KOSDAQ_THEME_SEMICON_EQUIPMENT_TOP_EX_TOP15,,N,DISCOVERY_ONLY,HIGH,KOSDAQ_THEME_RISK;SMALL_CAP_RISK;SECTOR_VOLATILITY,KOSDAQ_THEME_SLOT; MARKET_CAP_BELOW_THRESHOLD; METADATA_ONLY_AUDIT; theme-slot row retained for discovery monitoring only,DISCOVERY_ONLY
178320.KQ,서진시스템,KR,Industrials,Electrical Equipment,3.6,JUDAL_2026_05_26; KOSDAQ_THEME_BATTERY_TOP_EX_TOP15,,N,DISCOVERY_ONLY,HIGH,KOSDAQ_THEME_RISK;SMALL_CAP_RISK;SECTOR_VOLATILITY,KOSDAQ_THEME_SLOT; MARKET_CAP_BELOW_THRESHOLD; METADATA_ONLY_AUDIT; theme-slot row retained for discovery monitoring only,DISCOVERY_ONLY
