ticker,name,market,sector,sub_industry,market_cap_usd_b,turnaround_flag,legacy_v0_1_universe_role,legacy_v0_1_action,legacy_v0_1_reason,v0_3_universe_role,v0_3_action,v0_3_reason,candidate_track,gate3_recovery_required,gate3_recovery_status,gate3_continuation_status,gate3_final_status,ra_drawdown_from_52w_high_pct,ra_pass,rb_rebound_from_6m_low_pct,rb_pass,rc_ma50,rc_ma200,rc_pass,rd_avg_volume_1m,rd_avg_volume_6m,rd_pass,ca_drawdown_from_52w_high_pct,ca_pass,cb_pass,cc_1m_return_pct,cc_pass,cd_avg_volume_1m,cd_avg_volume_3m,cd_pass,ce_gate2_full_pass,ce_pass,price_data_source,price_data_asof,as_of_date,gate3_missing_data_notes,compatibility_notes
NVDA,NVIDIA Corporation,US,Information Technology,Semiconductors,5380.0,N,CORE,KEEP_CORE,METADATA_ONLY_AUDIT; large-cap metadata row without forced review marker,CORE,KEEP_CORE,NON_TURNAROUND_ROLE_UNCHANGED; Gate 3 metrics recorded for v0.4 evidence only; legacy_reason=METADATA_ONLY_AUDIT; large-cap metadata row without forced review marker,OBSERVATION_ONLY,N,FAIL,FAIL,FAIL,-9.8159,N,28.7159,Y,198.0876,187.3524,Y,162861323.81,171407393.65,N,-9.8159,Y,Y,-1.8513,N,162861323.81,170158814.29,N,INSUFFICIENT_GATE2_DATA,INSUFFICIENT_DATA,yfinance,2026-05-27,2026-05-27,,v0_1_legacy_columns_preserved; non_turnaround_role_unchanged
GOOGL,Alphabet Inc. Class A,US,Communication Services,Interactive Media & Services,4810.0,N,CORE,KEEP_CORE,METADATA_ONLY_AUDIT; large-cap metadata row without forced review marker,CORE,KEEP_CORE,NON_TURNAROUND_ROLE_UNCHANGED; Gate 3 metrics recorded for v0.4 evidence only; legacy_reason=METADATA_ONLY_AUDIT; large-cap metadata row without forced review marker,OBSERVATION_ONLY,N,FAIL,INSUFFICIENT_DATA,MANUAL_REVIEW,-3.4251,N,42.1682,Y,344.5376,298.0905,Y,29205433.33,32331612.70,N,-3.4251,Y,Y,10.9865,Y,29205433.33,28489314.29,Y,INSUFFICIENT_GATE2_DATA,INSUFFICIENT_DATA,yfinance,2026-05-27,2026-05-27,,v0_1_legacy_columns_preserved; non_turnaround_role_unchanged
GOOG,Alphabet Inc. Class C,US,Communication Services,Interactive Media & Services,4790.0,N,CORE,KEEP_CORE,METADATA_ONLY_AUDIT; large-cap metadata row without forced review marker,CORE,KEEP_CORE,NON_TURNAROUND_ROLE_UNCHANGED; Gate 3 metrics recorded for v0.4 evidence only; legacy_reason=METADATA_ONLY_AUDIT; large-cap metadata row without forced review marker,OBSERVATION_ONLY,N,FAIL,INSUFFICIENT_DATA,MANUAL_REVIEW,-3.5611,N,40.8911,Y,342.1172,297.8801,Y,19244923.81,21019836.51,N,-3.5611,Y,Y,10.4183,Y,19244923.81,19027363.49,Y,INSUFFICIENT_GATE2_DATA,INSUFFICIENT_DATA,yfinance,2026-05-27,2026-05-27,,v0_1_legacy_columns_preserved; non_turnaround_role_unchanged
AAPL,Apple Inc.,US,Information Technology,Technology Hardware,4370.0,N,CORE,KEEP_CORE,METADATA_ONLY_AUDIT; large-cap metadata row without forced review marker,CORE,KEEP_CORE,NON_TURNAROUND_ROLE_UNCHANGED; Gate 3 metrics recorded for v0.4 evidence only; legacy_reason=METADATA_ONLY_AUDIT; large-cap metadata row without forced review marker,OBSERVATION_ONLY,N,FAIL,FAIL,FAIL,0.0000,N,26.0390,Y,272.8766,262.3984,Y,48805300.00,45953211.11,Y,0.0000,N,Y,16.1579,Y,48805300.00,44052096.83,Y,INSUFFICIENT_GATE2_DATA,INSUFFICIENT_DATA,yfinance,2026-05-27,2026-05-27,,v0_1_legacy_columns_preserved; non_turnaround_role_unchanged
MSFT,Microsoft Corporation,US,Information Technology,Software,3150.0,N,CORE,KEEP_CORE,METADATA_ONLY_AUDIT; large-cap metadata row without forced review marker,CORE,KEEP_CORE,NON_TURNAROUND_ROLE_UNCHANGED; Gate 3 metrics recorded for v0.4 evidence only; legacy_reason=METADATA_ONLY_AUDIT; large-cap metadata row without forced review marker,OBSERVATION_ONLY,N,FAIL,FAIL,FAIL,-23.8715,Y,15.6684,Y,401.1050,459.3303,N,33886104.76,32676150.00,Y,-23.8715,N,N,-2.8600,N,33886104.76,33643698.41,Y,INSUFFICIENT_GATE2_DATA,INSUFFICIENT_DATA,yfinance,2026-05-27,2026-05-27,,v0_1_legacy_columns_preserved; non_turnaround_role_unchanged
AMZN,Amazon.com Inc.,US,Consumer Discretionary,Broadline Retail,2850.0,N,CORE,KEEP_CORE,METADATA_ONLY_AUDIT; large-cap metadata row without forced review marker,CORE,KEEP_CORE,NON_TURNAROUND_ROLE_UNCHANGED; Gate 3 metrics recorded for v0.4 evidence only; legacy_reason=METADATA_ONLY_AUDIT; large-cap metadata row without forced review marker,OBSERVATION_ONLY,N,FAIL,FAIL,FAIL,-1.1419,N,36.7524,Y,244.2782,231.0112,Y,43349838.10,45860450.79,N,-1.1419,N,Y,4.1092,Y,43349838.10,45044698.41,N,INSUFFICIENT_GATE2_DATA,INSUFFICIENT_DATA,yfinance,2026-05-27,2026-05-27,,v0_1_legacy_columns_preserved; non_turnaround_role_unchanged
AVGO,Broadcom Inc.,US,Information Technology,Semiconductors,1990.0,N,CORE,KEEP_CORE,METADATA_ONLY_AUDIT; large-cap metadata row without forced review marker,CORE,KEEP_CORE,NON_TURNAROUND_ROLE_UNCHANGED; Gate 3 metrics recorded for v0.4 evidence only; legacy_reason=METADATA_ONLY_AUDIT; large-cap metadata row without forced review marker,OBSERVATION_ONLY,N,FAIL,FAIL,FAIL,-4.0770,N,43.7783,Y,380.9766,351.0207,Y,18807857.14,27234626.19,N,-4.0770,Y,Y,0.8752,N,18807857.14,23810633.33,N,INSUFFICIENT_GATE2_DATA,INSUFFICIENT_DATA,yfinance,2026-05-27,2026-05-27,,v0_1_legacy_columns_preserved; non_turnaround_role_unchanged
META,Meta Platforms Inc.,US,Communication Services,Interactive Media & Services,1550.0,N,CORE,KEEP_CORE,METADATA_ONLY_AUDIT; large-cap metadata row without forced review marker,CORE,KEEP_CORE,NON_TURNAROUND_ROLE_UNCHANGED; Gate 3 metrics recorded for v0.4 evidence only; legacy_reason=METADATA_ONLY_AUDIT; large-cap metadata row without forced review marker,OBSERVATION_ONLY,N,FAIL,FAIL,FAIL,-19.5873,N,20.8362,Y,617.9428,668.0118,N,16475552.38,15758352.38,Y,-19.5873,N,N,-6.3894,N,16475552.38,15584074.60,Y,INSUFFICIENT_GATE2_DATA,INSUFFICIENT_DATA,yfinance,2026-05-27,2026-05-27,,v0_1_legacy_columns_preserved; non_turnaround_role_unchanged
TSLA,Tesla Inc.,US,Consumer Discretionary,Automobiles,1540.0,N,CORE,KEEP_CORE,METADATA_ONLY_AUDIT; large-cap metadata row without forced review marker,CORE,KEEP_CORE,NON_TURNAROUND_ROLE_UNCHANGED; Gate 3 metrics recorded for v0.4 evidence only; legacy_reason=METADATA_ONLY_AUDIT; large-cap metadata row without forced review marker,OBSERVATION_ONLY,N,FAIL,FAIL,FAIL,-10.1086,N,28.2913,Y,390.0782,411.1379,N,53389447.62,63933812.70,N,-10.1086,Y,N,16.2912,Y,53389447.62,61321714.29,N,INSUFFICIENT_GATE2_DATA,INSUFFICIENT_DATA,yfinance,2026-05-27,2026-05-27,,v0_1_legacy_columns_preserved; non_turnaround_role_unchanged
WMT,Walmart Inc.,US,Consumer Staples,Consumer Staples Distribution,1060.0,N,CORE,KEEP_CORE,METADATA_ONLY_AUDIT; large-cap metadata row without forced review marker,CORE,KEEP_CORE,NON_TURNAROUND_ROLE_UNCHANGED; Gate 3 metrics recorded for v0.4 evidence only; legacy_reason=METADATA_ONLY_AUDIT; large-cap metadata row without forced review marker,OBSERVATION_ONLY,N,FAIL,FAIL,FAIL,-11.6691,N,13.9151,N,126.6790,114.9334,Y,19877733.33,25053507.14,N,-11.6691,Y,Y,-7.0930,N,19877733.33,19398585.71,Y,INSUFFICIENT_GATE2_DATA,INSUFFICIENT_DATA,yfinance,2026-05-27,2026-05-27,,v0_1_legacy_columns_preserved; non_turnaround_role_unchanged
BRK.B,Berkshire Hathaway Inc.,US,Financials,Financial Services,1050.0,N,CORE,KEEP_CORE,METADATA_ONLY_AUDIT; large-cap metadata row without forced review marker,CORE,KEEP_CORE,NON_TURNAROUND_ROLE_UNCHANGED; Gate 3 metrics recorded for v0.4 evidence only; legacy_reason=METADATA_ONLY_AUDIT; large-cap metadata row without forced review marker,OBSERVATION_ONLY,N,FAIL,FAIL,FAIL,-6.5958,N,3.1199,N,477.5880,490.4311,N,4804400.00,4783904.76,Y,-6.5958,Y,N,1.5038,N,4804400.00,4882642.86,N,INSUFFICIENT_GATE2_DATA,INSUFFICIENT_DATA,yfinance,2026-05-27,2026-05-27,,v0_1_legacy_columns_preserved; non_turnaround_role_unchanged
LLY,Eli Lilly and Company,US,Health Care,Pharmaceuticals,881.0,N,CORE,KEEP_CORE,METADATA_ONLY_AUDIT; large-cap metadata row without forced review marker,CORE,KEEP_CORE,NON_TURNAROUND_ROLE_UNCHANGED; Gate 3 metrics recorded for v0.4 evidence only; legacy_reason=METADATA_ONLY_AUDIT; large-cap metadata row without forced review marker,OBSERVATION_ONLY,N,FAIL,FAIL,FAIL,-2.4344,N,27.2213,Y,946.8004,932.6588,Y,3421290.48,3169793.65,Y,-2.4344,N,Y,24.7216,Y,3421290.48,3069992.06,Y,INSUFFICIENT_GATE2_DATA,INSUFFICIENT_DATA,yfinance,2026-05-27,2026-05-27,,v0_1_legacy_columns_preserved; non_turnaround_role_unchanged
JPM,JPMorgan Chase & Co.,US,Financials,Banks,805.0,N,CORE,KEEP_CORE,METADATA_ONLY_AUDIT; large-cap metadata row without forced review marker,CORE,KEEP_CORE,NON_TURNAROUND_ROLE_UNCHANGED; Gate 3 metrics recorded for v0.4 evidence only; legacy_reason=METADATA_ONLY_AUDIT; large-cap metadata row without forced review marker,OBSERVATION_ONLY,N,FAIL,FAIL,FAIL,-10.5586,N,5.8125,N,302.3856,305.7022,N,8172190.48,9957277.78,N,-10.5586,Y,N,-3.9630,N,8172190.48,9365592.06,N,INSUFFICIENT_GATE2_DATA,INSUFFICIENT_DATA,yfinance,2026-05-27,2026-05-27,,v0_1_legacy_columns_preserved; non_turnaround_role_unchanged
MU,Micron Technology Inc.,US,Information Technology,Semiconductors,768.0,N,CORE,KEEP_CORE,METADATA_ONLY_AUDIT; large-cap metadata row without forced review marker,CORE,KEEP_CORE,NON_TURNAROUND_ROLE_UNCHANGED; Gate 3 metrics recorded for v0.4 evidence only; legacy_reason=METADATA_ONLY_AUDIT; large-cap metadata row without forced review marker,OBSERVATION_ONLY,N,FAIL,FAIL,FAIL,0.0000,N,314.5983,Y,538.1368,330.5234,Y,53537000.00,39552191.27,Y,0.0000,N,Y,76.9883,Y,53537000.00,47070887.30,Y,INSUFFICIENT_GATE2_DATA,INSUFFICIENT_DATA,yfinance,2026-05-27,2026-05-27,,v0_1_legacy_columns_preserved; non_turnaround_role_unchanged
AMD,Advanced Micro Devices Inc.,US,Information Technology,Semiconductors,686.0,N,CORE,KEEP_CORE,METADATA_ONLY_AUDIT; large-cap metadata row without forced review marker,CORE,KEEP_CORE,NON_TURNAROUND_ROLE_UNCHANGED; Gate 3 metrics recorded for v0.4 evidence only; legacy_reason=METADATA_ONLY_AUDIT; large-cap metadata row without forced review marker,OBSERVATION_ONLY,N,FAIL,FAIL,FAIL,-1.6571,N,159.5130,Y,315.3780,234.1477,Y,41109052.38,37168761.11,Y,-1.6571,N,Y,48.0859,Y,41109052.38,37942517.46,Y,INSUFFICIENT_GATE2_DATA,INSUFFICIENT_DATA,yfinance,2026-05-27,2026-05-27,,v0_1_legacy_columns_preserved; non_turnaround_role_unchanged
XOM,Exxon Mobil Corporation,US,Energy,Oil Gas & Consumable Fuels,665.0,N,CORE,KEEP_CORE,METADATA_ONLY_AUDIT; large-cap metadata row without forced review marker,CORE,KEEP_CORE,NON_TURNAROUND_ROLE_UNCHANGED; Gate 3 metrics recorded for v0.4 evidence only; legacy_reason=METADATA_ONLY_AUDIT; large-cap metadata row without forced review marker,OBSERVATION_ONLY,N,FAIL,FAIL,FAIL,-13.7458,N,29.1590,Y,155.3418,131.5278,Y,17255757.14,19838388.10,N,-13.7458,Y,Y,-0.1957,N,17255757.14,21057804.76,N,INSUFFICIENT_GATE2_DATA,INSUFFICIENT_DATA,yfinance,2026-05-27,2026-05-27,,v0_1_legacy_columns_preserved; non_turnaround_role_unchanged
V,Visa Inc.,US,Financials,Financial Services,626.0,N,CORE,KEEP_CORE,METADATA_ONLY_AUDIT; large-cap metadata row without forced review marker,CORE,KEEP_CORE,NON_TURNAROUND_ROLE_UNCHANGED; Gate 3 metrics recorded for v0.4 evidence only; legacy_reason=METADATA_ONLY_AUDIT; large-cap metadata row without forced review marker,OBSERVATION_ONLY,N,FAIL,FAIL,FAIL,-12.2418,N,10.8588,N,314.3898,330.8865,N,8039295.24,7445198.41,Y,-12.2418,Y,N,5.8001,Y,8039295.24,7298285.71,Y,INSUFFICIENT_GATE2_DATA,INSUFFICIENT_DATA,yfinance,2026-05-27,2026-05-27,,v0_1_legacy_columns_preserved; non_turnaround_role_unchanged
JNJ,Johnson & Johnson,US,Health Care,Pharmaceuticals,551.0,N,CORE,KEEP_CORE,METADATA_ONLY_AUDIT; large-cap metadata row without forced review marker,CORE,KEEP_CORE,NON_TURNAROUND_ROLE_UNCHANGED; Gate 3 metrics recorded for v0.4 evidence only; legacy_reason=METADATA_ONLY_AUDIT; large-cap metadata row without forced review marker,OBSERVATION_ONLY,N,FAIL,FAIL,FAIL,-6.9480,N,15.6681,Y,232.8976,211.3276,Y,7411309.52,8335915.87,N,-6.9480,Y,Y,2.6405,N,7411309.52,7737641.27,N,INSUFFICIENT_GATE2_DATA,INSUFFICIENT_DATA,yfinance,2026-05-27,2026-05-27,,v0_1_legacy_columns_preserved; non_turnaround_role_unchanged
INTC,Intel Corporation,US,Information Technology,Semiconductors,543.0,Y,HIGH_RISK_REVIEW,REVIEW_BEFORE_SCORING,TURNAROUND_IN_PROGRESS; METADATA_ONLY_AUDIT; turnaround flag prevents core classification,MANUAL_REVIEW,MANUAL_REVIEW,Gate 3 MANUAL_REVIEW; no arbitrary classification; metadata_role=CORE; recovery=FAIL; continuation=INSUFFICIENT_DATA,RECOVERY,Y,FAIL,INSUFFICIENT_DATA,MANUAL_REVIEW,-5.9255,N,240.2347,Y,79.5202,48.2014,Y,147409038.10,110483457.94,Y,-5.9255,Y,Y,43.2757,Y,147409038.10,118449696.83,Y,INSUFFICIENT_GATE2_DATA,INSUFFICIENT_DATA,yfinance,2026-05-27,2026-05-27,,v0_1_legacy_columns_preserved; turnaround_gate3_recovery_applied; role_changed:HIGH_RISK_REVIEW->MANUAL_REVIEW; action_changed:REVIEW_BEFORE_SCORING->MANUAL_REVIEW
ORCL,Oracle Corporation,US,Information Technology,Software,536.0,N,CORE,KEEP_CORE,METADATA_ONLY_AUDIT; large-cap metadata row without forced review marker,CORE,KEEP_CORE,NON_TURNAROUND_ROLE_UNCHANGED; Gate 3 metrics recorded for v0.4 evidence only; legacy_reason=METADATA_ONLY_AUDIT; large-cap metadata row without forced review marker,OBSERVATION_ONLY,N,FAIL,FAIL,FAIL,-41.8390,Y,39.9179,Y,168.6692,207.4021,N,20603000.00,27545492.86,N,-41.8390,N,N,10.4070,Y,20603000.00,26778293.65,N,INSUFFICIENT_GATE2_DATA,INSUFFICIENT_DATA,yfinance,2026-05-27,2026-05-27,,v0_1_legacy_columns_preserved; non_turnaround_role_unchanged
COST,Costco Wholesale Corporation,US,Consumer Staples,Consumer Staples Distribution,477.0,N,CORE,KEEP_CORE,METADATA_ONLY_AUDIT; large-cap metadata row without forced review marker,CORE,KEEP_CORE,NON_TURNAROUND_ROLE_UNCHANGED; Gate 3 metrics recorded for v0.4 evidence only; legacy_reason=METADATA_ONLY_AUDIT; large-cap metadata row without forced review marker,OBSERVATION_ONLY,N,FAIL,FAIL,FAIL,-8.2819,N,18.0812,Y,1007.9202,957.5622,Y,2015019.05,2252442.06,N,-8.2819,Y,Y,0.5691,N,2015019.05,1892436.51,Y,INSUFFICIENT_GATE2_DATA,INSUFFICIENT_DATA,yfinance,2026-05-27,2026-05-27,,v0_1_legacy_columns_preserved; non_turnaround_role_unchanged
CSCO,Cisco Systems Inc.,US,Information Technology,Communications Equipment,469.0,N,CORE,KEEP_CORE,METADATA_ONLY_AUDIT; large-cap metadata row without forced review marker,CORE,KEEP_CORE,NON_TURNAROUND_ROLE_UNCHANGED; Gate 3 metrics recorded for v0.4 evidence only; legacy_reason=METADATA_ONLY_AUDIT; large-cap metadata row without forced review marker,OBSERVATION_ONLY,N,FAIL,FAIL,FAIL,-0.6146,N,63.1493,Y,91.5094,78.3654,Y,26525366.67,22540042.86,Y,-0.6146,N,Y,35.5880,Y,26525366.67,23067046.03,Y,INSUFFICIENT_GATE2_DATA,INSUFFICIENT_DATA,yfinance,2026-05-27,2026-05-27,,v0_1_legacy_columns_preserved; non_turnaround_role_unchanged
MA,Mastercard Incorporated,US,Financials,Financial Services,446.0,N,CORE,KEEP_CORE,METADATA_ONLY_AUDIT; large-cap metadata row without forced review marker,CORE,KEEP_CORE,NON_TURNAROUND_ROLE_UNCHANGED; Gate 3 metrics recorded for v0.4 evidence only; legacy_reason=METADATA_ONLY_AUDIT; large-cap metadata row without forced review marker,OBSERVATION_ONLY,N,FAIL,FAIL,FAIL,-17.3501,N,2.2303,N,501.4726,542.6726,N,3773800.00,3527922.22,Y,-17.3501,N,N,-2.2491,N,3773800.00,3482400.00,Y,INSUFFICIENT_GATE2_DATA,INSUFFICIENT_DATA,yfinance,2026-05-27,2026-05-27,,v0_1_legacy_columns_preserved; non_turnaround_role_unchanged
CAT,Caterpillar Inc.,US,Industrials,Machinery,397.0,N,CORE,KEEP_CORE,METADATA_ONLY_AUDIT; large-cap metadata row without forced review marker,CORE,KEEP_CORE,NON_TURNAROUND_ROLE_UNCHANGED; Gate 3 metrics recorded for v0.4 evidence only; legacy_reason=METADATA_ONLY_AUDIT; large-cap metadata row without forced review marker,OBSERVATION_ONLY,N,FAIL,FAIL,FAIL,-1.8340,N,62.6037,Y,807.2682,630.8658,Y,2587395.24,2638666.67,N,-1.8340,N,Y,9.7902,Y,2587395.24,2524073.02,Y,INSUFFICIENT_GATE2_DATA,INSUFFICIENT_DATA,yfinance,2026-05-27,2026-05-27,,v0_1_legacy_columns_preserved; non_turnaround_role_unchanged
CVX,Chevron Corporation,US,Energy,Oil Gas & Consumable Fuels,387.0,N,CORE,KEEP_CORE,METADATA_ONLY_AUDIT; large-cap metadata row without forced review marker,CORE,KEEP_CORE,NON_TURNAROUND_ROLE_UNCHANGED; Gate 3 metrics recorded for v0.4 evidence only; legacy_reason=METADATA_ONLY_AUDIT; large-cap metadata row without forced review marker,OBSERVATION_ONLY,N,FAIL,FAIL,FAIL,-13.6159,N,24.2930,Y,192.7684,169.5516,Y,10192061.90,11412696.83,N,-13.6159,Y,Y,-1.2880,N,10192061.90,12276477.78,N,INSUFFICIENT_GATE2_DATA,INSUFFICIENT_DATA,yfinance,2026-05-27,2026-05-27,,v0_1_legacy_columns_preserved; non_turnaround_role_unchanged
NFLX,Netflix Inc.,US,Communication Services,Entertainment,377.0,N,CORE,KEEP_CORE,METADATA_ONLY_AUDIT; large-cap metadata row without forced review marker,CORE,KEEP_CORE,NON_TURNAROUND_ROLE_UNCHANGED; Gate 3 metrics recorded for v0.4 evidence only; legacy_reason=METADATA_ONLY_AUDIT; large-cap metadata row without forced review marker,OBSERVATION_ONLY,N,FAIL,FAIL,FAIL,-34.7711,Y,15.1463,Y,93.3724,101.5605,N,32715952.38,44924004.76,N,-34.7711,N,N,-4.3997,N,32715952.38,42808707.94,N,INSUFFICIENT_GATE2_DATA,INSUFFICIENT_DATA,yfinance,2026-05-27,2026-05-27,,v0_1_legacy_columns_preserved; non_turnaround_role_unchanged
ABBV,AbbVie Inc.,US,Health Care,Biotechnology,369.0,N,EXTENDED,KEEP_EXTENDED,MARKET_CAP_BELOW_THRESHOLD; METADATA_ONLY_AUDIT; below core threshold but retained for extended monitoring,EXTENDED,KEEP_EXTENDED,NON_TURNAROUND_ROLE_UNCHANGED; Gate 3 metrics recorded for v0.4 evidence only; legacy_reason=MARKET_CAP_BELOW_THRESHOLD; METADATA_ONLY_AUDIT; below core threshold but retained for extended monitoring,OBSERVATION_ONLY,N,FAIL,FAIL,FAIL,-11.8586,N,9.1296,N,208.0618,219.3906,N,5971238.10,6588972.22,N,-11.8586,Y,N,9.1296,Y,5971238.10,6694633.33,N,INSUFFICIENT_GATE2_DATA,INSUFFICIENT_DATA,yfinance,2026-05-27,2026-05-27,,v0_1_legacy_columns_preserved; non_turnaround_role_unchanged
BAC,Bank of America Corporation,US,Financials,Banks,359.0,N,CORE,KEEP_CORE,METADATA_ONLY_AUDIT; large-cap metadata row without forced review marker,CORE,KEEP_CORE,NON_TURNAROUND_ROLE_UNCHANGED; Gate 3 metrics recorded for v0.4 evidence only; legacy_reason=METADATA_ONLY_AUDIT; large-cap metadata row without forced review marker,OBSERVATION_ONLY,N,FAIL,FAIL,FAIL,-10.7424,N,9.3750,N,51.0270,51.7987,N,33278800.00,38634942.06,N,-10.7424,Y,N,-2.9071,N,33278800.00,38361495.24,N,INSUFFICIENT_GATE2_DATA,INSUFFICIENT_DATA,yfinance,2026-05-27,2026-05-27,,v0_1_legacy_columns_preserved; non_turnaround_role_unchanged
UNH,UnitedHealth Group Incorporated,US,Health Care,Health Care Providers,355.0,N,CORE,KEEP_CORE,METADATA_ONLY_AUDIT; large-cap metadata row without forced review marker,CORE,KEEP_CORE,NON_TURNAROUND_ROLE_UNCHANGED; Gate 3 metrics recorded for v0.4 evidence only; legacy_reason=METADATA_ONLY_AUDIT; large-cap metadata row without forced review marker,OBSERVATION_ONLY,N,FAIL,FAIL,FAIL,-4.2751,N,48.2550,Y,334.5112,325.3590,Y,6839819.05,8477749.21,N,-4.2751,Y,Y,8.2664,Y,6839819.05,8261346.03,N,INSUFFICIENT_GATE2_DATA,INSUFFICIENT_DATA,yfinance,2026-05-27,2026-05-27,,v0_1_legacy_columns_preserved; non_turnaround_role_unchanged
KO,The Coca-Cola Company,US,Consumer Staples,Beverages,349.0,N,CORE,KEEP_CORE,METADATA_ONLY_AUDIT; large-cap metadata row without forced review marker,CORE,KEEP_CORE,NON_TURNAROUND_ROLE_UNCHANGED; Gate 3 metrics recorded for v0.4 evidence only; legacy_reason=METADATA_ONLY_AUDIT; large-cap metadata row without forced review marker,OBSERVATION_ONLY,N,FAIL,FAIL,FAIL,-0.3662,N,20.8469,Y,77.5820,72.8720,Y,14838895.24,16621921.43,N,-0.3662,N,Y,8.1919,Y,14838895.24,15123039.68,N,INSUFFICIENT_GATE2_DATA,INSUFFICIENT_DATA,yfinance,2026-05-27,2026-05-27,,v0_1_legacy_columns_preserved; non_turnaround_role_unchanged
LRCX,Lam Research Corporation,US,Information Technology,Semiconductor Equipment,347.0,N,CORE,KEEP_CORE,METADATA_ONLY_AUDIT; large-cap metadata row without forced review marker,CORE,KEEP_CORE,NON_TURNAROUND_ROLE_UNCHANGED; Gate 3 metrics recorded for v0.4 evidence only; legacy_reason=METADATA_ONLY_AUDIT; large-cap metadata row without forced review marker,OBSERVATION_ONLY,N,FAIL,FAIL,FAIL,-1.1621,N,112.0827,Y,260.0070,190.7282,Y,9316647.62,10738146.83,N,-1.1621,N,Y,22.9159,Y,9316647.62,9893173.02,N,INSUFFICIENT_GATE2_DATA,INSUFFICIENT_DATA,yfinance,2026-05-27,2026-05-27,,v0_1_legacy_columns_preserved; non_turnaround_role_unchanged
PG,The Procter & Gamble Company,US,Consumer Staples,Household Products,331.0,N,CORE,KEEP_CORE,METADATA_ONLY_AUDIT; large-cap metadata row without forced review marker,CORE,KEEP_CORE,NON_TURNAROUND_ROLE_UNCHANGED; Gate 3 metrics recorded for v0.4 evidence only; legacy_reason=METADATA_ONLY_AUDIT; large-cap metadata row without forced review marker,OBSERVATION_ONLY,N,FAIL,FAIL,FAIL,-13.1850,N,6.8459,N,144.6178,149.7758,N,8033471.43,10423972.22,N,-13.1850,Y,N,-0.6132,N,8033471.43,9503236.51,N,INSUFFICIENT_GATE2_DATA,INSUFFICIENT_DATA,yfinance,2026-05-27,2026-05-27,,v0_1_legacy_columns_preserved; non_turnaround_role_unchanged
AMAT,Applied Materials Inc.,US,Information Technology,Semiconductor Equipment,328.0,N,CORE,KEEP_CORE,METADATA_ONLY_AUDIT; large-cap metadata row without forced review marker,CORE,KEEP_CORE,NON_TURNAROUND_ROLE_UNCHANGED; Gate 3 metrics recorded for v0.4 evidence only; legacy_reason=METADATA_ONLY_AUDIT; large-cap metadata row without forced review marker,OBSERVATION_ONLY,N,FAIL,FAIL,FAIL,-1.4597,N,94.1232,Y,393.2930,289.9204,Y,7719271.43,7150711.11,Y,-1.4597,N,Y,10.7173,Y,7719271.43,6757450.79,Y,INSUFFICIENT_GATE2_DATA,INSUFFICIENT_DATA,yfinance,2026-05-27,2026-05-27,,v0_1_legacy_columns_preserved; non_turnaround_role_unchanged
PLTR,Palantir Technologies Inc.,US,Information Technology,Software,323.0,N,CORE,KEEP_CORE,METADATA_ONLY_AUDIT; large-cap metadata row without forced review marker,CORE,KEEP_CORE,NON_TURNAROUND_ROLE_UNCHANGED; Gate 3 metrics recorded for v0.4 evidence only; legacy_reason=METADATA_ONLY_AUDIT; large-cap metadata row without forced review marker,OBSERVATION_ONLY,N,FAIL,FAIL,FAIL,-36.0411,Y,3.4749,N,141.9527,162.1329,N,40350195.24,45310608.73,N,-36.0411,N,N,-7.4004,N,40350195.24,46204841.27,N,INSUFFICIENT_GATE2_DATA,INSUFFICIENT_DATA,yfinance,2026-05-27,2026-05-27,,v0_1_legacy_columns_preserved; non_turnaround_role_unchanged
MS,Morgan Stanley,US,Financials,Capital Markets,303.0,N,CORE,KEEP_CORE,METADATA_ONLY_AUDIT; large-cap metadata row without forced review marker,CORE,KEEP_CORE,NON_TURNAROUND_ROLE_UNCHANGED; Gate 3 metrics recorded for v0.4 evidence only; legacy_reason=METADATA_ONLY_AUDIT; large-cap metadata row without forced review marker,OBSERVATION_ONLY,N,FAIL,FAIL,FAIL,-0.0743,N,30.6018,Y,182.1406,170.2067,Y,5294757.14,6478514.29,N,-0.0743,N,Y,6.0101,Y,5294757.14,6366528.57,N,INSUFFICIENT_GATE2_DATA,INSUFFICIENT_DATA,yfinance,2026-05-27,2026-05-27,,v0_1_legacy_columns_preserved; non_turnaround_role_unchanged
HD,The Home Depot Inc.,US,Consumer Discretionary,Specialty Retail,298.0,N,CORE,KEEP_CORE,METADATA_ONLY_AUDIT; large-cap metadata row without forced review marker,CORE,KEEP_CORE,NON_TURNAROUND_ROLE_UNCHANGED; Gate 3 metrics recorded for v0.4 evidence only; legacy_reason=METADATA_ONLY_AUDIT; large-cap metadata row without forced review marker,OBSERVATION_ONLY,N,FAIL,FAIL,FAIL,-24.9327,Y,6.8367,N,325.3952,365.3071,N,5316409.52,4413902.38,Y,-24.9327,N,N,-4.3485,N,5316409.52,4374580.95,Y,INSUFFICIENT_GATE2_DATA,INSUFFICIENT_DATA,yfinance,2026-05-27,2026-05-27,,v0_1_legacy_columns_preserved; non_turnaround_role_unchanged
PM,Philip Morris International Inc.,US,Consumer Staples,Tobacco,298.0,N,CORE,KEEP_CORE,METADATA_ONLY_AUDIT; large-cap metadata row without forced review marker,CORE,KEEP_CORE,NON_TURNAROUND_ROLE_UNCHANGED; Gate 3 metrics recorded for v0.4 evidence only; legacy_reason=METADATA_ONLY_AUDIT; large-cap metadata row without forced review marker,OBSERVATION_ONLY,N,FAIL,FAIL,FAIL,-5.1183,N,23.1581,Y,169.1022,165.5827,Y,4819566.67,5341084.13,N,-5.1183,Y,Y,13.1386,Y,4819566.67,4976242.86,N,INSUFFICIENT_GATE2_DATA,INSUFFICIENT_DATA,yfinance,2026-05-27,2026-05-27,,v0_1_legacy_columns_preserved; non_turnaround_role_unchanged
GE,GE Aerospace,US,Industrials,Aerospace & Defense,298.0,N,CORE,KEEP_CORE,METADATA_ONLY_AUDIT; large-cap metadata row without forced review marker,CORE,KEEP_CORE,NON_TURNAROUND_ROLE_UNCHANGED; Gate 3 metrics recorded for v0.4 evidence only; legacy_reason=METADATA_ONLY_AUDIT; large-cap metadata row without forced review marker,OBSERVATION_ONLY,N,FAIL,FAIL,FAIL,-8.2519,N,16.0878,Y,294.5188,300.5977,N,5617904.76,5628744.44,N,-8.2519,Y,N,11.4739,Y,5617904.76,5905495.24,N,INSUFFICIENT_GATE2_DATA,INSUFFICIENT_DATA,yfinance,2026-05-27,2026-05-27,,v0_1_legacy_columns_preserved; non_turnaround_role_unchanged
GS,The Goldman Sachs Group Inc.,US,Financials,Capital Markets,290.0,N,CORE,KEEP_CORE,METADATA_ONLY_AUDIT; large-cap metadata row without forced review marker,CORE,KEEP_CORE,NON_TURNAROUND_ROLE_UNCHANGED; Gate 3 metrics recorded for v0.4 evidence only; legacy_reason=METADATA_ONLY_AUDIT; large-cap metadata row without forced review marker,OBSERVATION_ONLY,N,FAIL,FAIL,FAIL,-0.0261,N,27.3916,Y,904.3488,851.2528,Y,1958490.48,2237127.78,N,-0.0261,N,Y,6.2550,Y,1958490.48,2188709.52,N,INSUFFICIENT_GATE2_DATA,INSUFFICIENT_DATA,yfinance,2026-05-27,2026-05-27,,v0_1_legacy_columns_preserved; non_turnaround_role_unchanged
MRK,Merck & Co. Inc.,US,Health Care,Pharmaceuticals,278.0,N,CORE,KEEP_CORE,METADATA_ONLY_AUDIT; large-cap metadata row without forced review marker,CORE,KEEP_CORE,NON_TURNAROUND_ROLE_UNCHANGED; Gate 3 metrics recorded for v0.4 evidence only; legacy_reason=METADATA_ONLY_AUDIT; large-cap metadata row without forced review marker,OBSERVATION_ONLY,N,FAIL,FAIL,FAIL,-2.9775,N,24.0995,Y,115.8768,102.6997,Y,8868561.90,11620981.75,N,-2.9775,N,Y,9.0810,Y,8868561.90,9570447.62,N,INSUFFICIENT_GATE2_DATA,INSUFFICIENT_DATA,yfinance,2026-05-27,2026-05-27,,v0_1_legacy_columns_preserved; non_turnaround_role_unchanged
TXN,Texas Instruments Incorporated,US,Information Technology,Semiconductors,273.0,N,CORE,KEEP_CORE,METADATA_ONLY_AUDIT; large-cap metadata row without forced review marker,CORE,KEEP_CORE,NON_TURNAROUND_ROLE_UNCHANGED; Gate 3 metrics recorded for v0.4 evidence only; legacy_reason=METADATA_ONLY_AUDIT; large-cap metadata row without forced review marker,OBSERVATION_ONLY,N,FAIL,FAIL,FAIL,-2.2900,N,96.8560,Y,247.1878,202.0726,Y,7423504.76,7451131.75,N,-2.2900,N,Y,17.7922,Y,7423504.76,7165436.51,Y,INSUFFICIENT_GATE2_DATA,INSUFFICIENT_DATA,yfinance,2026-05-27,2026-05-27,,v0_1_legacy_columns_preserved; non_turnaround_role_unchanged
GEV,GE Vernova Inc.,US,Industrials,Electrical Equipment,272.0,N,CORE,KEEP_CORE,METADATA_ONLY_AUDIT; large-cap metadata row without forced review marker,CORE,KEEP_CORE,NON_TURNAROUND_ROLE_UNCHANGED; Gate 3 metrics recorded for v0.4 evidence only; legacy_reason=METADATA_ONLY_AUDIT; large-cap metadata row without forced review marker,OBSERVATION_ONLY,N,FAIL,FAIL,FAIL,-10.2337,N,80.2239,Y,995.7390,745.0506,Y,2360133.33,2796737.30,N,-10.2337,Y,Y,-7.8859,N,2360133.33,2485031.75,N,INSUFFICIENT_GATE2_DATA,INSUFFICIENT_DATA,yfinance,2026-05-27,2026-05-27,,v0_1_legacy_columns_preserved; non_turnaround_role_unchanged
RTX,RTX Corporation,US,Industrials,Aerospace & Defense,236.0,N,CORE,KEEP_CORE,METADATA_ONLY_AUDIT; large-cap metadata row without forced review marker,CORE,KEEP_CORE,NON_TURNAROUND_ROLE_UNCHANGED; Gate 3 metrics recorded for v0.4 evidence only; legacy_reason=METADATA_ONLY_AUDIT; large-cap metadata row without forced review marker,OBSERVATION_ONLY,N,FAIL,FAIL,FAIL,-16.7657,N,5.1006,N,186.4922,180.5025,Y,5644223.81,5611778.57,Y,-16.7657,N,Y,1.8514,N,5644223.81,5606536.51,Y,INSUFFICIENT_GATE2_DATA,INSUFFICIENT_DATA,yfinance,2026-05-27,2026-05-27,,v0_1_legacy_columns_preserved; non_turnaround_role_unchanged
LIN,Linde plc,US,Materials,Chemicals,236.0,N,CORE,KEEP_CORE,METADATA_ONLY_AUDIT; large-cap metadata row without forced review marker,CORE,KEEP_CORE,NON_TURNAROUND_ROLE_UNCHANGED; Gate 3 metrics recorded for v0.4 evidence only; legacy_reason=METADATA_ONLY_AUDIT; large-cap metadata row without forced review marker,OBSERVATION_ONLY,N,FAIL,FAIL,FAIL,-1.8760,N,30.4304,Y,500.5808,465.0260,Y,2025957.14,2554732.54,N,-1.8760,N,Y,-0.5639,N,2025957.14,2284326.98,N,INSUFFICIENT_GATE2_DATA,INSUFFICIENT_DATA,yfinance,2026-05-27,2026-05-27,,v0_1_legacy_columns_preserved; non_turnaround_role_unchanged
KLAC,KLA Corporation,US,Information Technology,Semiconductor Equipment,229.0,N,CORE,KEEP_CORE,METADATA_ONLY_AUDIT; large-cap metadata row without forced review marker,CORE,KEEP_CORE,NON_TURNAROUND_ROLE_UNCHANGED; Gate 3 metrics recorded for v0.4 evidence only; legacy_reason=METADATA_ONLY_AUDIT; large-cap metadata row without forced review marker,OBSERVATION_ONLY,N,FAIL,FAIL,FAIL,-2.6947,N,72.1772,Y,1714.5060,1339.0461,Y,1073719.05,1017888.89,Y,-2.6947,N,Y,3.0100,Y,1073719.05,993026.98,Y,INSUFFICIENT_GATE2_DATA,INSUFFICIENT_DATA,yfinance,2026-05-27,2026-05-27,,v0_1_legacy_columns_preserved; non_turnaround_role_unchanged
WFC,Wells Fargo & Company,US,Financials,Banks,227.0,N,CORE,KEEP_CORE,METADATA_ONLY_AUDIT; large-cap metadata row without forced review marker,CORE,KEEP_CORE,NON_TURNAROUND_ROLE_UNCHANGED; Gate 3 metrics recorded for v0.4 evidence only; legacy_reason=METADATA_ONLY_AUDIT; large-cap metadata row without forced review marker,OBSERVATION_ONLY,N,FAIL,FAIL,FAIL,-21.0395,Y,3.6639,N,79.0886,84.0680,N,16970085.71,16374470.63,Y,-21.0395,N,N,-5.5238,N,16970085.71,17735652.38,N,INSUFFICIENT_GATE2_DATA,INSUFFICIENT_DATA,yfinance,2026-05-27,2026-05-27,,v0_1_legacy_columns_preserved; non_turnaround_role_unchanged
QCOM,QUALCOMM Incorporated,US,Information Technology,Semiconductors,214.0,N,CORE,KEEP_CORE,METADATA_ONLY_AUDIT; large-cap metadata row without forced review marker,CORE,KEEP_CORE,NON_TURNAROUND_ROLE_UNCHANGED; Gate 3 metrics recorded for v0.4 evidence only; legacy_reason=METADATA_ONLY_AUDIT; large-cap metadata row without forced review marker,OBSERVATION_ONLY,N,FAIL,FAIL,FAIL,-6.1973,N,88.1196,Y,161.0236,161.4986,Y,31181066.67,14057906.35,Y,-6.1973,Y,N,55.3308,Y,31181066.67,18741849.21,Y,INSUFFICIENT_GATE2_DATA,INSUFFICIENT_DATA,yfinance,2026-05-27,2026-05-27,,v0_1_legacy_columns_preserved; non_turnaround_role_unchanged
AXP,American Express Company,US,Financials,Consumer Finance,213.0,N,CORE,KEEP_CORE,METADATA_ONLY_AUDIT; large-cap metadata row without forced review marker,CORE,KEEP_CORE,NON_TURNAROUND_ROLE_UNCHANGED; Gate 3 metrics recorded for v0.4 evidence only; legacy_reason=METADATA_ONLY_AUDIT; large-cap metadata row without forced review marker,OBSERVATION_ONLY,N,FAIL,FAIL,FAIL,-18.7976,N,6.9354,N,312.5770,336.9024,N,3250447.62,3243915.08,Y,-18.7976,N,N,-1.9759,N,3250447.62,3511898.41,N,INSUFFICIENT_GATE2_DATA,INSUFFICIENT_DATA,yfinance,2026-05-27,2026-05-27,,v0_1_legacy_columns_preserved; non_turnaround_role_unchanged
IBM,IBM Corporation,US,Information Technology,IT Services,209.0,N,CORE,KEEP_CORE,METADATA_ONLY_AUDIT; large-cap metadata row without forced review marker,CORE,KEEP_CORE,NON_TURNAROUND_ROLE_UNCHANGED; Gate 3 metrics recorded for v0.4 evidence only; legacy_reason=METADATA_ONLY_AUDIT; large-cap metadata row without forced review marker,OBSERVATION_ONLY,N,FAIL,FAIL,FAIL,-18.9790,N,18.8968,Y,238.1386,270.0365,N,7684895.24,5777280.16,Y,-18.9790,N,N,11.9053,Y,7684895.24,6572007.94,Y,INSUFFICIENT_GATE2_DATA,INSUFFICIENT_DATA,yfinance,2026-05-27,2026-05-27,,v0_1_legacy_columns_preserved; non_turnaround_role_unchanged
C,Citigroup Inc.,US,Financials,Banks,208.0,N,CORE,KEEP_CORE,METADATA_ONLY_AUDIT; large-cap metadata row without forced review marker,CORE,KEEP_CORE,NON_TURNAROUND_ROLE_UNCHANGED; Gate 3 metrics recorded for v0.4 evidence only; legacy_reason=METADATA_ONLY_AUDIT; large-cap metadata row without forced review marker,OBSERVATION_ONLY,N,FAIL,FAIL,FAIL,-5.7572,N,25.7799,Y,122.4982,110.0989,Y,10920261.90,13642222.22,N,-5.7572,Y,Y,-2.9038,N,10920261.90,13217098.41,N,INSUFFICIENT_GATE2_DATA,INSUFFICIENT_DATA,yfinance,2026-05-27,2026-05-27,,v0_1_legacy_columns_preserved; non_turnaround_role_unchanged
TMUS,T-Mobile US Inc.,US,Communication Services,Wireless Telecommunication,206.0,N,CORE,KEEP_CORE,METADATA_ONLY_AUDIT; large-cap metadata row without forced review marker,CORE,KEEP_CORE,NON_TURNAROUND_ROLE_UNCHANGED; Gate 3 metrics recorded for v0.4 evidence only; legacy_reason=METADATA_ONLY_AUDIT; large-cap metadata row without forced review marker,OBSERVATION_ONLY,N,FAIL,FAIL,FAIL,-26.3310,Y,4.4104,N,197.1540,212.6135,N,4980271.43,5782619.84,N,-26.3310,N,N,4.4104,Y,4980271.43,5620888.89,N,INSUFFICIENT_GATE2_DATA,INSUFFICIENT_DATA,yfinance,2026-05-27,2026-05-27,,v0_1_legacy_columns_preserved; non_turnaround_role_unchanged
ADI,Analog Devices Inc.,US,Information Technology,Semiconductors,204.0,N,CORE,KEEP_CORE,METADATA_ONLY_AUDIT; large-cap metadata row without forced review marker,CORE,KEEP_CORE,NON_TURNAROUND_ROLE_UNCHANGED; Gate 3 metrics recorded for v0.4 evidence only; legacy_reason=METADATA_ONLY_AUDIT; large-cap metadata row without forced review marker,OBSERVATION_ONLY,N,FAIL,INSUFFICIENT_DATA,MANUAL_REVIEW,-3.5870,N,74.1353,Y,369.4064,296.6964,Y,4337185.71,3987352.38,Y,-3.5870,Y,Y,6.1871,Y,4337185.71,3890603.17,Y,INSUFFICIENT_GATE2_DATA,INSUFFICIENT_DATA,yfinance,2026-05-27,2026-05-27,,v0_1_legacy_columns_preserved; non_turnaround_role_unchanged
PEP,PepsiCo Inc.,US,Consumer Staples,Beverages,203.0,N,CORE,KEEP_CORE,METADATA_ONLY_AUDIT; large-cap metadata row without forced review marker,CORE,KEEP_CORE,NON_TURNAROUND_ROLE_UNCHANGED; Gate 3 metrics recorded for v0.4 evidence only; legacy_reason=METADATA_ONLY_AUDIT; large-cap metadata row without forced review marker,OBSERVATION_ONLY,N,FAIL,FAIL,FAIL,-13.3439,N,7.8316,N,153.6050,150.6722,Y,6430580.95,7396229.37,N,-13.3439,Y,Y,-4.1272,N,6430580.95,6400753.97,Y,INSUFFICIENT_GATE2_DATA,INSUFFICIENT_DATA,yfinance,2026-05-27,2026-05-27,,v0_1_legacy_columns_preserved; non_turnaround_role_unchanged
PANW,Palo Alto Networks Inc.,US,Information Technology,Software,200.0,N,CORE,KEEP_CORE,METADATA_ONLY_AUDIT; large-cap metadata row without forced review marker,CORE,KEEP_CORE,NON_TURNAROUND_ROLE_UNCHANGED; Gate 3 metrics recorded for v0.4 evidence only; legacy_reason=METADATA_ONLY_AUDIT; large-cap metadata row without forced review marker,OBSERVATION_ONLY,N,FAIL,FAIL,FAIL,-4.6473,N,75.3865,Y,187.3926,188.4297,Y,7858061.90,8704217.46,N,-4.6473,Y,N,35.8502,Y,7858061.90,8004563.49,N,INSUFFICIENT_GATE2_DATA,INSUFFICIENT_DATA,yfinance,2026-05-27,2026-05-27,,v0_1_legacy_columns_preserved; non_turnaround_role_unchanged
MCD,McDonald's Corporation,US,Consumer Discretionary,Hotels Restaurants,200.0,N,CORE,KEEP_CORE,METADATA_ONLY_AUDIT; large-cap metadata row without forced review marker,CORE,KEEP_CORE,NON_TURNAROUND_ROLE_UNCHANGED; Gate 3 metrics recorded for v0.4 evidence only; legacy_reason=METADATA_ONLY_AUDIT; large-cap metadata row without forced review marker,OBSERVATION_ONLY,N,FAIL,FAIL,FAIL,-17.6333,N,2.3015,N,296.5870,307.7113,N,4285042.86,3443679.37,Y,-17.6333,N,N,-3.2011,N,4285042.86,3520144.44,Y,INSUFFICIENT_GATE2_DATA,INSUFFICIENT_DATA,yfinance,2026-05-27,2026-05-27,,v0_1_legacy_columns_preserved; non_turnaround_role_unchanged
SNDK,Sandisk Corporation,US,Information Technology,"Technology Hardware, Storage & Peripherals",197.0,N,CORE,KEEP_CORE,RECENT_INDEX_INCLUSION; METADATA_ONLY_AUDIT; large-cap metadata row without forced review marker,CORE,KEEP_CORE,NON_TURNAROUND_ROLE_UNCHANGED; Gate 3 metrics recorded for v0.4 evidence only; legacy_reason=RECENT_INDEX_INCLUSION; METADATA_ONLY_AUDIT; large-cap metadata row without forced review marker,OBSERVATION_ONLY,N,FAIL,FAIL,FAIL,0.0000,N,717.9545,Y,1041.3504,472.0125,Y,14935047.62,16291647.62,N,0.0000,N,Y,48.5648,Y,14935047.62,16679314.29,N,INSUFFICIENT_GATE2_DATA,INSUFFICIENT_DATA,yfinance,2026-05-27,2026-05-27,,v0_1_legacy_columns_preserved; non_turnaround_role_unchanged
VZ,Verizon Communications Inc.,US,Communication Services,Diversified Telecommunication,195.0,N,CORE,KEEP_CORE,METADATA_ONLY_AUDIT; large-cap metadata row without forced review marker,CORE,KEEP_CORE,NON_TURNAROUND_ROLE_UNCHANGED; Gate 3 metrics recorded for v0.4 evidence only; legacy_reason=METADATA_ONLY_AUDIT; large-cap metadata row without forced review marker,OBSERVATION_ONLY,N,FAIL,FAIL,FAIL,-6.1113,N,23.9784,Y,47.9634,44.2400,Y,20590595.24,27652960.32,N,-6.1113,Y,Y,2.4204,N,20590595.24,24735396.83,N,INSUFFICIENT_GATE2_DATA,INSUFFICIENT_DATA,yfinance,2026-05-27,2026-05-27,,v0_1_legacy_columns_preserved; non_turnaround_role_unchanged
NEE,NextEra Energy Inc.,US,Utilities,Electric Utilities,185.0,N,CORE,KEEP_CORE,METADATA_ONLY_AUDIT; large-cap metadata row without forced review marker,CORE,KEEP_CORE,NON_TURNAROUND_ROLE_UNCHANGED; Gate 3 metrics recorded for v0.4 evidence only; legacy_reason=METADATA_ONLY_AUDIT; large-cap metadata row without forced review marker,OBSERVATION_ONLY,N,FAIL,FAIL,FAIL,-10.4516,N,11.8413,N,92.6400,84.8877,Y,11630571.43,9888534.13,Y,-10.4516,Y,Y,-7.5714,N,11630571.43,10379476.19,Y,INSUFFICIENT_GATE2_DATA,INSUFFICIENT_DATA,yfinance,2026-05-27,2026-05-27,,v0_1_legacy_columns_preserved; non_turnaround_role_unchanged
DIS,The Walt Disney Company,US,Communication Services,Entertainment,180.0,Y,HIGH_RISK_REVIEW,REVIEW_BEFORE_SCORING,TURNAROUND_IN_PROGRESS; METADATA_ONLY_AUDIT; turnaround flag prevents core classification,GATE3_FAIL_REVIEW,REVIEW_BEFORE_SCORING,"Gate3 FAIL; no recovery/continuation signal; preprocessing review only, not EXCLUDE; metadata_role=CORE; recovery=FAIL; continuation=FAIL",RECOVERY,Y,FAIL,FAIL,FAIL,-15.9906,N,12.7245,N,101.5068,108.4007,N,9040809.52,10575011.90,N,-15.9906,N,N,1.7880,N,9040809.52,9646490.48,N,INSUFFICIENT_GATE2_DATA,INSUFFICIENT_DATA,yfinance,2026-05-27,2026-05-27,,v0_1_legacy_columns_preserved; turnaround_gate3_recovery_applied; role_changed:HIGH_RISK_REVIEW->GATE3_FAIL_REVIEW
ANET,Arista Networks Inc.,US,Information Technology,Communications Equipment,178.0,N,CORE,KEEP_CORE,METADATA_ONLY_AUDIT; large-cap metadata row without forced review marker,CORE,KEEP_CORE,NON_TURNAROUND_ROLE_UNCHANGED; Gate 3 metrics recorded for v0.4 evidence only; legacy_reason=METADATA_ONLY_AUDIT; large-cap metadata row without forced review marker,OBSERVATION_ONLY,N,FAIL,FAIL,FAIL,-13.1773,N,32.8769,Y,147.9344,139.9703,Y,12603509.52,8226808.73,Y,-13.1773,Y,Y,-10.5294,N,12603509.52,8755969.84,Y,INSUFFICIENT_GATE2_DATA,INSUFFICIENT_DATA,yfinance,2026-05-27,2026-05-27,,v0_1_legacy_columns_preserved; non_turnaround_role_unchanged
BLK,BlackRock Inc.,US,Financials,Capital Markets,176.0,N,CORE,KEEP_CORE,METADATA_ONLY_AUDIT; large-cap metadata row without forced review marker,CORE,KEEP_CORE,NON_TURNAROUND_ROLE_UNCHANGED; Gate 3 metrics recorded for v0.4 evidence only; legacy_reason=METADATA_ONLY_AUDIT; large-cap metadata row without forced review marker,OBSERVATION_ONLY,N,FAIL,FAIL,FAIL,-10.9971,N,15.9757,Y,1028.1990,1078.5638,N,555138.10,739476.98,N,-10.9971,Y,N,1.2755,N,555138.10,780249.21,N,INSUFFICIENT_GATE2_DATA,INSUFFICIENT_DATA,yfinance,2026-05-27,2026-05-27,,v0_1_legacy_columns_preserved; non_turnaround_role_unchanged
AMGN,Amgen Inc.,US,Health Care,Biotechnology,175.0,N,EXTENDED,KEEP_EXTENDED,MARKET_CAP_BELOW_THRESHOLD; METADATA_ONLY_AUDIT; below core threshold but retained for extended monitoring,EXTENDED,KEEP_EXTENDED,NON_TURNAROUND_ROLE_UNCHANGED; Gate 3 metrics recorded for v0.4 evidence only; legacy_reason=MARKET_CAP_BELOW_THRESHOLD; METADATA_ONLY_AUDIT; below core threshold but retained for extended monitoring,OBSERVATION_ONLY,N,FAIL,FAIL,FAIL,-13.4223,N,7.0766,N,342.6546,327.7143,Y,2711252.38,2752187.30,N,-13.4223,Y,Y,-1.2111,N,2711252.38,2629709.52,Y,INSUFFICIENT_GATE2_DATA,INSUFFICIENT_DATA,yfinance,2026-05-27,2026-05-27,,v0_1_legacy_columns_preserved; non_turnaround_role_unchanged
BA,The Boeing Company,US,Industrials,Aerospace & Defense,173.0,Y,HIGH_RISK_REVIEW,REVIEW_BEFORE_SCORING,TURNAROUND_IN_PROGRESS; METADATA_ONLY_AUDIT; turnaround flag prevents core classification,GATE3_FAIL_REVIEW,REVIEW_BEFORE_SCORING,"Gate3 FAIL; no recovery/continuation signal; preprocessing review only, not EXCLUDE; metadata_role=CORE; recovery=FAIL; continuation=FAIL",RECOVERY,Y,FAIL,FAIL,FAIL,-11.0450,N,25.2233,Y,218.3962,219.5026,N,6954890.48,7416578.57,N,-11.0450,Y,N,-3.0389,N,6954890.48,6999785.71,N,INSUFFICIENT_GATE2_DATA,INSUFFICIENT_DATA,yfinance,2026-05-27,2026-05-27,,v0_1_legacy_columns_preserved; turnaround_gate3_recovery_applied; role_changed:HIGH_RISK_REVIEW->GATE3_FAIL_REVIEW
T,AT&T Inc.,US,Communication Services,Diversified Telecommunication,169.0,N,CORE,KEEP_CORE,METADATA_ONLY_AUDIT; large-cap metadata row without forced review marker,CORE,KEEP_CORE,NON_TURNAROUND_ROLE_UNCHANGED; Gate 3 metrics recorded for v0.4 evidence only; legacy_reason=METADATA_ONLY_AUDIT; large-cap metadata row without forced review marker,OBSERVATION_ONLY,N,FAIL,FAIL,FAIL,-15.9689,N,8.2174,N,26.4716,26.5097,N,34340519.05,40594923.02,N,-15.9689,N,N,-2.4687,N,34340519.05,39325565.08,N,INSUFFICIENT_GATE2_DATA,INSUFFICIENT_DATA,yfinance,2026-05-27,2026-05-27,,v0_1_legacy_columns_preserved; non_turnaround_role_unchanged
TJX,The TJX Companies Inc.,US,Consumer Discretionary,Specialty Retail,166.0,N,CORE,KEEP_CORE,METADATA_ONLY_AUDIT; large-cap metadata row without forced review marker,CORE,KEEP_CORE,NON_TURNAROUND_ROLE_UNCHANGED; Gate 3 metrics recorded for v0.4 evidence only; legacy_reason=METADATA_ONLY_AUDIT; large-cap metadata row without forced review marker,OBSERVATION_ONLY,N,FAIL,FAIL,FAIL,-4.8424,N,6.7877,N,156.6502,150.2875,Y,5850195.24,5078424.60,Y,-4.8424,Y,Y,-0.2985,N,5850195.24,4905374.60,Y,INSUFFICIENT_GATE2_DATA,INSUFFICIENT_DATA,yfinance,2026-05-27,2026-05-27,,v0_1_legacy_columns_preserved; non_turnaround_role_unchanged
STX,Seagate Technology Holdings plc,US,Information Technology,Technology Hardware,166.0,N,CORE,KEEP_CORE,METADATA_ONLY_AUDIT; large-cap metadata row without forced review marker,CORE,KEEP_CORE,NON_TURNAROUND_ROLE_UNCHANGED; Gate 3 metrics recorded for v0.4 evidence only; legacy_reason=METADATA_ONLY_AUDIT; large-cap metadata row without forced review marker,OBSERVATION_ONLY,N,FAIL,FAIL,FAIL,0.0000,N,243.6183,Y,597.8398,360.4560,Y,4773366.67,4086289.68,Y,0.0000,N,Y,46.1182,Y,4773366.67,3981885.71,Y,INSUFFICIENT_GATE2_DATA,INSUFFICIENT_DATA,yfinance,2026-05-27,2026-05-27,,v0_1_legacy_columns_preserved; non_turnaround_role_unchanged
APP,AppLovin Corporation,US,Information Technology,Software,165.0,N,CORE,KEEP_CORE,METADATA_ONLY_AUDIT; large-cap metadata row without forced review marker,CORE,KEEP_CORE,NON_TURNAROUND_ROLE_UNCHANGED; Gate 3 metrics recorded for v0.4 evidence only; legacy_reason=METADATA_ONLY_AUDIT; large-cap metadata row without forced review marker,OBSERVATION_ONLY,N,FAIL,FAIL,FAIL,-22.5968,Y,54.7600,Y,451.6942,534.9690,N,4960538.10,5122131.75,N,-22.5968,N,N,23.3635,Y,4960538.10,4771284.13,Y,INSUFFICIENT_GATE2_DATA,INSUFFICIENT_DATA,yfinance,2026-05-27,2026-05-27,,v0_1_legacy_columns_preserved; non_turnaround_role_unchanged
TMO,Thermo Fisher Scientific Inc.,US,Health Care,Life Sciences Tools,164.0,N,CORE,KEEP_CORE,METADATA_ONLY_AUDIT; large-cap metadata row without forced review marker,CORE,KEEP_CORE,NON_TURNAROUND_ROLE_UNCHANGED; Gate 3 metrics recorded for v0.4 evidence only; legacy_reason=METADATA_ONLY_AUDIT; large-cap metadata row without forced review marker,OBSERVATION_ONLY,N,FAIL,FAIL,FAIL,-28.6559,Y,4.0767,N,478.7594,526.5803,N,2385980.95,2166327.78,Y,-28.6559,N,N,-2.5276,N,2385980.95,2177688.89,Y,INSUFFICIENT_GATE2_DATA,INSUFFICIENT_DATA,yfinance,2026-05-27,2026-05-27,,v0_1_legacy_columns_preserved; non_turnaround_role_unchanged
UNP,Union Pacific Corporation,US,Industrials,Ground Transportation,163.0,N,CORE,KEEP_CORE,METADATA_ONLY_AUDIT; large-cap metadata row without forced review marker,CORE,KEEP_CORE,NON_TURNAROUND_ROLE_UNCHANGED; Gate 3 metrics recorded for v0.4 evidence only; legacy_reason=METADATA_ONLY_AUDIT; large-cap metadata row without forced review marker,OBSERVATION_ONLY,N,FAIL,FAIL,FAIL,0.0000,N,26.0273,Y,255.8814,238.6606,Y,2743561.90,3157381.75,N,0.0000,N,Y,3.8972,Y,2743561.90,2952873.02,N,INSUFFICIENT_GATE2_DATA,INSUFFICIENT_DATA,yfinance,2026-05-27,2026-05-27,,v0_1_legacy_columns_preserved; non_turnaround_role_unchanged
GILD,Gilead Sciences Inc.,US,Health Care,Biotechnology,160.0,N,EXTENDED,KEEP_EXTENDED,MARKET_CAP_BELOW_THRESHOLD; METADATA_ONLY_AUDIT; below core threshold but retained for extended monitoring,EXTENDED,KEEP_EXTENDED,NON_TURNAROUND_ROLE_UNCHANGED; Gate 3 metrics recorded for v0.4 evidence only; legacy_reason=MARKET_CAP_BELOW_THRESHOLD; METADATA_ONLY_AUDIT; below core threshold but retained for extended monitoring,OBSERVATION_ONLY,N,FAIL,INSUFFICIENT_DATA,MANUAL_REVIEW,-14.1913,N,13.0093,N,135.4030,128.5046,Y,6098033.33,6661004.76,N,-14.1913,Y,Y,4.6497,Y,6098033.33,6058877.78,Y,INSUFFICIENT_GATE2_DATA,INSUFFICIENT_DATA,yfinance,2026-05-27,2026-05-27,,v0_1_legacy_columns_preserved; non_turnaround_role_unchanged
SCHW,The Charles Schwab Corporation,US,Financials,Capital Markets,160.0,N,CORE,KEEP_CORE,METADATA_ONLY_AUDIT; large-cap metadata row without forced review marker,CORE,KEEP_CORE,NON_TURNAROUND_ROLE_UNCHANGED; Gate 3 metrics recorded for v0.4 evidence only; legacy_reason=METADATA_ONLY_AUDIT; large-cap metadata row without forced review marker,OBSERVATION_ONLY,N,FAIL,FAIL,FAIL,-20.1474,Y,0.0000,N,92.4194,95.3130,N,10238090.48,10392164.29,N,-20.1474,N,N,-5.6743,N,10238090.48,10328731.75,N,INSUFFICIENT_GATE2_DATA,INSUFFICIENT_DATA,yfinance,2026-05-27,2026-05-27,,v0_1_legacy_columns_preserved; non_turnaround_role_unchanged
WDC,Western Digital Corporation,US,Information Technology,Technology Hardware,158.0,N,CORE,KEEP_CORE,METADATA_ONLY_AUDIT; large-cap metadata row without forced review marker,CORE,KEEP_CORE,NON_TURNAROUND_ROLE_UNCHANGED; Gate 3 metrics recorded for v0.4 evidence only; legacy_reason=METADATA_ONLY_AUDIT; large-cap metadata row without forced review marker,OBSERVATION_ONLY,N,FAIL,FAIL,FAIL,0.0000,N,251.5537,Y,389.3064,225.9500,Y,8000490.48,8638139.68,N,0.0000,N,Y,32.4083,Y,8000490.48,8059096.83,N,INSUFFICIENT_GATE2_DATA,INSUFFICIENT_DATA,yfinance,2026-05-27,2026-05-27,,v0_1_legacy_columns_preserved; non_turnaround_role_unchanged
CRWD,CrowdStrike Holdings Inc.,US,Information Technology,Software,157.0,N,CORE,KEEP_CORE,METADATA_ONLY_AUDIT; large-cap metadata row without forced review marker,CORE,KEEP_CORE,NON_TURNAROUND_ROLE_UNCHANGED; Gate 3 metrics recorded for v0.4 evidence only; legacy_reason=METADATA_ONLY_AUDIT; large-cap metadata row without forced review marker,OBSERVATION_ONLY,N,FAIL,FAIL,FAIL,-3.8999,N,84.2570,Y,471.8532,467.5422,Y,3031233.33,3395809.52,N,-3.8999,Y,Y,41.9590,Y,3031233.33,3652930.16,N,INSUFFICIENT_GATE2_DATA,INSUFFICIENT_DATA,yfinance,2026-05-27,2026-05-27,,v0_1_legacy_columns_preserved; non_turnaround_role_unchanged
ISRG,Intuitive Surgical Inc.,US,Health Care,Health Care Equipment,155.0,N,CORE,KEEP_CORE,METADATA_ONLY_AUDIT; large-cap metadata row without forced review marker,CORE,KEEP_CORE,NON_TURNAROUND_ROLE_UNCHANGED; Gate 3 metrics recorded for v0.4 evidence only; legacy_reason=METADATA_ONLY_AUDIT; large-cap metadata row without forced review marker,OBSERVATION_ONLY,N,FAIL,FAIL,FAIL,-29.4004,Y,0.0000,N,456.1886,495.5495,N,2216628.57,1934857.14,Y,-29.4004,N,N,-11.1340,N,2216628.57,2009746.03,Y,INSUFFICIENT_GATE2_DATA,INSUFFICIENT_DATA,yfinance,2026-05-27,2026-05-27,,v0_1_legacy_columns_preserved; non_turnaround_role_unchanged
DELL,Dell Technologies Inc.,US,Information Technology,Technology Hardware,154.0,N,CORE,KEEP_CORE,METADATA_ONLY_AUDIT; large-cap metadata row without forced review marker,CORE,KEEP_CORE,NON_TURNAROUND_ROLE_UNCHANGED; Gate 3 metrics recorded for v0.4 evidence only; legacy_reason=METADATA_ONLY_AUDIT; large-cap metadata row without forced review marker,OBSERVATION_ONLY,N,FAIL,FAIL,FAIL,0.0000,N,174.8897,Y,207.1428,151.9627,Y,6571547.62,7614273.81,N,0.0000,N,Y,41.3715,Y,6571547.62,8243525.40,N,INSUFFICIENT_GATE2_DATA,INSUFFICIENT_DATA,yfinance,2026-05-27,2026-05-27,,v0_1_legacy_columns_preserved; non_turnaround_role_unchanged
GLW,Corning Incorporated,US,Information Technology,Electronic Components,153.0,N,CORE,KEEP_CORE,METADATA_ONLY_AUDIT; large-cap metadata row without forced review marker,CORE,KEEP_CORE,NON_TURNAROUND_ROLE_UNCHANGED; Gate 3 metrics recorded for v0.4 evidence only; legacy_reason=METADATA_ONLY_AUDIT; large-cap metadata row without forced review marker,OBSERVATION_ONLY,N,FAIL,INSUFFICIENT_DATA,MANUAL_REVIEW,-8.3493,N,131.1017,Y,164.9056,111.1758,Y,15451514.29,10723895.24,Y,-8.3493,Y,Y,13.6182,Y,15451514.29,13229680.95,Y,INSUFFICIENT_GATE2_DATA,INSUFFICIENT_DATA,yfinance,2026-05-27,2026-05-27,,v0_1_legacy_columns_preserved; non_turnaround_role_unchanged
ABT,Abbott Laboratories,US,Health Care,Health Care Equipment,153.0,N,CORE,KEEP_CORE,METADATA_ONLY_AUDIT; large-cap metadata row without forced review marker,CORE,KEEP_CORE,NON_TURNAROUND_ROLE_UNCHANGED; Gate 3 metrics recorded for v0.4 evidence only; legacy_reason=METADATA_ONLY_AUDIT; large-cap metadata row without forced review marker,OBSERVATION_ONLY,N,FAIL,FAIL,FAIL,-37.9490,Y,3.7791,N,95.1520,117.0432,N,12453409.52,10607780.16,Y,-37.9490,N,N,-7.6724,N,12453409.52,12307550.79,Y,INSUFFICIENT_GATE2_DATA,INSUFFICIENT_DATA,yfinance,2026-05-27,2026-05-27,,v0_1_legacy_columns_preserved; non_turnaround_role_unchanged
UBER,Uber Technologies Inc.,US,Industrials,Ground Transportation,152.0,N,CORE,KEEP_CORE,METADATA_ONLY_AUDIT; large-cap metadata row without forced review marker,CORE,KEEP_CORE,NON_TURNAROUND_ROLE_UNCHANGED; Gate 3 metrics recorded for v0.4 evidence only; legacy_reason=METADATA_ONLY_AUDIT; large-cap metadata row without forced review marker,OBSERVATION_ONLY,N,FAIL,FAIL,FAIL,-29.3407,Y,2.2405,N,74.0712,83.8911,N,18300009.52,18823348.41,N,-29.3407,N,N,-7.2637,N,18300009.52,16988068.25,Y,INSUFFICIENT_GATE2_DATA,INSUFFICIENT_DATA,yfinance,2026-05-27,2026-05-27,,v0_1_legacy_columns_preserved; non_turnaround_role_unchanged
DE,Deere & Company,US,Industrials,Machinery,152.0,N,CORE,KEEP_CORE,METADATA_ONLY_AUDIT; large-cap metadata row without forced review marker,CORE,KEEP_CORE,NON_TURNAROUND_ROLE_UNCHANGED; Gate 3 metrics recorded for v0.4 evidence only; legacy_reason=METADATA_ONLY_AUDIT; large-cap metadata row without forced review marker,OBSERVATION_ONLY,N,FAIL,FAIL,FAIL,-20.0909,Y,14.3737,N,574.4566,520.8792,Y,1178719.05,1472911.11,N,-20.0909,N,Y,-6.7466,N,1178719.05,1243782.54,N,INSUFFICIENT_GATE2_DATA,INSUFFICIENT_DATA,yfinance,2026-05-27,2026-05-27,,v0_1_legacy_columns_preserved; non_turnaround_role_unchanged
COP,ConocoPhillips,US,Energy,Oil Gas & Consumable Fuels,151.0,N,CORE,KEEP_CORE,METADATA_ONLY_AUDIT; large-cap metadata row without forced review marker,CORE,KEEP_CORE,NON_TURNAROUND_ROLE_UNCHANGED; Gate 3 metrics recorded for v0.4 evidence only; legacy_reason=METADATA_ONLY_AUDIT; large-cap metadata row without forced review marker,OBSERVATION_ONLY,N,FAIL,FAIL,FAIL,-13.9537,N,32.9139,Y,123.4164,103.5804,Y,7423176.19,8717273.02,N,-13.9537,Y,Y,-5.3830,N,7423176.19,9492320.63,N,INSUFFICIENT_GATE2_DATA,INSUFFICIENT_DATA,yfinance,2026-05-27,2026-05-27,,v0_1_legacy_columns_preserved; non_turnaround_role_unchanged
WELL,Welltower Inc.,US,Real Estate,Health Care REITs,150.0,N,CORE,KEEP_CORE,METADATA_ONLY_AUDIT; large-cap metadata row without forced review marker,CORE,KEEP_CORE,NON_TURNAROUND_ROLE_UNCHANGED; Gate 3 metrics recorded for v0.4 evidence only; legacy_reason=METADATA_ONLY_AUDIT; large-cap metadata row without forced review marker,OBSERVATION_ONLY,N,FAIL,FAIL,FAIL,-2.7074,N,17.7072,Y,208.9990,191.4883,Y,3363757.14,3221434.92,Y,-2.7074,N,Y,1.9905,N,3363757.14,3105420.63,Y,INSUFFICIENT_GATE2_DATA,INSUFFICIENT_DATA,yfinance,2026-05-27,2026-05-27,,v0_1_legacy_columns_preserved; non_turnaround_role_unchanged
APH,Amphenol Corporation,US,Information Technology,Electronic Components,149.0,N,CORE,KEEP_CORE,METADATA_ONLY_AUDIT; large-cap metadata row without forced review marker,CORE,KEEP_CORE,NON_TURNAROUND_ROLE_UNCHANGED; Gate 3 metrics recorded for v0.4 evidence only; legacy_reason=METADATA_ONLY_AUDIT; large-cap metadata row without forced review marker,OBSERVATION_ONLY,N,FAIL,FAIL,FAIL,-15.6451,N,17.7004,Y,135.1802,133.2393,Y,12015623.81,9551652.38,Y,-15.6451,N,Y,-5.6512,N,12015623.81,9800319.05,Y,INSUFFICIENT_GATE2_DATA,INSUFFICIENT_DATA,yfinance,2026-05-27,2026-05-27,,v0_1_legacy_columns_preserved; non_turnaround_role_unchanged
ETN,Eaton Corporation plc,US,Industrials,Electrical Equipment,148.0,N,CORE,KEEP_CORE,METADATA_ONLY_AUDIT; large-cap metadata row without forced review marker,CORE,KEEP_CORE,NON_TURNAROUND_ROLE_UNCHANGED; Gate 3 metrics recorded for v0.4 evidence only; legacy_reason=METADATA_ONLY_AUDIT; large-cap metadata row without forced review marker,OBSERVATION_ONLY,N,FAIL,FAIL,FAIL,-6.1523,N,28.6714,Y,391.9718,364.6030,Y,2968333.33,2820166.67,Y,-6.1523,Y,Y,-2.4954,N,2968333.33,2642276.19,Y,INSUFFICIENT_GATE2_DATA,INSUFFICIENT_DATA,yfinance,2026-05-27,2026-05-27,,v0_1_legacy_columns_preserved; non_turnaround_role_unchanged
CRM,Salesforce Inc.,US,Information Technology,Software,146.0,N,CORE,KEEP_CORE,METADATA_ONLY_AUDIT; large-cap metadata row without forced review marker,CORE,KEEP_CORE,NON_TURNAROUND_ROLE_UNCHANGED; Gate 3 metrics recorded for v0.4 evidence only; legacy_reason=METADATA_ONLY_AUDIT; large-cap metadata row without forced review marker,OBSERVATION_ONLY,N,FAIL,FAIL,FAIL,-35.9609,Y,7.6079,N,181.2548,221.7558,N,12148147.62,11953958.73,Y,-35.9609,N,N,-1.4819,N,12148147.62,13416688.89,N,INSUFFICIENT_GATE2_DATA,INSUFFICIENT_DATA,yfinance,2026-05-27,2026-05-27,,v0_1_legacy_columns_preserved; non_turnaround_role_unchanged
PFE,Pfizer Inc.,US,Health Care,Pharmaceuticals,144.0,Y,HIGH_RISK_REVIEW,REVIEW_BEFORE_SCORING,TURNAROUND_IN_PROGRESS; METADATA_ONLY_AUDIT; turnaround flag prevents core classification,GATE3_FAIL_REVIEW,REVIEW_BEFORE_SCORING,"Gate3 FAIL; no recovery/continuation signal; preprocessing review only, not EXCLUDE; metadata_role=CORE; recovery=FAIL; continuation=FAIL",RECOVERY,Y,FAIL,FAIL,FAIL,-8.1961,N,5.3457,N,26.7832,25.8190,Y,36599861.90,42586130.16,N,-8.1961,Y,Y,-2.1650,N,36599861.90,37370666.67,N,INSUFFICIENT_GATE2_DATA,INSUFFICIENT_DATA,yfinance,2026-05-27,2026-05-27,,v0_1_legacy_columns_preserved; turnaround_gate3_recovery_applied; role_changed:HIGH_RISK_REVIEW->GATE3_FAIL_REVIEW
BX,Blackstone Inc.,US,Financials,Capital Markets,143.0,N,CORE,KEEP_CORE,METADATA_ONLY_AUDIT; large-cap metadata row without forced review marker,CORE,KEEP_CORE,NON_TURNAROUND_ROLE_UNCHANGED; Gate 3 metrics recorded for v0.4 evidence only; legacy_reason=METADATA_ONLY_AUDIT; large-cap metadata row without forced review marker,OBSERVATION_ONLY,N,FAIL,FAIL,FAIL,-37.4602,Y,15.5503,Y,118.8728,143.4224,N,4843666.67,6537936.51,N,-37.4602,N,N,-1.9689,N,4843666.67,7735979.37,N,INSUFFICIENT_GATE2_DATA,INSUFFICIENT_DATA,yfinance,2026-05-27,2026-05-27,,v0_1_legacy_columns_preserved; non_turnaround_role_unchanged
HON,Honeywell International Inc.,US,Industrials,Industrial Conglomerates,137.0,N,CORE,KEEP_CORE,METADATA_ONLY_AUDIT; large-cap metadata row without forced review marker,CORE,KEEP_CORE,NON_TURNAROUND_ROLE_UNCHANGED; Gate 3 metrics recorded for v0.4 evidence only; legacy_reason=METADATA_ONLY_AUDIT; large-cap metadata row without forced review marker,OBSERVATION_ONLY,N,FAIL,INSUFFICIENT_DATA,MANUAL_REVIEW,-6.6481,N,22.7340,Y,222.6978,211.9860,Y,4170685.71,4109075.40,Y,-6.6481,Y,Y,9.1959,Y,4170685.71,4011955.56,Y,INSUFFICIENT_GATE2_DATA,INSUFFICIENT_DATA,yfinance,2026-05-27,2026-05-27,,v0_1_legacy_columns_preserved; non_turnaround_role_unchanged
PLD,Prologis Inc.,US,Real Estate,Industrial REITs,135.0,N,CORE,KEEP_CORE,METADATA_ONLY_AUDIT; large-cap metadata row without forced review marker,CORE,KEEP_CORE,NON_TURNAROUND_ROLE_UNCHANGED; Gate 3 metrics recorded for v0.4 evidence only; legacy_reason=METADATA_ONLY_AUDIT; large-cap metadata row without forced review marker,OBSERVATION_ONLY,N,FAIL,FAIL,FAIL,-0.2858,N,15.8902,Y,138.6666,128.2399,Y,3007580.95,3435701.59,N,-0.2858,N,Y,4.6422,Y,3007580.95,3431860.32,N,INSUFFICIENT_GATE2_DATA,INSUFFICIENT_DATA,yfinance,2026-05-27,2026-05-27,,v0_1_legacy_columns_preserved; non_turnaround_role_unchanged
VRT,Vertiv Holdings Co,US,Industrials,Electrical Equipment,130.0,N,CORE,KEEP_CORE,METADATA_ONLY_AUDIT; large-cap metadata row without forced review marker,CORE,KEEP_CORE,NON_TURNAROUND_ROLE_UNCHANGED; Gate 3 metrics recorded for v0.4 evidence only; legacy_reason=METADATA_ONLY_AUDIT; large-cap metadata row without forced review marker,OBSERVATION_ONLY,N,FAIL,FAIL,FAIL,-15.0041,N,113.4285,Y,305.4276,209.5505,Y,5746942.86,6853935.71,N,-15.0041,N,Y,-0.8219,N,5746942.86,7582298.41,N,INSUFFICIENT_GATE2_DATA,INSUFFICIENT_DATA,yfinance,2026-05-27,2026-05-27,,v0_1_legacy_columns_preserved; non_turnaround_role_unchanged
CB,Chubb Limited,US,Financials,Insurance,128.0,N,CORE,KEEP_CORE,METADATA_ONLY_AUDIT; large-cap metadata row without forced review marker,CORE,KEEP_CORE,NON_TURNAROUND_ROLE_UNCHANGED; Gate 3 metrics recorded for v0.4 evidence only; legacy_reason=METADATA_ONLY_AUDIT; large-cap metadata row without forced review marker,OBSERVATION_ONLY,N,FAIL,FAIL,FAIL,-6.4564,N,9.1024,N,326.0842,304.7511,Y,1505347.62,1695424.60,N,-6.4564,Y,Y,-1.2230,N,1505347.62,1641858.73,N,INSUFFICIENT_GATE2_DATA,INSUFFICIENT_DATA,yfinance,2026-05-27,2026-05-27,,v0_1_legacy_columns_preserved; non_turnaround_role_unchanged
SPGI,S&P Global Inc.,US,Financials,Capital Markets,123.0,N,CORE,KEEP_CORE,METADATA_ONLY_AUDIT; large-cap metadata row without forced review marker,CORE,KEEP_CORE,NON_TURNAROUND_ROLE_UNCHANGED; Gate 3 metrics recorded for v0.4 evidence only; legacy_reason=METADATA_ONLY_AUDIT; large-cap metadata row without forced review marker,OBSERVATION_ONLY,N,FAIL,FAIL,FAIL,-26.2962,Y,6.4080,N,424.8490,479.5067,N,2037857.14,2160173.81,N,-26.2962,N,N,-4.8991,N,2037857.14,2030207.94,Y,INSUFFICIENT_GATE2_DATA,INSUFFICIENT_DATA,yfinance,2026-05-27,2026-05-27,,v0_1_legacy_columns_preserved; non_turnaround_role_unchanged
MO,Altria Group Inc.,US,Consumer Staples,Tobacco,123.0,N,CORE,KEEP_CORE,METADATA_ONLY_AUDIT; large-cap metadata row without forced review marker,CORE,KEEP_CORE,NON_TURNAROUND_ROLE_UNCHANGED; Gate 3 metrics recorded for v0.4 evidence only; legacy_reason=METADATA_ONLY_AUDIT; large-cap metadata row without forced review marker,OBSERVATION_ONLY,N,FAIL,INSUFFICIENT_DATA,MANUAL_REVIEW,-3.2730,N,31.7800,Y,68.1952,64.2842,Y,9603157.14,9588292.06,Y,-3.2730,Y,Y,9.2576,Y,9603157.14,9394115.87,Y,INSUFFICIENT_GATE2_DATA,INSUFFICIENT_DATA,yfinance,2026-05-27,2026-05-27,,v0_1_legacy_columns_preserved; non_turnaround_role_unchanged
CVS,CVS Health Corporation,US,Health Care,Health Care Providers,122.0,Y,HIGH_RISK_REVIEW,REVIEW_BEFORE_SCORING,TURNAROUND_IN_PROGRESS; METADATA_ONLY_AUDIT; turnaround flag prevents core classification,MANUAL_REVIEW,MANUAL_REVIEW,Gate 3 MANUAL_REVIEW; no arbitrary classification; metadata_role=CORE; recovery=FAIL; continuation=INSUFFICIENT_DATA,RECOVERY,Y,FAIL,INSUFFICIENT_DATA,MANUAL_REVIEW,-6.1564,N,31.3784,Y,81.2900,78.1238,Y,8736157.14,8237050.00,Y,-6.1564,Y,Y,17.4962,Y,8736157.14,8086898.41,Y,INSUFFICIENT_GATE2_DATA,INSUFFICIENT_DATA,yfinance,2026-05-27,2026-05-27,,v0_1_legacy_columns_preserved; turnaround_gate3_recovery_applied; role_changed:HIGH_RISK_REVIEW->MANUAL_REVIEW; action_changed:REVIEW_BEFORE_SCORING->MANUAL_REVIEW
LOW,Lowe's Companies Inc.,US,Consumer Discretionary,Specialty Retail,122.0,N,CORE,KEEP_CORE,METADATA_ONLY_AUDIT; large-cap metadata row without forced review marker,CORE,KEEP_CORE,NON_TURNAROUND_ROLE_UNCHANGED; Gate 3 metrics recorded for v0.4 evidence only; legacy_reason=METADATA_ONLY_AUDIT; large-cap metadata row without forced review marker,OBSERVATION_ONLY,N,FAIL,FAIL,FAIL,-24.5485,Y,2.2444,N,233.4354,248.7458,N,2978490.48,2803446.03,Y,-24.5485,N,N,-10.5999,N,2978490.48,2744857.14,Y,INSUFFICIENT_GATE2_DATA,INSUFFICIENT_DATA,yfinance,2026-05-27,2026-05-27,,v0_1_legacy_columns_preserved; non_turnaround_role_unchanged
LMT,Lockheed Martin Corporation,US,Industrials,Aerospace & Defense,121.0,N,CORE,KEEP_CORE,METADATA_ONLY_AUDIT; large-cap metadata row without forced review marker,CORE,KEEP_CORE,NON_TURNAROUND_ROLE_UNCHANGED; Gate 3 metrics recorded for v0.4 evidence only; legacy_reason=METADATA_ONLY_AUDIT; large-cap metadata row without forced review marker,OBSERVATION_ONLY,N,FAIL,FAIL,FAIL,-21.5103,Y,20.9363,Y,568.4006,531.8926,Y,1325795.24,1611358.73,N,-21.5103,N,Y,3.4655,Y,1325795.24,1543638.10,N,INSUFFICIENT_GATE2_DATA,INSUFFICIENT_DATA,yfinance,2026-05-27,2026-05-27,,v0_1_legacy_columns_preserved; non_turnaround_role_unchanged
SBUX,Starbucks Corporation,US,Consumer Discretionary,Hotels Restaurants,121.0,Y,HIGH_RISK_REVIEW,REVIEW_BEFORE_SCORING,TURNAROUND_IN_PROGRESS; METADATA_ONLY_AUDIT; turnaround flag prevents core classification,MANUAL_REVIEW,MANUAL_REVIEW,Gate 3 MANUAL_REVIEW; no arbitrary classification; metadata_role=CORE; recovery=FAIL; continuation=INSUFFICIENT_DATA,RECOVERY,Y,FAIL,INSUFFICIENT_DATA,MANUAL_REVIEW,-4.4186,N,24.0885,Y,99.1856,91.2084,Y,8468819.05,8630234.13,N,-4.4186,Y,Y,4.3007,Y,8468819.05,7789031.75,Y,INSUFFICIENT_GATE2_DATA,INSUFFICIENT_DATA,yfinance,2026-05-27,2026-05-27,,v0_1_legacy_columns_preserved; turnaround_gate3_recovery_applied; role_changed:HIGH_RISK_REVIEW->MANUAL_REVIEW; action_changed:REVIEW_BEFORE_SCORING->MANUAL_REVIEW
BKNG,Booking Holdings Inc.,US,Consumer Discretionary,Hotels Restaurants,120.0,N,CORE,KEEP_CORE,METADATA_ONLY_AUDIT; large-cap metadata row without forced review marker,CORE,KEEP_CORE,NON_TURNAROUND_ROLE_UNCHANGED; Gate 3 metrics recorded for v0.4 evidence only; legacy_reason=METADATA_ONLY_AUDIT; large-cap metadata row without forced review marker,OBSERVATION_ONLY,N,FAIL,FAIL,FAIL,-27.6254,Y,9.2389,N,170.7431,195.1448,N,8012900.00,8491484.92,N,-27.6254,N,N,-5.1544,N,8012900.00,8494358.73,N,INSUFFICIENT_GATE2_DATA,INSUFFICIENT_DATA,yfinance,2026-05-27,2026-05-27,,v0_1_legacy_columns_preserved; non_turnaround_role_unchanged
SYK,Stryker Corporation,US,Health Care,Health Care Equipment,120.0,N,CORE,KEEP_CORE,METADATA_ONLY_AUDIT; large-cap metadata row without forced review marker,CORE,KEEP_CORE,NON_TURNAROUND_ROLE_UNCHANGED; Gate 3 metrics recorded for v0.4 evidence only; legacy_reason=METADATA_ONLY_AUDIT; large-cap metadata row without forced review marker,OBSERVATION_ONLY,N,FAIL,FAIL,FAIL,-24.1841,Y,8.2667,N,322.2418,357.2160,N,3074152.38,2116886.51,Y,-24.1841,N,N,-7.0119,N,3074152.38,2372679.37,Y,INSUFFICIENT_GATE2_DATA,INSUFFICIENT_DATA,yfinance,2026-05-27,2026-05-27,,v0_1_legacy_columns_preserved; non_turnaround_role_unchanged
PGR,The Progressive Corporation,US,Financials,Insurance,119.0,N,CORE,KEEP_CORE,METADATA_ONLY_AUDIT; large-cap metadata row without forced review marker,CORE,KEEP_CORE,NON_TURNAROUND_ROLE_UNCHANGED; Gate 3 metrics recorded for v0.4 evidence only; legacy_reason=METADATA_ONLY_AUDIT; large-cap metadata row without forced review marker,OBSERVATION_ONLY,N,FAIL,FAIL,FAIL,-31.8037,Y,1.8360,N,200.1616,218.3351,N,2765133.33,3155788.89,N,-31.8037,N,N,-2.5101,N,2765133.33,2894688.89,N,INSUFFICIENT_GATE2_DATA,INSUFFICIENT_DATA,yfinance,2026-05-27,2026-05-27,,v0_1_legacy_columns_preserved; non_turnaround_role_unchanged
NEM,Newmont Corporation,US,Materials,Metals & Mining,117.0,N,CORE,KEEP_CORE,METADATA_ONLY_AUDIT; large-cap metadata row without forced review marker,CORE,KEEP_CORE,NON_TURNAROUND_ROLE_UNCHANGED; Gate 3 metrics recorded for v0.4 evidence only; legacy_reason=METADATA_ONLY_AUDIT; large-cap metadata row without forced review marker,OBSERVATION_ONLY,N,FAIL,FAIL,FAIL,-18.7344,N,24.2958,Y,110.8312,99.8185,Y,6895585.71,9336333.33,N,-18.7344,N,Y,-7.6241,N,6895585.71,9174431.75,N,INSUFFICIENT_GATE2_DATA,INSUFFICIENT_DATA,yfinance,2026-05-27,2026-05-27,,v0_1_legacy_columns_preserved; non_turnaround_role_unchanged
BMY,Bristol-Myers Squibb Company,US,Health Care,Pharmaceuticals,117.0,N,CORE,KEEP_CORE,METADATA_ONLY_AUDIT; large-cap metadata row without forced review marker,CORE,KEEP_CORE,NON_TURNAROUND_ROLE_UNCHANGED; Gate 3 metrics recorded for v0.4 evidence only; legacy_reason=METADATA_ONLY_AUDIT; large-cap metadata row without forced review marker,OBSERVATION_ONLY,N,FAIL,FAIL,FAIL,-7.7762,N,20.4355,Y,58.3390,52.9155,Y,10260223.81,12878111.11,N,-7.7762,Y,Y,-0.4500,N,10260223.81,11387204.76,N,INSUFFICIENT_GATE2_DATA,INSUFFICIENT_DATA,yfinance,2026-05-27,2026-05-27,,v0_1_legacy_columns_preserved; non_turnaround_role_unchanged
COF,Capital One Financial Corporation,US,Financials,Consumer Finance,116.0,N,CORE,KEEP_CORE,METADATA_ONLY_AUDIT; large-cap metadata row without forced review marker,CORE,KEEP_CORE,NON_TURNAROUND_ROLE_UNCHANGED; Gate 3 metrics recorded for v0.4 evidence only; legacy_reason=METADATA_ONLY_AUDIT; large-cap metadata row without forced review marker,OBSERVATION_ONLY,N,FAIL,FAIL,FAIL,-26.8047,Y,7.2118,N,189.1230,212.2230,N,4386980.95,4790641.27,N,-26.8047,N,N,-2.7356,N,4386980.95,4796600.00,N,INSUFFICIENT_GATE2_DATA,INSUFFICIENT_DATA,yfinance,2026-05-27,2026-05-27,,v0_1_legacy_columns_preserved; non_turnaround_role_unchanged
DHR,Danaher Corporation,US,Health Care,Life Sciences Tools,115.0,N,CORE,KEEP_CORE,METADATA_ONLY_AUDIT; large-cap metadata row without forced review marker,CORE,KEEP_CORE,NON_TURNAROUND_ROLE_UNCHANGED; Gate 3 metrics recorded for v0.4 evidence only; legacy_reason=METADATA_ONLY_AUDIT; large-cap metadata row without forced review marker,OBSERVATION_ONLY,N,FAIL,FAIL,FAIL,-28.4735,Y,6.9298,N,182.2556,206.3023,N,4803638.10,4125254.76,Y,-28.4735,N,N,-4.1468,N,4803638.10,4458522.22,Y,INSUFFICIENT_GATE2_DATA,INSUFFICIENT_DATA,yfinance,2026-05-27,2026-05-27,,v0_1_legacy_columns_preserved; non_turnaround_role_unchanged
INTU,Intuit Inc.,US,Information Technology,Software,111.0,N,CORE,KEEP_CORE,METADATA_ONLY_AUDIT; large-cap metadata row without forced review marker,CORE,KEEP_CORE,NON_TURNAROUND_ROLE_UNCHANGED; Gate 3 metrics recorded for v0.4 evidence only; legacy_reason=METADATA_ONLY_AUDIT; large-cap metadata row without forced review marker,OBSERVATION_ONLY,N,FAIL,FAIL,FAIL,-61.8858,Y,1.1106,N,396.9082,554.5568,N,4711114.29,3566775.40,Y,-61.8858,N,N,-21.0787,N,4711114.29,4127471.43,Y,INSUFFICIENT_GATE2_DATA,INSUFFICIENT_DATA,yfinance,2026-05-27,2026-05-27,,v0_1_legacy_columns_preserved; non_turnaround_role_unchanged
VRTX,Vertex Pharmaceuticals Incorporated,US,Health Care,Biotechnology,110.0,N,EXTENDED,KEEP_EXTENDED,MARKET_CAP_BELOW_THRESHOLD; METADATA_ONLY_AUDIT; below core threshold but retained for extended monitoring,EXTENDED,KEEP_EXTENDED,NON_TURNAROUND_ROLE_UNCHANGED; Gate 3 metrics recorded for v0.4 evidence only; legacy_reason=MARKET_CAP_BELOW_THRESHOLD; METADATA_ONLY_AUDIT; below core threshold but retained for extended monitoring,OBSERVATION_ONLY,N,FAIL,FAIL,FAIL,-12.4106,N,3.3031,N,439.0414,435.4005,Y,1249528.57,1369860.32,N,-12.4106,Y,Y,2.6314,N,1249528.57,1294638.10,N,INSUFFICIENT_GATE2_DATA,INSUFFICIENT_DATA,yfinance,2026-05-27,2026-05-27,,v0_1_legacy_columns_preserved; non_turnaround_role_unchanged
CME,CME Group Inc.,US,Financials,Capital Markets,110.0,N,CORE,KEEP_CORE,METADATA_ONLY_AUDIT; large-cap metadata row without forced review marker,CORE,KEEP_CORE,NON_TURNAROUND_ROLE_UNCHANGED; Gate 3 metrics recorded for v0.4 evidence only; legacy_reason=METADATA_ONLY_AUDIT; large-cap metadata row without forced review marker,OBSERVATION_ONLY,N,FAIL,FAIL,FAIL,-14.5071,N,6.3441,N,294.3776,282.6797,Y,2280504.76,2185992.86,Y,-14.5071,Y,Y,-1.0073,N,2280504.76,2320085.71,N,INSUFFICIENT_GATE2_DATA,INSUFFICIENT_DATA,yfinance,2026-05-27,2026-05-27,,v0_1_legacy_columns_preserved; non_turnaround_role_unchanged
ACN,Accenture plc,US,Information Technology,IT Services,109.0,N,CORE,KEEP_CORE,METADATA_ONLY_AUDIT; large-cap metadata row without forced review marker,CORE,KEEP_CORE,NON_TURNAROUND_ROLE_UNCHANGED; Gate 3 metrics recorded for v0.4 evidence only; legacy_reason=METADATA_ONLY_AUDIT; large-cap metadata row without forced review marker,OBSERVATION_ONLY,N,FAIL,FAIL,FAIL,-45.0455,Y,10.4736,N,185.8546,232.4852,N,5712247.62,5745415.87,N,-45.0455,N,N,-0.3447,N,5712247.62,6432300.00,N,INSUFFICIENT_GATE2_DATA,INSUFFICIENT_DATA,yfinance,2026-05-27,2026-05-27,,v0_1_legacy_columns_preserved; non_turnaround_role_unchanged
PWR,Quanta Services Inc.,US,Industrials,Construction & Engineering,108.0,N,CORE,KEEP_CORE,METADATA_ONLY_AUDIT; large-cap metadata row without forced review marker,CORE,KEEP_CORE,NON_TURNAROUND_ROLE_UNCHANGED; Gate 3 metrics recorded for v0.4 evidence only; legacy_reason=METADATA_ONLY_AUDIT; large-cap metadata row without forced review marker,OBSERVATION_ONLY,N,FAIL,INSUFFICIENT_DATA,MANUAL_REVIEW,-6.5738,N,77.5589,Y,646.2874,497.6948,Y,1295400.00,1078642.06,Y,-6.5738,Y,Y,15.1174,Y,1295400.00,1135223.81,Y,INSUFFICIENT_GATE2_DATA,INSUFFICIENT_DATA,yfinance,2026-05-27,2026-05-27,,v0_1_legacy_columns_preserved; non_turnaround_role_unchanged
PH,Parker-Hannifin Corporation,US,Industrials,Machinery,108.0,N,CORE,KEEP_CORE,METADATA_ONLY_AUDIT; large-cap metadata row without forced review marker,CORE,KEEP_CORE,NON_TURNAROUND_ROLE_UNCHANGED; Gate 3 metrics recorded for v0.4 evidence only; legacy_reason=METADATA_ONLY_AUDIT; large-cap metadata row without forced review marker,OBSERVATION_ONLY,N,FAIL,FAIL,FAIL,-16.2597,N,1.9833,N,914.6932,865.2473,Y,835114.29,695596.83,Y,-16.2597,N,Y,-12.0759,N,835114.29,764888.89,Y,INSUFFICIENT_GATE2_DATA,INSUFFICIENT_DATA,yfinance,2026-05-27,2026-05-27,,v0_1_legacy_columns_preserved; non_turnaround_role_unchanged
NOW,ServiceNow Inc.,US,Information Technology,Software,106.0,N,CORE,KEEP_CORE,METADATA_ONLY_AUDIT; large-cap metadata row without forced review marker,CORE,KEEP_CORE,NON_TURNAROUND_ROLE_UNCHANGED; Gate 3 metrics recorded for v0.4 evidence only; legacy_reason=METADATA_ONLY_AUDIT; large-cap metadata row without forced review marker,OBSERVATION_ONLY,N,FAIL,FAIL,FAIL,-51.1243,Y,23.0361,Y,97.5848,142.0174,N,27139423.81,19777684.13,Y,-51.1243,N,N,12.9022,Y,27139423.81,24019241.27,Y,INSUFFICIENT_GATE2_DATA,INSUFFICIENT_DATA,yfinance,2026-05-27,2026-05-27,,v0_1_legacy_columns_preserved; non_turnaround_role_unchanged
SO,The Southern Company,US,Utilities,Electric Utilities,105.0,N,CORE,KEEP_CORE,METADATA_ONLY_AUDIT; large-cap metadata row without forced review marker,CORE,KEEP_CORE,NON_TURNAROUND_ROLE_UNCHANGED; Gate 3 metrics recorded for v0.4 evidence only; legacy_reason=METADATA_ONLY_AUDIT; large-cap metadata row without forced review marker,OBSERVATION_ONLY,N,FAIL,FAIL,FAIL,-5.9968,N,11.4891,N,94.8130,92.6148,Y,5572076.19,5675425.40,N,-5.9968,Y,Y,-0.0320,N,5572076.19,5159817.46,Y,INSUFFICIENT_GATE2_DATA,INSUFFICIENT_DATA,yfinance,2026-05-27,2026-05-27,,v0_1_legacy_columns_preserved; non_turnaround_role_unchanged
EQIX,Equinix Inc.,US,Real Estate,Specialized REITs,104.0,N,CORE,KEEP_CORE,METADATA_ONLY_AUDIT; large-cap metadata row without forced review marker,CORE,KEEP_CORE,NON_TURNAROUND_ROLE_UNCHANGED; Gate 3 metrics recorded for v0.4 evidence only; legacy_reason=METADATA_ONLY_AUDIT; large-cap metadata row without forced review marker,OBSERVATION_ONLY,N,FAIL,FAIL,FAIL,-4.0411,N,47.3949,Y,1045.6016,870.8982,Y,580828.57,603355.56,N,-4.0411,Y,Y,-1.8012,N,580828.57,583361.90,N,INSUFFICIENT_GATE2_DATA,INSUFFICIENT_DATA,yfinance,2026-05-27,2026-05-27,,v0_1_legacy_columns_preserved; non_turnaround_role_unchanged
ADBE,Adobe Inc.,US,Information Technology,Software,103.0,N,CORE,KEEP_CORE,METADATA_ONLY_AUDIT; large-cap metadata row without forced review marker,CORE,KEEP_CORE,NON_TURNAROUND_ROLE_UNCHANGED; Gate 3 metrics recorded for v0.4 evidence only; legacy_reason=METADATA_ONLY_AUDIT; large-cap metadata row without forced review marker,OBSERVATION_ONLY,N,FAIL,FAIL,FAIL,-42.8571,Y,5.7200,N,244.4426,304.7863,N,4385500.00,5238781.75,N,-42.8571,N,N,-0.4471,N,4385500.00,5442746.03,N,INSUFFICIENT_GATE2_DATA,INSUFFICIENT_DATA,yfinance,2026-05-27,2026-05-27,,v0_1_legacy_columns_preserved; non_turnaround_role_unchanged
HWM,Howmet Aerospace Inc.,US,Industrials,Aerospace & Defense,102.0,N,CORE,KEEP_CORE,METADATA_ONLY_AUDIT; large-cap metadata row without forced review marker,CORE,KEEP_CORE,NON_TURNAROUND_ROLE_UNCHANGED; Gate 3 metrics recorded for v0.4 evidence only; legacy_reason=METADATA_ONLY_AUDIT; large-cap metadata row without forced review marker,OBSERVATION_ONLY,N,FAIL,INSUFFICIENT_DATA,MANUAL_REVIEW,-5.6875,N,35.1031,Y,248.4132,216.6454,Y,2482976.19,2428177.78,Y,-5.6875,Y,Y,6.7522,Y,2482976.19,2315726.98,Y,INSUFFICIENT_GATE2_DATA,INSUFFICIENT_DATA,yfinance,2026-05-27,2026-05-27,,v0_1_legacy_columns_preserved; non_turnaround_role_unchanged
TT,Trane Technologies plc,US,Industrials,Building Products,101.0,N,CORE,KEEP_CORE,METADATA_ONLY_AUDIT; large-cap metadata row without forced review marker,CORE,KEEP_CORE,NON_TURNAROUND_ROLE_UNCHANGED; Gate 3 metrics recorded for v0.4 evidence only; legacy_reason=METADATA_ONLY_AUDIT; large-cap metadata row without forced review marker,OBSERVATION_ONLY,N,FAIL,FAIL,FAIL,-7.0776,N,21.5844,Y,456.1636,427.7254,Y,1389380.95,1444560.32,N,-7.0776,Y,Y,-5.8078,N,1389380.95,1328344.44,Y,INSUFFICIENT_GATE2_DATA,INSUFFICIENT_DATA,yfinance,2026-05-27,2026-05-27,,v0_1_legacy_columns_preserved; non_turnaround_role_unchanged
MDT,Medtronic plc,US,Health Care,Health Care Equipment,99.0,N,CORE,KEEP_CORE,METADATA_ONLY_AUDIT; large-cap metadata row without forced review marker,CORE,KEEP_CORE,NON_TURNAROUND_ROLE_UNCHANGED; Gate 3 metrics recorded for v0.4 evidence only; legacy_reason=METADATA_ONLY_AUDIT; large-cap metadata row without forced review marker,OBSERVATION_ONLY,N,FAIL,FAIL,FAIL,-27.8785,Y,1.9319,N,82.7420,92.9920,N,10058271.43,8211887.30,Y,-27.8785,N,N,-8.3695,N,10058271.43,8850171.43,Y,INSUFFICIENT_GATE2_DATA,INSUFFICIENT_DATA,yfinance,2026-05-27,2026-05-27,,v0_1_legacy_columns_preserved; non_turnaround_role_unchanged
DUK,Duke Energy Corporation,US,Utilities,Electric Utilities,95.0,N,CORE,KEEP_CORE,METADATA_ONLY_AUDIT; large-cap metadata row without forced review marker,CORE,KEEP_CORE,NON_TURNAROUND_ROLE_UNCHANGED; Gate 3 metrics recorded for v0.4 evidence only; legacy_reason=METADATA_ONLY_AUDIT; large-cap metadata row without forced review marker,OBSERVATION_ONLY,N,FAIL,FAIL,FAIL,-6.0767,N,9.9561,N,127.7390,124.0745,Y,3203066.67,3853398.41,N,-6.0767,Y,Y,-1.3691,N,3203066.67,3769398.41,N,INSUFFICIENT_GATE2_DATA,INSUFFICIENT_DATA,yfinance,2026-05-27,2026-05-27,,v0_1_legacy_columns_preserved; non_turnaround_role_unchanged
SNPS,Synopsys Inc.,US,Information Technology,Software,95.0,N,CORE,KEEP_CORE,METADATA_ONLY_AUDIT; large-cap metadata row without forced review marker,CORE,KEEP_CORE,NON_TURNAROUND_ROLE_UNCHANGED; Gate 3 metrics recorded for v0.4 evidence only; legacy_reason=METADATA_ONLY_AUDIT; large-cap metadata row without forced review marker,OBSERVATION_ONLY,N,FAIL,FAIL,FAIL,-18.5062,N,38.2290,Y,458.8782,470.4627,N,1576038.10,2031638.10,N,-18.5062,N,N,5.4920,Y,1576038.10,1890641.27,N,INSUFFICIENT_GATE2_DATA,INSUFFICIENT_DATA,yfinance,2026-05-27,2026-05-27,,v0_1_legacy_columns_preserved; non_turnaround_role_unchanged
CDNS,Cadence Design Systems Inc.,US,Information Technology,Software,95.0,N,CORE,KEEP_CORE,METADATA_ONLY_AUDIT; large-cap metadata row without forced review marker,CORE,KEEP_CORE,NON_TURNAROUND_ROLE_UNCHANGED; Gate 3 metrics recorded for v0.4 evidence only; legacy_reason=METADATA_ONLY_AUDIT; large-cap metadata row without forced review marker,OBSERVATION_ONLY,N,FAIL,FAIL,FAIL,-2.0170,N,40.8003,Y,318.6706,322.8565,Y,2264990.48,2264148.41,Y,-2.0170,N,N,11.1458,Y,2264990.48,2359661.90,N,INSUFFICIENT_GATE2_DATA,INSUFFICIENT_DATA,yfinance,2026-05-27,2026-05-27,,v0_1_legacy_columns_preserved; non_turnaround_role_unchanged
WMB,The Williams Companies Inc.,US,Energy,Oil Gas & Consumable Fuels,95.0,N,CORE,KEEP_CORE,METADATA_ONLY_AUDIT; large-cap metadata row without forced review marker,CORE,KEEP_CORE,NON_TURNAROUND_ROLE_UNCHANGED; Gate 3 metrics recorded for v0.4 evidence only; legacy_reason=METADATA_ONLY_AUDIT; large-cap metadata row without forced review marker,OBSERVATION_ONLY,N,FAIL,INSUFFICIENT_DATA,MANUAL_REVIEW,-6.3350,N,27.6519,Y,73.8098,65.4636,Y,6646490.48,6794553.17,N,-6.3350,Y,Y,3.8542,Y,6646490.48,6379150.79,Y,INSUFFICIENT_GATE2_DATA,INSUFFICIENT_DATA,yfinance,2026-05-27,2026-05-27,,v0_1_legacy_columns_preserved; non_turnaround_role_unchanged
MAR,Marriott International Inc.,US,Consumer Discretionary,Hotels Restaurants,94.0,N,CORE,KEEP_CORE,METADATA_ONLY_AUDIT; large-cap metadata row without forced review marker,CORE,KEEP_CORE,NON_TURNAROUND_ROLE_UNCHANGED; Gate 3 metrics recorded for v0.4 evidence only; legacy_reason=METADATA_ONLY_AUDIT; large-cap metadata row without forced review marker,OBSERVATION_ONLY,N,FAIL,FAIL,FAIL,0.0000,N,35.9428,Y,350.8344,309.4405,Y,1358409.52,1549881.75,N,0.0000,N,Y,6.9842,Y,1358409.52,1462793.65,N,INSUFFICIENT_GATE2_DATA,INSUFFICIENT_DATA,yfinance,2026-05-27,2026-05-27,,v0_1_legacy_columns_preserved; non_turnaround_role_unchanged
CEG,Constellation Energy Corporation,US,Utilities,Electric Utilities,94.0,N,CORE,KEEP_CORE,METADATA_ONLY_AUDIT; large-cap metadata row without forced review marker,CORE,KEEP_CORE,NON_TURNAROUND_ROLE_UNCHANGED; Gate 3 metrics recorded for v0.4 evidence only; legacy_reason=METADATA_ONLY_AUDIT; large-cap metadata row without forced review marker,OBSERVATION_ONLY,N,FAIL,FAIL,FAIL,-28.5357,Y,16.8461,Y,293.5316,323.7052,N,3408923.81,3230180.95,Y,-28.5357,N,N,-8.4050,N,3408923.81,3125463.49,Y,INSUFFICIENT_GATE2_DATA,INSUFFICIENT_DATA,yfinance,2026-05-27,2026-05-27,,v0_1_legacy_columns_preserved; non_turnaround_role_unchanged
HCA,HCA Healthcare Inc.,US,Health Care,Health Care Providers,93.0,N,CORE,KEEP_CORE,METADATA_ONLY_AUDIT; large-cap metadata row without forced review marker,CORE,KEEP_CORE,NON_TURNAROUND_ROLE_UNCHANGED; Gate 3 metrics recorded for v0.4 evidence only; legacy_reason=METADATA_ONLY_AUDIT; large-cap metadata row without forced review marker,OBSERVATION_ONLY,N,FAIL,FAIL,FAIL,-28.0630,Y,0.0000,N,456.7588,462.4334,N,1409014.29,1194481.75,Y,-28.0630,N,N,-12.0286,N,1409014.29,1193119.05,Y,INSUFFICIENT_GATE2_DATA,INSUFFICIENT_DATA,yfinance,2026-05-27,2026-05-27,,v0_1_legacy_columns_preserved; non_turnaround_role_unchanged
BK,The Bank of New York Mellon Corporation,US,Financials,Capital Markets,93.0,N,CORE,KEEP_CORE,METADATA_ONLY_AUDIT; large-cap metadata row without forced review marker,CORE,KEEP_CORE,NON_TURNAROUND_ROLE_UNCHANGED; Gate 3 metrics recorded for v0.4 evidence only; legacy_reason=METADATA_ONLY_AUDIT; large-cap metadata row without forced review marker,OBSERVATION_ONLY,N,FAIL,FAIL,FAIL,-0.9287,N,29.3051,Y,129.2404,116.5438,Y,3531606.62,3592980.20,N,-0.9287,N,Y,3.9191,Y,3531606.62,3659918.76,N,INSUFFICIENT_GATE2_DATA,INSUFFICIENT_DATA,yfinance,2026-05-27,2026-05-27,,v0_1_legacy_columns_preserved; non_turnaround_role_unchanged
CMI,Cummins Inc.,US,Industrials,Machinery,93.0,N,CORE,KEEP_CORE,METADATA_ONLY_AUDIT; large-cap metadata row without forced review marker,CORE,KEEP_CORE,NON_TURNAROUND_ROLE_UNCHANGED; Gate 3 metrics recorded for v0.4 evidence only; legacy_reason=METADATA_ONLY_AUDIT; large-cap metadata row without forced review marker,OBSERVATION_ONLY,N,FAIL,FAIL,FAIL,-6.7835,N,37.5252,Y,621.7636,521.1763,Y,962657.14,910896.03,Y,-6.7835,Y,Y,1.0699,N,962657.14,880938.10,Y,INSUFFICIENT_GATE2_DATA,INSUFFICIENT_DATA,yfinance,2026-05-27,2026-05-27,,v0_1_legacy_columns_preserved; non_turnaround_role_unchanged
MCK,McKesson Corporation,US,Health Care,Health Care Providers,93.0,N,CORE,KEEP_CORE,METADATA_ONLY_AUDIT; large-cap metadata row without forced review marker,CORE,KEEP_CORE,NON_TURNAROUND_ROLE_UNCHANGED; Gate 3 metrics recorded for v0.4 evidence only; legacy_reason=METADATA_ONLY_AUDIT; large-cap metadata row without forced review marker,OBSERVATION_ONLY,N,FAIL,FAIL,FAIL,-24.0256,Y,4.3162,N,826.6762,817.3895,Y,1397409.52,857066.67,Y,-24.0256,N,Y,-8.6742,N,1397409.52,977466.67,Y,INSUFFICIENT_GATE2_DATA,INSUFFICIENT_DATA,yfinance,2026-05-27,2026-05-27,,v0_1_legacy_columns_preserved; non_turnaround_role_unchanged
FTNT,Fortinet Inc.,US,Information Technology,Software,92.0,N,CORE,KEEP_CORE,METADATA_ONLY_AUDIT; large-cap metadata row without forced review marker,CORE,KEEP_CORE,NON_TURNAROUND_ROLE_UNCHANGED; Gate 3 metrics recorded for v0.4 evidence only; legacy_reason=METADATA_ONLY_AUDIT; large-cap metadata row without forced review marker,OBSERVATION_ONLY,N,FAIL,INSUFFICIENT_DATA,MANUAL_REVIEW,-4.5013,N,70.0518,Y,94.1262,84.6543,Y,6230847.62,6295180.95,N,-4.5013,Y,Y,49.3288,Y,6230847.62,6077779.37,Y,INSUFFICIENT_GATE2_DATA,INSUFFICIENT_DATA,yfinance,2026-05-27,2026-05-27,,v0_1_legacy_columns_preserved; non_turnaround_role_unchanged
GD,General Dynamics Corporation,US,Industrials,Aerospace & Defense,92.0,N,CORE,KEEP_CORE,METADATA_ONLY_AUDIT; large-cap metadata row without forced review marker,CORE,KEEP_CORE,NON_TURNAROUND_ROLE_UNCHANGED; Gate 3 metrics recorded for v0.4 evidence only; legacy_reason=METADATA_ONLY_AUDIT; large-cap metadata row without forced review marker,OBSERVATION_ONLY,N,FAIL,FAIL,FAIL,-7.0520,N,9.6503,N,341.2110,341.5137,Y,1355952.38,1334117.46,Y,-7.0520,Y,N,9.6503,Y,1355952.38,1350046.03,Y,INSUFFICIENT_GATE2_DATA,INSUFFICIENT_DATA,yfinance,2026-05-27,2026-05-27,,v0_1_legacy_columns_preserved; non_turnaround_role_unchanged
WM,Waste Management Inc.,US,Industrials,Commercial Services,89.0,N,CORE,KEEP_CORE,METADATA_ONLY_AUDIT; large-cap metadata row without forced review marker,CORE,KEEP_CORE,NON_TURNAROUND_ROLE_UNCHANGED; Gate 3 metrics recorded for v0.4 evidence only; legacy_reason=METADATA_ONLY_AUDIT; large-cap metadata row without forced review marker,OBSERVATION_ONLY,N,FAIL,FAIL,FAIL,-12.5431,N,3.0791,N,225.7810,222.1971,Y,2160585.71,2093259.52,Y,-12.5431,Y,Y,-4.6905,N,2160585.71,2107006.35,Y,INSUFFICIENT_GATE2_DATA,INSUFFICIENT_DATA,yfinance,2026-05-27,2026-05-27,,v0_1_legacy_columns_preserved; non_turnaround_role_unchanged
ADP,Automatic Data Processing Inc.,US,Industrials,Professional Services,89.0,N,CORE,KEEP_CORE,METADATA_ONLY_AUDIT; large-cap metadata row without forced review marker,CORE,KEEP_CORE,NON_TURNAROUND_ROLE_UNCHANGED; Gate 3 metrics recorded for v0.4 evidence only; legacy_reason=METADATA_ONLY_AUDIT; large-cap metadata row without forced review marker,OBSERVATION_ONLY,N,FAIL,FAIL,FAIL,-33.4017,Y,15.2868,Y,207.0760,249.1868,N,2975342.86,3154196.83,N,-33.4017,N,N,10.3534,Y,2975342.86,3431701.59,N,INSUFFICIENT_GATE2_DATA,INSUFFICIENT_DATA,yfinance,2026-05-27,2026-05-27,,v0_1_legacy_columns_preserved; non_turnaround_role_unchanged
CMCSA,Comcast Corporation,US,Communication Services,Media,89.0,N,CORE,KEEP_CORE,METADATA_ONLY_AUDIT; large-cap metadata row without forced review marker,CORE,KEEP_CORE,NON_TURNAROUND_ROLE_UNCHANGED; Gate 3 metrics recorded for v0.4 evidence only; legacy_reason=METADATA_ONLY_AUDIT; large-cap metadata row without forced review marker,OBSERVATION_ONLY,N,FAIL,FAIL,FAIL,-25.9297,Y,1.8578,N,27.4508,28.5007,N,31316404.76,34501890.63,N,-25.9297,N,N,-8.3242,N,31316404.76,32452138.10,N,INSUFFICIENT_GATE2_DATA,INSUFFICIENT_DATA,yfinance,2026-05-27,2026-05-27,,v0_1_legacy_columns_preserved; non_turnaround_role_unchanged
ICE,Intercontinental Exchange Inc.,US,Financials,Capital Markets,88.0,N,CORE,KEEP_CORE,METADATA_ONLY_AUDIT; large-cap metadata row without forced review marker,CORE,KEEP_CORE,NON_TURNAROUND_ROLE_UNCHANGED; Gate 3 metrics recorded for v0.4 evidence only; legacy_reason=METADATA_ONLY_AUDIT; large-cap metadata row without forced review marker,OBSERVATION_ONLY,N,FAIL,FAIL,FAIL,-20.5572,Y,0.0000,N,157.7306,162.1741,N,3279271.43,3478609.52,N,-20.5572,N,N,-4.6129,N,3279271.43,3246663.49,Y,INSUFFICIENT_GATE2_DATA,INSUFFICIENT_DATA,yfinance,2026-05-27,2026-05-27,,v0_1_legacy_columns_preserved; non_turnaround_role_unchanged
FDX,FedEx Corporation,US,Industrials,Air Freight & Logistics,88.0,N,CORE,KEEP_CORE,METADATA_ONLY_AUDIT; large-cap metadata row without forced review marker,CORE,KEEP_CORE,NON_TURNAROUND_ROLE_UNCHANGED; Gate 3 metrics recorded for v0.4 evidence only; legacy_reason=METADATA_ONLY_AUDIT; large-cap metadata row without forced review marker,OBSERVATION_ONLY,N,FAIL,FAIL,FAIL,0.0000,N,54.2363,Y,374.0734,305.3690,Y,1604728.57,1785583.33,N,0.0000,N,Y,6.1590,Y,1604728.57,1769793.65,N,INSUFFICIENT_GATE2_DATA,INSUFFICIENT_DATA,yfinance,2026-05-27,2026-05-27,,v0_1_legacy_columns_preserved; non_turnaround_role_unchanged
FCX,Freeport-McMoRan Inc.,US,Materials,Metals & Mining,86.0,N,CORE,KEEP_CORE,METADATA_ONLY_AUDIT; large-cap metadata row without forced review marker,CORE,KEEP_CORE,NON_TURNAROUND_ROLE_UNCHANGED; Gate 3 metrics recorded for v0.4 evidence only; legacy_reason=METADATA_ONLY_AUDIT; large-cap metadata row without forced review marker,OBSERVATION_ONLY,N,FAIL,FAIL,FAIL,-9.5651,N,55.9941,Y,61.5328,52.3736,Y,13583257.14,17776507.94,N,-9.5651,Y,Y,5.0520,Y,13583257.14,16648200.00,N,INSUFFICIENT_GATE2_DATA,INSUFFICIENT_DATA,yfinance,2026-05-27,2026-05-27,,v0_1_legacy_columns_preserved; non_turnaround_role_unchanged
MNST,Monster Beverage Corporation,US,Consumer Staples,Beverages,86.0,N,CORE,KEEP_CORE,METADATA_ONLY_AUDIT; large-cap metadata row without forced review marker,CORE,KEEP_CORE,NON_TURNAROUND_ROLE_UNCHANGED; Gate 3 metrics recorded for v0.4 evidence only; legacy_reason=METADATA_ONLY_AUDIT; large-cap metadata row without forced review marker,OBSERVATION_ONLY,N,FAIL,FAIL,FAIL,0.0000,N,25.1262,Y,78.1080,73.9874,Y,5424638.10,5613695.24,N,0.0000,N,Y,16.1072,Y,5424638.10,5509741.27,N,INSUFFICIENT_GATE2_DATA,INSUFFICIENT_DATA,yfinance,2026-05-27,2026-05-27,,v0_1_legacy_columns_preserved; non_turnaround_role_unchanged
KKR,KKR & Co. Inc.,US,Financials,Capital Markets,86.0,N,CORE,KEEP_CORE,METADATA_ONLY_AUDIT; large-cap metadata row without forced review marker,CORE,KEEP_CORE,NON_TURNAROUND_ROLE_UNCHANGED; Gate 3 metrics recorded for v0.4 evidence only; legacy_reason=METADATA_ONLY_AUDIT; large-cap metadata row without forced review marker,OBSERVATION_ONLY,N,FAIL,FAIL,FAIL,-37.5460,Y,13.2928,N,96.6756,116.5073,N,4655638.10,6022157.14,N,-37.5460,N,N,-5.6306,N,4655638.10,6382457.14,N,INSUFFICIENT_GATE2_DATA,INSUFFICIENT_DATA,yfinance,2026-05-27,2026-05-27,,v0_1_legacy_columns_preserved; non_turnaround_role_unchanged
CSX,CSX Corporation,US,Industrials,Ground Transportation,85.0,N,CORE,KEEP_CORE,METADATA_ONLY_AUDIT; large-cap metadata row without forced review marker,CORE,KEEP_CORE,NON_TURNAROUND_ROLE_UNCHANGED; Gate 3 metrics recorded for v0.4 evidence only; legacy_reason=METADATA_ONLY_AUDIT; large-cap metadata row without forced review marker,OBSERVATION_ONLY,N,FAIL,FAIL,FAIL,0.0000,N,37.0747,Y,43.2096,38.1252,Y,11706452.38,12937397.62,N,0.0000,N,Y,3.6956,Y,11706452.38,12688715.87,N,INSUFFICIENT_GATE2_DATA,INSUFFICIENT_DATA,yfinance,2026-05-27,2026-05-27,,v0_1_legacy_columns_preserved; non_turnaround_role_unchanged
PNC,The PNC Financial Services Group Inc.,US,Financials,Banks,85.0,N,CORE,KEEP_CORE,METADATA_ONLY_AUDIT; large-cap metadata row without forced review marker,CORE,KEEP_CORE,NON_TURNAROUND_ROLE_UNCHANGED; Gate 3 metrics recorded for v0.4 evidence only; legacy_reason=METADATA_ONLY_AUDIT; large-cap metadata row without forced review marker,OBSERVATION_ONLY,N,FAIL,FAIL,FAIL,-8.9409,N,17.1229,Y,215.6776,207.0270,Y,1607300.00,2321736.51,N,-8.9409,Y,Y,-0.2395,N,1607300.00,2252430.16,N,INSUFFICIENT_GATE2_DATA,INSUFFICIENT_DATA,yfinance,2026-05-27,2026-05-27,,v0_1_legacy_columns_preserved; non_turnaround_role_unchanged
ELV,Elevance Health Inc.,US,Health Care,Health Care Providers,85.0,N,CORE,KEEP_CORE,METADATA_ONLY_AUDIT; large-cap metadata row without forced review marker,CORE,KEEP_CORE,NON_TURNAROUND_ROLE_UNCHANGED; Gate 3 metrics recorded for v0.4 evidence only; legacy_reason=METADATA_ONLY_AUDIT; large-cap metadata row without forced review marker,OBSERVATION_ONLY,N,FAIL,FAIL,FAIL,-2.6848,N,39.4422,Y,340.9080,333.7018,Y,1626647.62,1773060.32,N,-2.6848,N,Y,9.9233,Y,1626647.62,1951800.00,N,INSUFFICIENT_GATE2_DATA,INSUFFICIENT_DATA,yfinance,2026-05-27,2026-05-27,,v0_1_legacy_columns_preserved; non_turnaround_role_unchanged
SLB,SLB N.V.,US,Energy,Energy Equipment,85.0,N,CORE,KEEP_CORE,METADATA_ONLY_AUDIT; large-cap metadata row without forced review marker,CORE,KEEP_CORE,NON_TURNAROUND_ROLE_UNCHANGED; Gate 3 metrics recorded for v0.4 evidence only; legacy_reason=METADATA_ONLY_AUDIT; large-cap metadata row without forced review marker,OBSERVATION_ONLY,N,FAIL,FAIL,FAIL,-2.5526,N,58.4408,Y,53.2676,43.2561,Y,11860547.62,17283117.46,N,-2.5526,N,Y,2.2995,N,11860547.62,16429871.43,N,INSUFFICIENT_GATE2_DATA,INSUFFICIENT_DATA,yfinance,2026-05-27,2026-05-27,,v0_1_legacy_columns_preserved; non_turnaround_role_unchanged
JCI,Johnson Controls International plc,US,Industrials,Building Products,83.0,N,CORE,KEEP_CORE,METADATA_ONLY_AUDIT; large-cap metadata row without forced review marker,CORE,KEEP_CORE,NON_TURNAROUND_ROLE_UNCHANGED; Gate 3 metrics recorded for v0.4 evidence only; legacy_reason=METADATA_ONLY_AUDIT; large-cap metadata row without forced review marker,OBSERVATION_ONLY,N,FAIL,FAIL,FAIL,-5.3619,N,24.6730,Y,138.5098,122.7293,Y,3513861.90,4583374.60,N,-5.3619,Y,Y,-3.6128,N,3513861.90,3632111.11,N,INSUFFICIENT_GATE2_DATA,INSUFFICIENT_DATA,yfinance,2026-05-27,2026-05-27,,v0_1_legacy_columns_preserved; non_turnaround_role_unchanged
BSX,Boston Scientific Corporation,US,Health Care,Health Care Equipment,83.0,N,CORE,KEEP_CORE,METADATA_ONLY_AUDIT; large-cap metadata row without forced review marker,CORE,KEEP_CORE,NON_TURNAROUND_ROLE_UNCHANGED; Gate 3 metrics recorded for v0.4 evidence only; legacy_reason=METADATA_ONLY_AUDIT; large-cap metadata row without forced review marker,OBSERVATION_ONLY,N,FAIL,FAIL,FAIL,-53.3383,Y,0.0000,N,60.9964,85.7619,N,19117490.48,15320544.44,Y,-53.3383,N,N,-15.8299,N,19117490.48,17109160.32,Y,INSUFFICIENT_GATE2_DATA,INSUFFICIENT_DATA,yfinance,2026-05-27,2026-05-27,,v0_1_legacy_columns_preserved; non_turnaround_role_unchanged
USB,U.S. Bancorp,US,Financials,Banks,82.0,N,CORE,KEEP_CORE,METADATA_ONLY_AUDIT; large-cap metadata row without forced review marker,CORE,KEEP_CORE,NON_TURNAROUND_ROLE_UNCHANGED; Gate 3 metrics recorded for v0.4 evidence only; legacy_reason=METADATA_ONLY_AUDIT; large-cap metadata row without forced review marker,OBSERVATION_ONLY,N,FAIL,FAIL,FAIL,-9.8863,N,14.5340,N,54.3700,51.9519,Y,8204242.86,9914767.46,N,-9.8863,Y,Y,-2.2869,N,8204242.86,9526122.22,N,INSUFFICIENT_GATE2_DATA,INSUFFICIENT_DATA,yfinance,2026-05-27,2026-05-27,,v0_1_legacy_columns_preserved; non_turnaround_role_unchanged
AMT,American Tower Corporation,US,Real Estate,Specialized REITs,82.0,N,CORE,KEEP_CORE,METADATA_ONLY_AUDIT; large-cap metadata row without forced review marker,CORE,KEEP_CORE,NON_TURNAROUND_ROLE_UNCHANGED; Gate 3 metrics recorded for v0.4 evidence only; legacy_reason=METADATA_ONLY_AUDIT; large-cap metadata row without forced review marker,OBSERVATION_ONLY,N,FAIL,FAIL,FAIL,-20.3874,Y,10.5877,N,177.6252,183.8298,N,2962452.38,3181953.17,N,-20.3874,N,N,5.5220,Y,2962452.38,3132700.00,N,INSUFFICIENT_GATE2_DATA,INSUFFICIENT_DATA,yfinance,2026-05-27,2026-05-27,,v0_1_legacy_columns_preserved; non_turnaround_role_unchanged
UPS,United Parcel Service Inc.,US,Industrials,Air Freight & Logistics,81.0,N,CORE,KEEP_CORE,METADATA_ONLY_AUDIT; large-cap metadata row without forced review marker,CORE,KEEP_CORE,NON_TURNAROUND_ROLE_UNCHANGED; Gate 3 metrics recorded for v0.4 evidence only; legacy_reason=METADATA_ONLY_AUDIT; large-cap metadata row without forced review marker,OBSERVATION_ONLY,N,FAIL,FAIL,FAIL,-12.9417,N,11.6610,N,100.7402,97.9103,Y,6494590.48,6124027.78,Y,-12.9417,Y,Y,-3.4830,N,6494590.48,6303428.57,Y,INSUFFICIENT_GATE2_DATA,INSUFFICIENT_DATA,yfinance,2026-05-27,2026-05-27,,v0_1_legacy_columns_preserved; non_turnaround_role_unchanged
MMC,Marsh & McLennan Companies Inc.,US,Financials,Insurance,79.0,N,CORE,KEEP_CORE,METADATA_ONLY_AUDIT; large-cap metadata row without forced review marker,CORE,KEEP_CORE,NON_TURNAROUND_ROLE_UNCHANGED; Gate 3 metrics recorded for v0.4 evidence only; legacy_reason=METADATA_ONLY_AUDIT; large-cap metadata row without forced review marker,OBSERVATION_ONLY,N,INSUFFICIENT_DATA,INSUFFICIENT_DATA,INSUFFICIENT_DATA,,INSUFFICIENT_DATA,,INSUFFICIENT_DATA,,,INSUFFICIENT_DATA,,,INSUFFICIENT_DATA,,INSUFFICIENT_DATA,INSUFFICIENT_DATA,,INSUFFICIENT_DATA,,,INSUFFICIENT_DATA,INSUFFICIENT_GATE2_DATA,INSUFFICIENT_DATA,yfinance_failed,,2026-05-27,INSUFFICIENT_GATE3_DATA; empty price dataframe,v0_1_legacy_columns_preserved; non_turnaround_role_unchanged
ABNB,Airbnb Inc.,US,Consumer Discretionary,Hotels Restaurants,79.0,N,CORE,KEEP_CORE,METADATA_ONLY_AUDIT; large-cap metadata row without forced review marker,CORE,KEEP_CORE,NON_TURNAROUND_ROLE_UNCHANGED; Gate 3 metrics recorded for v0.4 evidence only; legacy_reason=METADATA_ONLY_AUDIT; large-cap metadata row without forced review marker,OBSERVATION_ONLY,N,FAIL,FAIL,FAIL,-8.3784,N,15.4619,Y,134.2984,128.4482,Y,4053195.24,4313029.37,N,-8.3784,Y,Y,-6.3519,N,4053195.24,3807296.83,Y,INSUFFICIENT_GATE2_DATA,INSUFFICIENT_DATA,yfinance,2026-05-27,2026-05-27,,v0_1_legacy_columns_preserved; non_turnaround_role_unchanged
MMM,3M Company,US,Industrials,Industrial Conglomerates,79.0,N,CORE,KEEP_CORE,METADATA_ONLY_AUDIT; large-cap metadata row without forced review marker,CORE,KEEP_CORE,NON_TURNAROUND_ROLE_UNCHANGED; Gate 3 metrics recorded for v0.4 evidence only; legacy_reason=METADATA_ONLY_AUDIT; large-cap metadata row without forced review marker,OBSERVATION_ONLY,N,FAIL,FAIL,FAIL,-11.1334,N,9.8938,N,147.0676,157.6644,N,3872747.62,3712731.75,Y,-11.1334,Y,N,6.4485,Y,3872747.62,3928206.35,N,INSUFFICIENT_GATE2_DATA,INSUFFICIENT_DATA,yfinance,2026-05-27,2026-05-27,,v0_1_legacy_columns_preserved; non_turnaround_role_unchanged
MDLZ,Mondelez International Inc.,US,Consumer Staples,Food Products,79.0,N,CORE,KEEP_CORE,METADATA_ONLY_AUDIT; large-cap metadata row without forced review marker,CORE,KEEP_CORE,NON_TURNAROUND_ROLE_UNCHANGED; Gate 3 metrics recorded for v0.4 evidence only; legacy_reason=METADATA_ONLY_AUDIT; large-cap metadata row without forced review marker,OBSERVATION_ONLY,N,FAIL,FAIL,FAIL,-12.0141,N,20.8503,Y,59.0764,58.9283,Y,7743114.29,10113658.73,N,-12.0141,Y,Y,8.4117,Y,7743114.29,8906988.89,N,INSUFFICIENT_GATE2_DATA,INSUFFICIENT_DATA,yfinance,2026-05-27,2026-05-27,,v0_1_legacy_columns_preserved; non_turnaround_role_unchanged
NOC,Northrop Grumman Corporation,US,Industrials,Aerospace & Defense,78.0,N,CORE,KEEP_CORE,METADATA_ONLY_AUDIT; large-cap metadata row without forced review marker,CORE,KEEP_CORE,NON_TURNAROUND_ROLE_UNCHANGED; Gate 3 metrics recorded for v0.4 evidence only; legacy_reason=METADATA_ONLY_AUDIT; large-cap metadata row without forced review marker,OBSERVATION_ONLY,N,FAIL,FAIL,FAIL,-28.2128,Y,1.9697,N,623.3172,619.3449,Y,728990.48,848391.27,N,-28.2128,N,Y,-4.1615,N,728990.48,805431.75,N,INSUFFICIENT_GATE2_DATA,INSUFFICIENT_DATA,yfinance,2026-05-27,2026-05-27,,v0_1_legacy_columns_preserved; non_turnaround_role_unchanged
MCO,Moody's Corporation,US,Financials,Capital Markets,77.0,N,CORE,KEEP_CORE,METADATA_ONLY_AUDIT; large-cap metadata row without forced review marker,CORE,KEEP_CORE,NON_TURNAROUND_ROLE_UNCHANGED; Gate 3 metrics recorded for v0.4 evidence only; legacy_reason=METADATA_ONLY_AUDIT; large-cap metadata row without forced review marker,OBSERVATION_ONLY,N,FAIL,FAIL,FAIL,-16.3173,N,9.5408,N,444.9680,478.1976,N,1019771.43,1138125.40,N,-16.3173,N,N,-1.9924,N,1019771.43,1183958.73,N,INSUFFICIENT_GATE2_DATA,INSUFFICIENT_DATA,yfinance,2026-05-27,2026-05-27,,v0_1_legacy_columns_preserved; non_turnaround_role_unchanged
APO,Apollo Global Management Inc.,US,Financials,Capital Markets,77.0,N,CORE,KEEP_CORE,METADATA_ONLY_AUDIT; large-cap metadata row without forced review marker,CORE,KEEP_CORE,NON_TURNAROUND_ROLE_UNCHANGED; Gate 3 metrics recorded for v0.4 evidence only; legacy_reason=METADATA_ONLY_AUDIT; large-cap metadata row without forced review marker,OBSERVATION_ONLY,N,FAIL,FAIL,FAIL,-16.5203,N,29.8804,Y,120.9106,129.2280,N,3395433.33,4363937.30,N,-16.5203,N,N,5.6272,Y,3395433.33,4931317.46,N,INSUFFICIENT_GATE2_DATA,INSUFFICIENT_DATA,yfinance,2026-05-27,2026-05-27,,v0_1_legacy_columns_preserved; non_turnaround_role_unchanged
VLO,Valero Energy Corporation,US,Energy,Oil Gas & Consumable Fuels,76.0,N,CORE,KEEP_CORE,METADATA_ONLY_AUDIT; large-cap metadata row without forced review marker,CORE,KEEP_CORE,NON_TURNAROUND_ROLE_UNCHANGED; Gate 3 metrics recorded for v0.4 evidence only; legacy_reason=METADATA_ONLY_AUDIT; large-cap metadata row without forced review marker,OBSERVATION_ONLY,N,FAIL,FAIL,FAIL,-8.4837,N,48.4130,Y,242.7168,192.1574,Y,3088033.33,3442457.14,N,-8.4837,Y,Y,0.8772,N,3088033.33,3756934.92,N,INSUFFICIENT_GATE2_DATA,INSUFFICIENT_DATA,yfinance,2026-05-27,2026-05-27,,v0_1_legacy_columns_preserved; non_turnaround_role_unchanged
SPG,Simon Property Group Inc.,US,Real Estate,Retail REITs,76.0,N,CORE,KEEP_CORE,METADATA_ONLY_AUDIT; large-cap metadata row without forced review marker,CORE,KEEP_CORE,NON_TURNAROUND_ROLE_UNCHANGED; Gate 3 metrics recorded for v0.4 evidence only; legacy_reason=METADATA_ONLY_AUDIT; large-cap metadata row without forced review marker,OBSERVATION_ONLY,N,FAIL,FAIL,FAIL,-0.3806,N,15.9870,Y,197.4570,187.7372,Y,1347223.81,1527107.14,N,-0.3806,N,Y,2.7224,N,1347223.81,1527638.10,N,INSUFFICIENT_GATE2_DATA,INSUFFICIENT_DATA,yfinance,2026-05-27,2026-05-27,,v0_1_legacy_columns_preserved; non_turnaround_role_unchanged
EOG,EOG Resources Inc.,US,Energy,Oil Gas & Consumable Fuels,76.0,N,CORE,KEEP_CORE,METADATA_ONLY_AUDIT; large-cap metadata row without forced review marker,CORE,KEEP_CORE,NON_TURNAROUND_ROLE_UNCHANGED; Gate 3 metrics recorded for v0.4 evidence only; legacy_reason=METADATA_ONLY_AUDIT; large-cap metadata row without forced review marker,OBSERVATION_ONLY,N,FAIL,FAIL,FAIL,-10.4010,N,31.9513,Y,138.0368,119.4634,Y,3414252.38,4531401.59,N,-10.4010,Y,Y,0.8107,N,3414252.38,4616325.40,N,INSUFFICIENT_GATE2_DATA,INSUFFICIENT_DATA,yfinance,2026-05-27,2026-05-27,,v0_1_legacy_columns_preserved; non_turnaround_role_unchanged
ORLY,O'Reilly Automotive Inc.,US,Consumer Discretionary,Specialty Retail,76.0,N,CORE,KEEP_CORE,METADATA_ONLY_AUDIT; large-cap metadata row without forced review marker,CORE,KEEP_CORE,NON_TURNAROUND_ROLE_UNCHANGED; Gate 3 metrics recorded for v0.4 evidence only; legacy_reason=METADATA_ONLY_AUDIT; large-cap metadata row without forced review marker,OBSERVATION_ONLY,N,FAIL,FAIL,FAIL,-17.4365,N,1.9702,N,92.0288,96.7081,N,6175738.10,5795313.49,Y,-17.4365,N,N,-3.2076,N,6175738.10,5735414.29,Y,INSUFFICIENT_GATE2_DATA,INSUFFICIENT_DATA,yfinance,2026-05-27,2026-05-27,,v0_1_legacy_columns_preserved; non_turnaround_role_unchanged
CI,The Cigna Group,US,Health Care,Health Care Providers,75.0,N,CORE,KEEP_CORE,METADATA_ONLY_AUDIT; large-cap metadata row without forced review marker,CORE,KEEP_CORE,NON_TURNAROUND_ROLE_UNCHANGED; Gate 3 metrics recorded for v0.4 evidence only; legacy_reason=METADATA_ONLY_AUDIT; large-cap metadata row without forced review marker,OBSERVATION_ONLY,N,FAIL,FAIL,FAIL,-14.5459,N,10.7215,N,277.8284,282.2684,Y,1752090.48,1670654.76,Y,-14.5459,Y,N,1.1218,N,1752090.48,1679604.76,Y,INSUFFICIENT_GATE2_DATA,INSUFFICIENT_DATA,yfinance,2026-05-27,2026-05-27,,v0_1_legacy_columns_preserved; non_turnaround_role_unchanged
MPC,Marathon Petroleum Corporation,US,Energy,Oil Gas & Consumable Fuels,75.0,N,CORE,KEEP_CORE,METADATA_ONLY_AUDIT; large-cap metadata row without forced review marker,CORE,KEEP_CORE,NON_TURNAROUND_ROLE_UNCHANGED; Gate 3 metrics recorded for v0.4 evidence only; legacy_reason=METADATA_ONLY_AUDIT; large-cap metadata row without forced review marker,OBSERVATION_ONLY,N,FAIL,FAIL,FAIL,-6.0718,N,51.9092,Y,239.6474,200.1680,Y,2367085.71,2427684.92,N,-6.0718,Y,Y,8.7320,Y,2367085.71,2610414.29,N,INSUFFICIENT_GATE2_DATA,INSUFFICIENT_DATA,yfinance,2026-05-27,2026-05-27,,v0_1_legacy_columns_preserved; non_turnaround_role_unchanged
KMI,Kinder Morgan Inc.,US,Energy,Oil Gas & Consumable Fuels,75.0,N,CORE,KEEP_CORE,METADATA_ONLY_AUDIT; large-cap metadata row without forced review marker,CORE,KEEP_CORE,NON_TURNAROUND_ROLE_UNCHANGED; Gate 3 metrics recorded for v0.4 evidence only; legacy_reason=METADATA_ONLY_AUDIT; large-cap metadata row without forced review marker,OBSERVATION_ONLY,N,FAIL,FAIL,FAIL,-6.0915,N,22.3699,Y,32.7176,29.3873,Y,10394095.24,12992190.48,N,-6.0915,Y,Y,4.1034,Y,10394095.24,12582373.02,N,INSUFFICIENT_GATE2_DATA,INSUFFICIENT_DATA,yfinance,2026-05-27,2026-05-27,,v0_1_legacy_columns_preserved; non_turnaround_role_unchanged
DDOG,Datadog Inc.,US,Information Technology,Software,74.0,N,CORE,KEEP_CORE,METADATA_ONLY_AUDIT; large-cap metadata row without forced review marker,CORE,KEEP_CORE,NON_TURNAROUND_ROLE_UNCHANGED; Gate 3 metrics recorded for v0.4 evidence only; legacy_reason=METADATA_ONLY_AUDIT; large-cap metadata row without forced review marker,OBSERVATION_ONLY,N,FAIL,FAIL,FAIL,-0.8227,N,116.1575,Y,148.8490,142.8022,Y,6732585.71,5366255.56,Y,-0.8227,N,Y,67.2019,Y,6732585.71,5351746.03,Y,INSUFFICIENT_GATE2_DATA,INSUFFICIENT_DATA,yfinance,2026-05-27,2026-05-27,,v0_1_legacy_columns_preserved; non_turnaround_role_unchanged
SHW,The Sherwin-Williams Company,US,Materials,Chemicals,74.0,N,CORE,KEEP_CORE,METADATA_ONLY_AUDIT; large-cap metadata row without forced review marker,CORE,KEEP_CORE,NON_TURNAROUND_ROLE_UNCHANGED; Gate 3 metrics recorded for v0.4 evidence only; legacy_reason=METADATA_ONLY_AUDIT; large-cap metadata row without forced review marker,OBSERVATION_ONLY,N,FAIL,FAIL,FAIL,-17.3920,N,3.6516,N,320.0906,339.3296,N,2187638.10,1796038.10,Y,-17.3920,N,N,-7.7745,N,2187638.10,1848250.79,Y,INSUFFICIENT_GATE2_DATA,INSUFFICIENT_DATA,yfinance,2026-05-27,2026-05-27,,v0_1_legacy_columns_preserved; non_turnaround_role_unchanged
CIEN,Ciena Corporation,US,Information Technology,Communications Equipment,74.0,N,CORE,KEEP_CORE,METADATA_ONLY_AUDIT; large-cap metadata row without forced review marker,CORE,KEEP_CORE,NON_TURNAROUND_ROLE_UNCHANGED; Gate 3 metrics recorded for v0.4 evidence only; legacy_reason=METADATA_ONLY_AUDIT; large-cap metadata row without forced review marker,OBSERVATION_ONLY,N,FAIL,FAIL,FAIL,-3.3716,N,201.0499,Y,493.7394,277.4892,Y,1971819.05,3028594.44,N,-3.3716,Y,Y,14.9583,Y,1971819.05,2688979.37,N,INSUFFICIENT_GATE2_DATA,INSUFFICIENT_DATA,yfinance,2026-05-27,2026-05-27,,v0_1_legacy_columns_preserved; non_turnaround_role_unchanged
EMR,Emerson Electric Co.,US,Industrials,Electrical Equipment,74.0,N,CORE,KEEP_CORE,METADATA_ONLY_AUDIT; large-cap metadata row without forced review marker,CORE,KEEP_CORE,NON_TURNAROUND_ROLE_UNCHANGED; Gate 3 metrics recorded for v0.4 evidence only; legacy_reason=METADATA_ONLY_AUDIT; large-cap metadata row without forced review marker,OBSERVATION_ONLY,N,FAIL,FAIL,FAIL,-13.5877,N,13.3171,N,136.9154,137.2648,Y,3103552.38,3054552.38,Y,-13.5877,Y,N,-1.2370,N,3103552.38,2969349.21,Y,INSUFFICIENT_GATE2_DATA,INSUFFICIENT_DATA,yfinance,2026-05-27,2026-05-27,,v0_1_legacy_columns_preserved; non_turnaround_role_unchanged
NXPI,NXP Semiconductors N.V.,US,Information Technology,Semiconductors,73.0,N,CORE,KEEP_CORE,METADATA_ONLY_AUDIT; large-cap metadata row without forced review marker,CORE,KEEP_CORE,NON_TURNAROUND_ROLE_UNCHANGED; Gate 3 metrics recorded for v0.4 evidence only; legacy_reason=METADATA_ONLY_AUDIT; large-cap metadata row without forced review marker,OBSERVATION_ONLY,N,FAIL,FAIL,FAIL,-1.0311,N,75.6977,Y,244.3254,227.4618,Y,4323000.00,3177521.43,Y,-1.0311,N,Y,38.9961,Y,4323000.00,3353695.24,Y,INSUFFICIENT_GATE2_DATA,INSUFFICIENT_DATA,yfinance,2026-05-27,2026-05-27,,v0_1_legacy_columns_preserved; non_turnaround_role_unchanged
MPWR,Monolithic Power Systems Inc.,US,Information Technology,Semiconductors,73.0,N,CORE,KEEP_CORE,METADATA_ONLY_AUDIT; large-cap metadata row without forced review marker,CORE,KEEP_CORE,NON_TURNAROUND_ROLE_UNCHANGED; Gate 3 metrics recorded for v0.4 evidence only; legacy_reason=METADATA_ONLY_AUDIT; large-cap metadata row without forced review marker,OBSERVATION_ONLY,N,FAIL,FAIL,FAIL,-2.5743,N,81.4361,Y,1399.3208,1086.8448,Y,685342.86,633679.37,Y,-2.5743,N,Y,2.0535,N,685342.86,603890.48,Y,INSUFFICIENT_GATE2_DATA,INSUFFICIENT_DATA,yfinance,2026-05-27,2026-05-27,,v0_1_legacy_columns_preserved; non_turnaround_role_unchanged
CVNA,Carvana Co.,US,Consumer Discretionary,Specialty Retail,72.0,N,CORE,KEEP_CORE,METADATA_ONLY_AUDIT; large-cap metadata row without forced review marker,CORE,KEEP_CORE,NON_TURNAROUND_ROLE_UNCHANGED; Gate 3 metrics recorded for v0.4 evidence only; legacy_reason=METADATA_ONLY_AUDIT; large-cap metadata row without forced review marker,OBSERVATION_ONLY,N,FAIL,FAIL,FAIL,-23.7120,Y,29.7639,Y,70.0259,73.7812,N,11741028.57,18399861.90,N,-23.7120,N,N,-10.2599,N,11741028.57,13372588.89,N,INSUFFICIENT_GATE2_DATA,INSUFFICIENT_DATA,yfinance,2026-05-27,2026-05-27,,v0_1_legacy_columns_preserved; non_turnaround_role_unchanged
HLT,Hilton Worldwide Holdings Inc.,US,Consumer Discretionary,Hotels Restaurants,72.0,N,CORE,KEEP_CORE,METADATA_ONLY_AUDIT; large-cap metadata row without forced review marker,CORE,KEEP_CORE,NON_TURNAROUND_ROLE_UNCHANGED; Gate 3 metrics recorded for v0.4 evidence only; legacy_reason=METADATA_ONLY_AUDIT; large-cap metadata row without forced review marker,OBSERVATION_ONLY,N,FAIL,FAIL,FAIL,-1.7994,N,25.0585,Y,316.9488,291.1113,Y,1659180.95,1780630.16,N,-1.7994,N,Y,1.2844,N,1659180.95,1701495.24,N,INSUFFICIENT_GATE2_DATA,INSUFFICIENT_DATA,yfinance,2026-05-27,2026-05-27,,v0_1_legacy_columns_preserved; non_turnaround_role_unchanged
PSX,Phillips 66,US,Energy,Oil Gas & Consumable Fuels,72.0,N,CORE,KEEP_CORE,METADATA_ONLY_AUDIT; large-cap metadata row without forced review marker,CORE,KEEP_CORE,NON_TURNAROUND_ROLE_UNCHANGED; Gate 3 metrics recorded for v0.4 evidence only; legacy_reason=METADATA_ONLY_AUDIT; large-cap metadata row without forced review marker,OBSERVATION_ONLY,N,FAIL,FAIL,FAIL,-7.2498,N,36.6967,Y,172.2368,147.4324,Y,2550928.57,2789211.90,N,-7.2498,Y,Y,6.4168,Y,2550928.57,3145349.21,N,INSUFFICIENT_GATE2_DATA,INSUFFICIENT_DATA,yfinance,2026-05-27,2026-05-27,,v0_1_legacy_columns_preserved; non_turnaround_role_unchanged
CL,Colgate-Palmolive Company,US,Consumer Staples,Household Products,71.0,N,CORE,KEEP_CORE,METADATA_ONLY_AUDIT; large-cap metadata row without forced review marker,CORE,KEEP_CORE,NON_TURNAROUND_ROLE_UNCHANGED; Gate 3 metrics recorded for v0.4 evidence only; legacy_reason=METADATA_ONLY_AUDIT; large-cap metadata row without forced review marker,OBSERVATION_ONLY,N,FAIL,FAIL,FAIL,-7.9181,N,19.9448,Y,86.1424,84.0891,Y,5335990.48,6255245.24,N,-7.9181,Y,Y,8.4591,Y,5335990.48,5864946.03,N,INSUFFICIENT_GATE2_DATA,INSUFFICIENT_DATA,yfinance,2026-05-27,2026-05-27,,v0_1_legacy_columns_preserved; non_turnaround_role_unchanged
NSC,Norfolk Southern Corporation,US,Industrials,Ground Transportation,71.0,N,CORE,KEEP_CORE,METADATA_ONLY_AUDIT; large-cap metadata row without forced review marker,CORE,KEEP_CORE,NON_TURNAROUND_ROLE_UNCHANGED; Gate 3 metrics recorded for v0.4 evidence only; legacy_reason=METADATA_ONLY_AUDIT; large-cap metadata row without forced review marker,OBSERVATION_ONLY,N,FAIL,FAIL,FAIL,0.0000,N,17.0711,Y,302.8404,294.0905,Y,1138666.67,1262820.63,N,0.0000,N,Y,2.1293,N,1138666.67,1281980.95,N,INSUFFICIENT_GATE2_DATA,INSUFFICIENT_DATA,yfinance,2026-05-27,2026-05-27,,v0_1_legacy_columns_preserved; non_turnaround_role_unchanged
ITW,Illinois Tool Works Inc.,US,Industrials,Machinery,71.0,N,CORE,KEEP_CORE,METADATA_ONLY_AUDIT; large-cap metadata row without forced review marker,CORE,KEEP_CORE,NON_TURNAROUND_ROLE_UNCHANGED; Gate 3 metrics recorded for v0.4 evidence only; legacy_reason=METADATA_ONLY_AUDIT; large-cap metadata row without forced review marker,OBSERVATION_ONLY,N,FAIL,FAIL,FAIL,-16.4586,N,3.1996,N,260.5300,260.7775,N,1409971.43,1343007.14,Y,-16.4586,N,N,-7.2106,N,1409971.43,1320265.08,Y,INSUFFICIENT_GATE2_DATA,INSUFFICIENT_DATA,yfinance,2026-05-27,2026-05-27,,v0_1_legacy_columns_preserved; non_turnaround_role_unchanged
COHR,Coherent Corp.,US,Information Technology,Communications Equipment,70.0,N,CORE,KEEP_CORE,METADATA_ONLY_AUDIT; large-cap metadata row without forced review marker,CORE,KEEP_CORE,NON_TURNAROUND_ROLE_UNCHANGED; Gate 3 metrics recorded for v0.4 evidence only; legacy_reason=METADATA_ONLY_AUDIT; large-cap metadata row without forced review marker,OBSERVATION_ONLY,N,FAIL,FAIL,FAIL,-6.1145,N,155.4115,Y,315.2670,200.6313,Y,6386985.71,6208907.14,Y,-6.1145,Y,Y,18.2409,Y,6386985.71,7495373.02,N,INSUFFICIENT_GATE2_DATA,INSUFFICIENT_DATA,yfinance,2026-05-27,2026-05-27,,v0_1_legacy_columns_preserved; non_turnaround_role_unchanged
DASH,DoorDash Inc.,US,Consumer Discretionary,Hotels Restaurants,70.0,N,CORE,KEEP_CORE,METADATA_ONLY_AUDIT; large-cap metadata row without forced review marker,CORE,KEEP_CORE,NON_TURNAROUND_ROLE_UNCHANGED; Gate 3 metrics recorded for v0.4 evidence only; legacy_reason=METADATA_ONLY_AUDIT; large-cap metadata row without forced review marker,OBSERVATION_ONLY,N,FAIL,FAIL,FAIL,-44.0690,Y,7.4898,N,163.2171,209.5667,N,5299747.62,4869257.94,Y,-44.0690,N,N,-9.4680,N,5299747.62,4474692.06,Y,INSUFFICIENT_GATE2_DATA,INSUFFICIENT_DATA,yfinance,2026-05-27,2026-05-27,,v0_1_legacy_columns_preserved; non_turnaround_role_unchanged
ECL,Ecolab Inc.,US,Materials,Chemicals,70.0,N,CORE,KEEP_CORE,METADATA_ONLY_AUDIT; large-cap metadata row without forced review marker,CORE,KEEP_CORE,NON_TURNAROUND_ROLE_UNCHANGED; Gate 3 metrics recorded for v0.4 evidence only; legacy_reason=METADATA_ONLY_AUDIT; large-cap metadata row without forced review marker,OBSERVATION_ONLY,N,FAIL,FAIL,FAIL,-14.8435,N,6.8571,N,262.2240,271.7561,N,1695447.62,1453469.05,Y,-14.8435,Y,N,-1.9785,N,1695447.62,1578260.32,Y,INSUFFICIENT_GATE2_DATA,INSUFFICIENT_DATA,yfinance,2026-05-27,2026-05-27,,v0_1_legacy_columns_preserved; non_turnaround_role_unchanged
CTAS,Cintas Corporation,US,Industrials,Commercial Services,69.0,N,CORE,KEEP_CORE,METADATA_ONLY_AUDIT; large-cap metadata row without forced review marker,CORE,KEEP_CORE,NON_TURNAROUND_ROLE_UNCHANGED; Gate 3 metrics recorded for v0.4 evidence only; legacy_reason=METADATA_ONLY_AUDIT; large-cap metadata row without forced review marker,OBSERVATION_ONLY,N,FAIL,FAIL,FAIL,-25.3887,Y,3.8581,N,173.3874,189.8502,N,1975509.52,2072798.41,N,-25.3887,N,N,-2.4017,N,1975509.52,2253601.59,N,INSUFFICIENT_GATE2_DATA,INSUFFICIENT_DATA,yfinance,2026-05-27,2026-05-27,,v0_1_legacy_columns_preserved; non_turnaround_role_unchanged
AON,Aon plc,US,Financials,Insurance,69.0,N,CORE,KEEP_CORE,METADATA_ONLY_AUDIT; large-cap metadata row without forced review marker,CORE,KEEP_CORE,NON_TURNAROUND_ROLE_UNCHANGED; Gate 3 metrics recorded for v0.4 evidence only; legacy_reason=METADATA_ONLY_AUDIT; large-cap metadata row without forced review marker,OBSERVATION_ONLY,N,FAIL,FAIL,FAIL,-15.3179,N,3.3315,N,321.3822,341.4122,N,1508466.67,1327132.54,Y,-15.3179,N,N,-1.6184,N,1508466.67,1395722.22,Y,INSUFFICIENT_GATE2_DATA,INSUFFICIENT_DATA,yfinance,2026-05-27,2026-05-27,,v0_1_legacy_columns_preserved; non_turnaround_role_unchanged
HOOD,Robinhood Markets Inc.,US,Financials,Capital Markets,69.0,N,CORE,KEEP_CORE,METADATA_ONLY_AUDIT; large-cap metadata row without forced review marker,CORE,KEEP_CORE,NON_TURNAROUND_ROLE_UNCHANGED; Gate 3 metrics recorded for v0.4 evidence only; legacy_reason=METADATA_ONLY_AUDIT; large-cap metadata row without forced review marker,OBSERVATION_ONLY,N,FAIL,FAIL,FAIL,-50.0000,Y,16.9889,Y,76.2437,104.1534,N,25366295.24,28085968.25,N,-50.0000,N,N,-9.1959,N,25366295.24,28206249.21,N,INSUFFICIENT_GATE2_DATA,INSUFFICIENT_DATA,yfinance,2026-05-27,2026-05-27,,v0_1_legacy_columns_preserved; non_turnaround_role_unchanged
AEP,American Electric Power Company Inc.,US,Utilities,Electric Utilities,69.0,N,CORE,KEEP_CORE,METADATA_ONLY_AUDIT; large-cap metadata row without forced review marker,CORE,KEEP_CORE,NON_TURNAROUND_ROLE_UNCHANGED; Gate 3 metrics recorded for v0.4 evidence only; legacy_reason=METADATA_ONLY_AUDIT; large-cap metadata row without forced review marker,OBSERVATION_ONLY,N,FAIL,FAIL,FAIL,-5.5268,N,13.9578,N,131.9768,121.6580,Y,4733038.10,3579353.97,Y,-5.5268,Y,Y,-4.0720,N,4733038.10,3745115.87,Y,INSUFFICIENT_GATE2_DATA,INSUFFICIENT_DATA,yfinance,2026-05-27,2026-05-27,,v0_1_legacy_columns_preserved; non_turnaround_role_unchanged
CRH,CRH plc,US,Materials,Construction Materials,69.0,N,CORE,KEEP_CORE,METADATA_ONLY_AUDIT; large-cap metadata row without forced review marker,CORE,KEEP_CORE,NON_TURNAROUND_ROLE_UNCHANGED; Gate 3 metrics recorded for v0.4 evidence only; legacy_reason=METADATA_ONLY_AUDIT; large-cap metadata row without forced review marker,OBSERVATION_ONLY,N,FAIL,FAIL,FAIL,-19.1277,N,7.8242,N,109.5342,115.9086,N,5374119.05,6545724.60,N,-19.1277,N,N,-8.9312,N,5374119.05,5348474.60,Y,INSUFFICIENT_GATE2_DATA,INSUFFICIENT_DATA,yfinance,2026-05-27,2026-05-27,,v0_1_legacy_columns_preserved; non_turnaround_role_unchanged
MSI,Motorola Solutions Inc.,US,Information Technology,Communications Equipment,68.0,N,CORE,KEEP_CORE,METADATA_ONLY_AUDIT; large-cap metadata row without forced review marker,CORE,KEEP_CORE,NON_TURNAROUND_ROLE_UNCHANGED; Gate 3 metrics recorded for v0.4 evidence only; legacy_reason=METADATA_ONLY_AUDIT; large-cap metadata row without forced review marker,OBSERVATION_ONLY,N,FAIL,FAIL,FAIL,-16.6408,N,12.3354,N,431.2350,428.0866,Y,1283890.48,1223438.89,Y,-16.6408,N,Y,-5.3035,N,1283890.48,1079603.17,Y,INSUFFICIENT_GATE2_DATA,INSUFFICIENT_DATA,yfinance,2026-05-27,2026-05-27,,v0_1_legacy_columns_preserved; non_turnaround_role_unchanged
ROST,Ross Stores Inc.,US,Consumer Discretionary,Specialty Retail,68.0,N,CORE,KEEP_CORE,METADATA_ONLY_AUDIT; large-cap metadata row without forced review marker,CORE,KEEP_CORE,NON_TURNAROUND_ROLE_UNCHANGED; Gate 3 metrics recorded for v0.4 evidence only; legacy_reason=METADATA_ONLY_AUDIT; large-cap metadata row without forced review marker,OBSERVATION_ONLY,N,FAIL,FAIL,FAIL,-0.5707,N,34.0780,Y,220.6400,184.3785,Y,2928847.62,2617534.92,Y,-0.5707,N,Y,3.2277,Y,2928847.62,2742465.08,Y,INSUFFICIENT_GATE2_DATA,INSUFFICIENT_DATA,yfinance,2026-05-27,2026-05-27,,v0_1_legacy_columns_preserved; non_turnaround_role_unchanged
WBD,Warner Bros. Discovery Inc.,US,Communication Services,Entertainment,67.0,Y,HIGH_RISK_REVIEW,REVIEW_BEFORE_SCORING,TURNAROUND_IN_PROGRESS; METADATA_ONLY_AUDIT; turnaround flag prevents core classification,GATE3_FAIL_REVIEW,REVIEW_BEFORE_SCORING,"Gate3 FAIL; no recovery/continuation signal; preprocessing review only, not EXCLUDE; metadata_role=CORE; recovery=FAIL; continuation=FAIL",RECOVERY,Y,FAIL,FAIL,FAIL,-9.4730,N,18.7227,Y,27.2342,23.9529,Y,16167476.19,30742238.10,N,-9.4730,Y,Y,1.1931,N,16167476.19,22736309.52,N,INSUFFICIENT_GATE2_DATA,INSUFFICIENT_DATA,yfinance,2026-05-27,2026-05-27,,v0_1_legacy_columns_preserved; turnaround_gate3_recovery_applied; role_changed:HIGH_RISK_REVIEW->GATE3_FAIL_REVIEW
RCL,Royal Caribbean Cruises Ltd.,US,Consumer Discretionary,Hotels Restaurants,67.0,N,CORE,KEEP_CORE,METADATA_ONLY_AUDIT; large-cap metadata row without forced review marker,CORE,KEEP_CORE,NON_TURNAROUND_ROLE_UNCHANGED; Gate 3 metrics recorded for v0.4 evidence only; legacy_reason=METADATA_ONLY_AUDIT; large-cap metadata row without forced review marker,OBSERVATION_ONLY,N,FAIL,FAIL,FAIL,-24.7841,Y,11.3147,N,269.0084,293.8446,N,3169823.81,2590603.97,Y,-24.7841,N,N,6.2966,Y,3169823.81,2802649.21,Y,INSUFFICIENT_GATE2_DATA,INSUFFICIENT_DATA,yfinance,2026-05-27,2026-05-27,,v0_1_legacy_columns_preserved; non_turnaround_role_unchanged
DLR,Digital Realty Trust Inc.,US,Real Estate,Specialized REITs,67.0,N,CORE,KEEP_CORE,METADATA_ONLY_AUDIT; large-cap metadata row without forced review marker,CORE,KEEP_CORE,NON_TURNAROUND_ROLE_UNCHANGED; Gate 3 metrics recorded for v0.4 evidence only; legacy_reason=METADATA_ONLY_AUDIT; large-cap metadata row without forced review marker,OBSERVATION_ONLY,N,FAIL,FAIL,FAIL,-5.9830,N,29.5951,Y,190.0452,172.8368,Y,1958709.52,2040947.62,N,-5.9830,Y,Y,-2.3581,N,1958709.52,2019242.86,N,INSUFFICIENT_GATE2_DATA,INSUFFICIENT_DATA,yfinance,2026-05-27,2026-05-27,,v0_1_legacy_columns_preserved; non_turnaround_role_unchanged
TDG,TransDigm Group Incorporated,US,Industrials,Aerospace & Defense,66.0,N,CORE,KEEP_CORE,METADATA_ONLY_AUDIT; large-cap metadata row without forced review marker,CORE,KEEP_CORE,NON_TURNAROUND_ROLE_UNCHANGED; Gate 3 metrics recorded for v0.4 evidence only; legacy_reason=METADATA_ONLY_AUDIT; large-cap metadata row without forced review marker,OBSERVATION_ONLY,N,FAIL,FAIL,FAIL,-23.4398,Y,9.5359,N,1193.1948,1293.9106,N,403452.38,377092.06,Y,-23.4398,N,N,7.1265,Y,403452.38,401058.73,Y,INSUFFICIENT_GATE2_DATA,INSUFFICIENT_DATA,yfinance,2026-05-27,2026-05-27,,v0_1_legacy_columns_preserved; non_turnaround_role_unchanged
RSG,Republic Services Inc.,US,Industrials,Commercial Services,66.0,N,CORE,KEEP_CORE,METADATA_ONLY_AUDIT; large-cap metadata row without forced review marker,CORE,KEEP_CORE,NON_TURNAROUND_ROLE_UNCHANGED; Gate 3 metrics recorded for v0.4 evidence only; legacy_reason=METADATA_ONLY_AUDIT; large-cap metadata row without forced review marker,OBSERVATION_ONLY,N,FAIL,FAIL,FAIL,-20.3317,Y,3.9802,N,211.6426,218.2095,N,1914419.05,1549446.83,Y,-20.3317,N,N,-0.2474,N,1914419.05,1589588.89,Y,INSUFFICIENT_GATE2_DATA,INSUFFICIENT_DATA,yfinance,2026-05-27,2026-05-27,,v0_1_legacy_columns_preserved; non_turnaround_role_unchanged
GM,General Motors Company,US,Consumer Discretionary,Automobiles,65.0,Y,HIGH_RISK_REVIEW,REVIEW_BEFORE_SCORING,TURNAROUND_IN_PROGRESS; METADATA_ONLY_AUDIT; turnaround flag prevents core classification,GATE3_FAIL_REVIEW,REVIEW_BEFORE_SCORING,"Gate3 FAIL; no recovery/continuation signal; preprocessing review only, not EXCLUDE; metadata_role=CORE; recovery=FAIL; continuation=FAIL",RECOVERY,Y,FAIL,FAIL,FAIL,-2.6163,N,18.4789,Y,76.5410,72.3134,Y,7411380.95,8064600.79,N,-2.6163,N,Y,7.9015,Y,7411380.95,7246406.35,Y,INSUFFICIENT_GATE2_DATA,INSUFFICIENT_DATA,yfinance,2026-05-27,2026-05-27,,v0_1_legacy_columns_preserved; turnaround_gate3_recovery_applied; role_changed:HIGH_RISK_REVIEW->GATE3_FAIL_REVIEW
BKR,Baker Hughes Company,US,Energy,Energy Equipment,65.0,N,CORE,KEEP_CORE,METADATA_ONLY_AUDIT; large-cap metadata row without forced review marker,CORE,KEEP_CORE,NON_TURNAROUND_ROLE_UNCHANGED; Gate 3 metrics recorded for v0.4 evidence only; legacy_reason=METADATA_ONLY_AUDIT; large-cap metadata row without forced review marker,OBSERVATION_ONLY,N,FAIL,FAIL,FAIL,-9.2866,N,42.1183,Y,63.6446,53.6105,Y,7657580.95,8882582.54,N,-9.2866,Y,Y,-7.5753,N,7657580.95,9252223.81,N,INSUFFICIENT_GATE2_DATA,INSUFFICIENT_DATA,yfinance,2026-05-27,2026-05-27,,v0_1_legacy_columns_preserved; non_turnaround_role_unchanged
APD,Air Products and Chemicals Inc.,US,Materials,Chemicals,65.0,N,CORE,KEEP_CORE,METADATA_ONLY_AUDIT; large-cap metadata row without forced review marker,CORE,KEEP_CORE,NON_TURNAROUND_ROLE_UNCHANGED; Gate 3 metrics recorded for v0.4 evidence only; legacy_reason=METADATA_ONLY_AUDIT; large-cap metadata row without forced review marker,OBSERVATION_ONLY,N,FAIL,FAIL,FAIL,-6.6852,N,23.8213,Y,294.6276,274.8887,Y,1101114.29,1437410.32,N,-6.6852,Y,Y,-5.5063,N,1101114.29,1235696.83,N,INSUFFICIENT_GATE2_DATA,INSUFFICIENT_DATA,yfinance,2026-05-27,2026-05-27,,v0_1_legacy_columns_preserved; non_turnaround_role_unchanged
FIX,Comfort Systems USA Inc.,US,Industrials,Construction & Engineering,65.0,N,CORE,KEEP_CORE,METADATA_ONLY_AUDIT; large-cap metadata row without forced review marker,CORE,KEEP_CORE,NON_TURNAROUND_ROLE_UNCHANGED; Gate 3 metrics recorded for v0.4 evidence only; legacy_reason=METADATA_ONLY_AUDIT; large-cap metadata row without forced review marker,OBSERVATION_ONLY,N,FAIL,FAIL,FAIL,-8.5817,N,111.2595,Y,1685.6972,1160.0031,Y,390957.14,500053.17,N,-8.5817,Y,Y,4.0718,Y,390957.14,412668.25,N,INSUFFICIENT_GATE2_DATA,INSUFFICIENT_DATA,yfinance,2026-05-27,2026-05-27,,v0_1_legacy_columns_preserved; non_turnaround_role_unchanged
TRV,The Travelers Companies Inc.,US,Financials,Insurance,65.0,N,CORE,KEEP_CORE,METADATA_ONLY_AUDIT; large-cap metadata row without forced review marker,CORE,KEEP_CORE,NON_TURNAROUND_ROLE_UNCHANGED; Gate 3 metrics recorded for v0.4 evidence only; legacy_reason=METADATA_ONLY_AUDIT; large-cap metadata row without forced review marker,OBSERVATION_ONLY,N,FAIL,FAIL,FAIL,-3.8746,N,11.3280,N,299.6356,287.3628,Y,1315866.67,1504777.78,N,-3.8746,Y,Y,-1.2511,N,1315866.67,1411860.32,N,INSUFFICIENT_GATE2_DATA,INSUFFICIENT_DATA,yfinance,2026-05-27,2026-05-27,,v0_1_legacy_columns_preserved; non_turnaround_role_unchanged
REGN,Regeneron Pharmaceuticals Inc.,US,Health Care,Biotechnology,64.0,N,HIGH_RISK_REVIEW,REVIEW_BEFORE_SCORING,BIOTECH_CLINICAL_RISK; METADATA_ONLY_AUDIT; mid-large biotechnology row needs review before scoring,HIGH_RISK_REVIEW,REVIEW_BEFORE_SCORING,NON_TURNAROUND_ROLE_UNCHANGED; Gate 3 metrics recorded for v0.4 evidence only; legacy_reason=BIOTECH_CLINICAL_RISK; METADATA_ONLY_AUDIT; mid-large biotechnology row needs review before scoring,OBSERVATION_ONLY,N,FAIL,FAIL,FAIL,-22.7178,Y,0.0000,N,724.6788,694.0543,Y,1073328.57,825334.92,Y,-22.7178,N,Y,-15.6762,N,1073328.57,783728.57,Y,INSUFFICIENT_GATE2_DATA,INSUFFICIENT_DATA,yfinance,2026-05-27,2026-05-27,,v0_1_legacy_columns_preserved; non_turnaround_role_unchanged
LITE,Lumentum Holdings Inc.,US,Information Technology,Communications Equipment,63.0,N,CORE,KEEP_CORE,METADATA_ONLY_AUDIT; large-cap metadata row without forced review marker,CORE,KEEP_CORE,NON_TURNAROUND_ROLE_UNCHANGED; Gate 3 metrics recorded for v0.4 evidence only; legacy_reason=METADATA_ONLY_AUDIT; large-cap metadata row without forced review marker,OBSERVATION_ONLY,N,FAIL,FAIL,FAIL,-14.3179,N,209.7847,Y,858.1900,450.5501,Y,6167014.29,5544788.89,Y,-14.3179,Y,Y,4.9588,Y,6167014.29,6515387.30,N,INSUFFICIENT_GATE2_DATA,INSUFFICIENT_DATA,yfinance,2026-05-27,2026-05-27,,v0_1_legacy_columns_preserved; non_turnaround_role_unchanged
NKE,NIKE Inc.,US,Consumer Discretionary,Textiles & Apparel,63.0,Y,HIGH_RISK_REVIEW,REVIEW_BEFORE_SCORING,TURNAROUND_IN_PROGRESS; METADATA_ONLY_AUDIT; turnaround flag prevents core classification,GATE3_FAIL_REVIEW,REVIEW_BEFORE_SCORING,"Gate3 FAIL; no recovery/continuation signal; preprocessing review only, not EXCLUDE; metadata_role=CORE; recovery=FAIL; continuation=FAIL",RECOVERY,Y,FAIL,FAIL,FAIL,-41.9737,Y,9.7899,N,46.0142,61.3286,N,20120514.29,19914787.30,Y,-41.9737,N,N,1.8609,N,20120514.29,21844230.16,N,INSUFFICIENT_GATE2_DATA,INSUFFICIENT_DATA,yfinance,2026-05-27,2026-05-27,,v0_1_legacy_columns_preserved; turnaround_gate3_recovery_applied; role_changed:HIGH_RISK_REVIEW->GATE3_FAIL_REVIEW
AFL,Aflac Incorporated,US,Financials,Insurance,60.0,N,CORE,KEEP_CORE,METADATA_ONLY_AUDIT; large-cap metadata row without forced review marker,CORE,KEEP_CORE,NON_TURNAROUND_ROLE_UNCHANGED; Gate 3 metrics recorded for v0.4 evidence only; legacy_reason=METADATA_ONLY_AUDIT; large-cap metadata row without forced review marker,OBSERVATION_ONLY,N,FAIL,FAIL,FAIL,-3.2190,N,8.1450,N,112.9012,110.7257,Y,2221752.38,2347284.92,N,-3.2190,Y,Y,0.1482,N,2221752.38,2307576.19,N,INSUFFICIENT_GATE2_DATA,INSUFFICIENT_DATA,yfinance,2026-05-27,2026-05-27,,v0_1_legacy_columns_preserved; non_turnaround_role_unchanged
GWW,W.W. Grainger Inc.,US,Industrials,Trading Companies,59.0,N,CORE,KEEP_CORE,METADATA_ONLY_AUDIT; large-cap metadata row without forced review marker,CORE,KEEP_CORE,NON_TURNAROUND_ROLE_UNCHANGED; Gate 3 metrics recorded for v0.4 evidence only; legacy_reason=METADATA_ONLY_AUDIT; large-cap metadata row without forced review marker,OBSERVATION_ONLY,N,FAIL,FAIL,FAIL,-2.9715,N,33.9875,Y,1157.1894,1052.8960,Y,284076.19,274652.38,Y,-2.9715,N,Y,7.5945,Y,284076.19,257857.14,Y,INSUFFICIENT_GATE2_DATA,INSUFFICIENT_DATA,yfinance,2026-05-27,2026-05-27,,v0_1_legacy_columns_preserved; non_turnaround_role_unchanged
D,Dominion Energy Inc.,US,Utilities,Multi-Utilities,59.0,N,CORE,KEEP_CORE,METADATA_ONLY_AUDIT; large-cap metadata row without forced review marker,CORE,KEEP_CORE,NON_TURNAROUND_ROLE_UNCHANGED; Gate 3 metrics recorded for v0.4 evidence only; legacy_reason=METADATA_ONLY_AUDIT; large-cap metadata row without forced review marker,OBSERVATION_ONLY,N,FAIL,FAIL,FAIL,-1.5961,N,17.7295,Y,63.0116,61.3520,Y,8307633.33,6112398.41,Y,-1.5961,N,Y,7.5200,Y,8307633.33,5747947.62,Y,INSUFFICIENT_GATE2_DATA,INSUFFICIENT_DATA,yfinance,2026-05-27,2026-05-27,,v0_1_legacy_columns_preserved; non_turnaround_role_unchanged
OXY,Occidental Petroleum Corporation,US,Energy,Oil Gas & Consumable Fuels,59.0,N,CORE,KEEP_CORE,METADATA_ONLY_AUDIT; large-cap metadata row without forced review marker,CORE,KEEP_CORE,NON_TURNAROUND_ROLE_UNCHANGED; Gate 3 metrics recorded for v0.4 evidence only; legacy_reason=METADATA_ONLY_AUDIT; large-cap metadata row without forced review marker,OBSERVATION_ONLY,N,FAIL,FAIL,FAIL,-14.1153,N,46.1716,Y,58.8756,48.2957,Y,12528147.62,13813562.70,N,-14.1153,Y,Y,-0.6635,N,12528147.62,16739801.59,N,INSUFFICIENT_GATE2_DATA,INSUFFICIENT_DATA,yfinance,2026-05-27,2026-05-27,,v0_1_legacy_columns_preserved; non_turnaround_role_unchanged
URI,United Rentals Inc.,US,Industrials,Trading Companies,59.0,N,CORE,KEEP_CORE,METADATA_ONLY_AUDIT; large-cap metadata row without forced review marker,CORE,KEEP_CORE,NON_TURNAROUND_ROLE_UNCHANGED; Gate 3 metrics recorded for v0.4 evidence only; legacy_reason=METADATA_ONLY_AUDIT; large-cap metadata row without forced review marker,OBSERVATION_ONLY,N,FAIL,FAIL,FAIL,-3.1137,N,39.0967,Y,848.6640,874.7670,N,516766.67,638551.59,N,-3.1137,Y,N,2.9578,N,516766.67,579531.75,N,INSUFFICIENT_GATE2_DATA,INSUFFICIENT_DATA,yfinance,2026-05-27,2026-05-27,,v0_1_legacy_columns_preserved; non_turnaround_role_unchanged
OKE,ONEOK Inc.,US,Energy,Oil Gas & Consumable Fuels,59.0,N,CORE,KEEP_CORE,METADATA_ONLY_AUDIT; large-cap metadata row without forced review marker,CORE,KEEP_CORE,NON_TURNAROUND_ROLE_UNCHANGED; Gate 3 metrics recorded for v0.4 evidence only; legacy_reason=METADATA_ONLY_AUDIT; large-cap metadata row without forced review marker,OBSERVATION_ONLY,N,FAIL,FAIL,FAIL,-7.3814,N,25.6016,Y,88.8432,78.2725,Y,4166695.24,4571107.94,N,-7.3814,Y,Y,0.5242,N,4166695.24,4686787.30,N,INSUFFICIENT_GATE2_DATA,INSUFFICIENT_DATA,yfinance,2026-05-27,2026-05-27,,v0_1_legacy_columns_preserved; non_turnaround_role_unchanged
SRE,Sempra,US,Utilities,Multi-Utilities,58.0,N,CORE,KEEP_CORE,METADATA_ONLY_AUDIT; large-cap metadata row without forced review marker,CORE,KEEP_CORE,NON_TURNAROUND_ROLE_UNCHANGED; Gate 3 metrics recorded for v0.4 evidence only; legacy_reason=METADATA_ONLY_AUDIT; large-cap metadata row without forced review marker,OBSERVATION_ONLY,N,FAIL,FAIL,FAIL,-8.5113,N,6.4257,N,94.3160,90.3444,Y,3315876.19,3677406.35,N,-8.5113,Y,Y,-1.2979,N,3315876.19,3418612.70,N,INSUFFICIENT_GATE2_DATA,INSUFFICIENT_DATA,yfinance,2026-05-27,2026-05-27,,v0_1_legacy_columns_preserved; non_turnaround_role_unchanged
TRGP,Targa Resources Corp.,US,Energy,Oil Gas & Consumable Fuels,58.0,N,CORE,KEEP_CORE,METADATA_ONLY_AUDIT; large-cap metadata row without forced review marker,CORE,KEEP_CORE,NON_TURNAROUND_ROLE_UNCHANGED; Gate 3 metrics recorded for v0.4 evidence only; legacy_reason=METADATA_ONLY_AUDIT; large-cap metadata row without forced review marker,OBSERVATION_ONLY,N,FAIL,FAIL,FAIL,-4.7335,N,55.2161,Y,250.2384,198.9728,Y,1222009.52,1402611.11,N,-4.7335,Y,Y,9.2669,Y,1222009.52,1396034.92,N,INSUFFICIENT_GATE2_DATA,INSUFFICIENT_DATA,yfinance,2026-05-27,2026-05-27,,v0_1_legacy_columns_preserved; non_turnaround_role_unchanged
PCAR,PACCAR Inc,US,Industrials,Machinery,58.0,N,CORE,KEEP_CORE,METADATA_ONLY_AUDIT; large-cap metadata row without forced review marker,CORE,KEEP_CORE,NON_TURNAROUND_ROLE_UNCHANGED; Gate 3 metrics recorded for v0.4 evidence only; legacy_reason=METADATA_ONLY_AUDIT; large-cap metadata row without forced review marker,OBSERVATION_ONLY,N,FAIL,FAIL,FAIL,-13.2993,N,9.5647,N,117.5428,110.6519,Y,2799600.00,3075885.71,N,-13.2993,Y,Y,-11.7453,N,2799600.00,2820504.76,N,INSUFFICIENT_GATE2_DATA,INSUFFICIENT_DATA,yfinance,2026-05-27,2026-05-27,,v0_1_legacy_columns_preserved; non_turnaround_role_unchanged
TFC,Truist Financial Corporation,US,Financials,Banks,58.0,N,CORE,KEEP_CORE,METADATA_ONLY_AUDIT; large-cap metadata row without forced review marker,CORE,KEEP_CORE,NON_TURNAROUND_ROLE_UNCHANGED; Gate 3 metrics recorded for v0.4 evidence only; legacy_reason=METADATA_ONLY_AUDIT; large-cap metadata row without forced review marker,OBSERVATION_ONLY,N,FAIL,FAIL,FAIL,-13.1697,N,10.5635,N,48.2230,47.5883,Y,6698333.33,8777507.14,N,-13.1697,Y,Y,-5.4070,N,6698333.33,8678936.51,N,INSUFFICIENT_GATE2_DATA,INSUFFICIENT_DATA,yfinance,2026-05-27,2026-05-27,,v0_1_legacy_columns_preserved; non_turnaround_role_unchanged
TEL,TE Connectivity plc,US,Information Technology,Electronic Components,58.0,N,CORE,KEEP_CORE,METADATA_ONLY_AUDIT; large-cap metadata row without forced review marker,CORE,KEEP_CORE,NON_TURNAROUND_ROLE_UNCHANGED; Gate 3 metrics recorded for v0.4 evidence only; legacy_reason=METADATA_ONLY_AUDIT; large-cap metadata row without forced review marker,OBSERVATION_ONLY,N,FAIL,FAIL,FAIL,-16.1647,N,6.5921,N,212.4588,220.9983,N,2780919.05,2315106.35,Y,-16.1647,N,N,-0.3675,N,2780919.05,2541949.21,Y,INSUFFICIENT_GATE2_DATA,INSUFFICIENT_DATA,yfinance,2026-05-27,2026-05-27,,v0_1_legacy_columns_preserved; non_turnaround_role_unchanged
KEYS,Keysight Technologies Inc.,US,Information Technology,Electronic Equipment,58.0,N,CORE,KEEP_CORE,METADATA_ONLY_AUDIT; large-cap metadata row without forced review marker,CORE,KEEP_CORE,NON_TURNAROUND_ROLE_UNCHANGED; Gate 3 metrics recorded for v0.4 evidence only; legacy_reason=METADATA_ONLY_AUDIT; large-cap metadata row without forced review marker,OBSERVATION_ONLY,N,FAIL,FAIL,FAIL,-5.1898,N,95.6717,Y,326.8772,232.2311,Y,1641909.52,1399578.57,Y,-5.1898,Y,Y,2.0579,N,1641909.52,1490904.76,Y,INSUFFICIENT_GATE2_DATA,INSUFFICIENT_DATA,yfinance,2026-05-27,2026-05-27,,v0_1_legacy_columns_preserved; non_turnaround_role_unchanged
LHX,L3Harris Technologies Inc.,US,Industrials,Aerospace & Defense,57.0,N,CORE,KEEP_CORE,METADATA_ONLY_AUDIT; large-cap metadata row without forced review marker,CORE,KEEP_CORE,NON_TURNAROUND_ROLE_UNCHANGED; Gate 3 metrics recorded for v0.4 evidence only; legacy_reason=METADATA_ONLY_AUDIT; large-cap metadata row without forced review marker,OBSERVATION_ONLY,N,FAIL,FAIL,FAIL,-18.3444,N,13.4878,N,332.5950,313.0256,Y,1394723.81,1382247.62,Y,-18.3444,N,Y,-3.5605,N,1394723.81,1416879.37,N,INSUFFICIENT_GATE2_DATA,INSUFFICIENT_DATA,yfinance,2026-05-27,2026-05-27,,v0_1_legacy_columns_preserved; non_turnaround_role_unchanged
FANG,Diamondback Energy Inc.,US,Energy,Oil Gas & Consumable Fuels,57.0,N,CORE,KEEP_CORE,METADATA_ONLY_AUDIT; large-cap metadata row without forced review marker,CORE,KEEP_CORE,NON_TURNAROUND_ROLE_UNCHANGED; Gate 3 metrics recorded for v0.4 evidence only; legacy_reason=METADATA_ONLY_AUDIT; large-cap metadata row without forced review marker,OBSERVATION_ONLY,N,FAIL,FAIL,FAIL,-9.7571,N,37.3015,Y,195.6402,162.6753,Y,2236852.38,2580402.38,N,-9.7571,Y,Y,-1.8226,N,2236852.38,3179920.63,N,INSUFFICIENT_GATE2_DATA,INSUFFICIENT_DATA,yfinance,2026-05-27,2026-05-27,,v0_1_legacy_columns_preserved; non_turnaround_role_unchanged
O,Realty Income Corporation,US,Real Estate,Retail REITs,57.0,N,CORE,KEEP_CORE,METADATA_ONLY_AUDIT; large-cap metadata row without forced review marker,CORE,KEEP_CORE,NON_TURNAROUND_ROLE_UNCHANGED; Gate 3 metrics recorded for v0.4 evidence only; legacy_reason=METADATA_ONLY_AUDIT; large-cap metadata row without forced review marker,OBSERVATION_ONLY,N,FAIL,FAIL,FAIL,-7.9485,N,11.1926,N,62.6112,60.5272,Y,5590328.57,6175285.71,N,-7.9485,Y,Y,-0.8924,N,5590328.57,5838255.56,N,INSUFFICIENT_GATE2_DATA,INSUFFICIENT_DATA,yfinance,2026-05-27,2026-05-27,,v0_1_legacy_columns_preserved; non_turnaround_role_unchanged
DVN,Devon Energy Corporation,US,Energy,Oil Gas & Consumable Fuels,57.0,N,CORE,KEEP_CORE,METADATA_ONLY_AUDIT; large-cap metadata row without forced review marker,CORE,KEEP_CORE,NON_TURNAROUND_ROLE_UNCHANGED; Gate 3 metrics recorded for v0.4 evidence only; legacy_reason=METADATA_ONLY_AUDIT; large-cap metadata row without forced review marker,OBSERVATION_ONLY,N,FAIL,FAIL,FAIL,-14.9798,N,28.4305,Y,48.1878,39.8190,Y,15461357.14,12656205.56,Y,-14.9798,Y,Y,-8.1535,N,15461357.14,15664617.46,N,INSUFFICIENT_GATE2_DATA,INSUFFICIENT_DATA,yfinance,2026-05-27,2026-05-27,,v0_1_legacy_columns_preserved; non_turnaround_role_unchanged
ALL,The Allstate Corporation,US,Financials,Insurance,56.0,N,CORE,KEEP_CORE,METADATA_ONLY_AUDIT; large-cap metadata row without forced review marker,CORE,KEEP_CORE,NON_TURNAROUND_ROLE_UNCHANGED; Gate 3 metrics recorded for v0.4 evidence only; legacy_reason=METADATA_ONLY_AUDIT; large-cap metadata row without forced review marker,OBSERVATION_ONLY,N,FAIL,FAIL,FAIL,-7.0042,N,8.6176,N,212.9106,206.8986,Y,1724147.62,1611660.32,Y,-7.0042,Y,Y,-2.4977,N,1724147.62,1476401.59,Y,INSUFFICIENT_GATE2_DATA,INSUFFICIENT_DATA,yfinance,2026-05-27,2026-05-27,,v0_1_legacy_columns_preserved; non_turnaround_role_unchanged
TGT,Target Corporation,US,Consumer Staples,Consumer Staples Distribution,56.0,Y,HIGH_RISK_REVIEW,REVIEW_BEFORE_SCORING,TURNAROUND_IN_PROGRESS; METADATA_ONLY_AUDIT; turnaround flag prevents core classification,GATE3_FAIL_REVIEW,REVIEW_BEFORE_SCORING,"Gate3 FAIL; no recovery/continuation signal; preprocessing review only, not EXCLUDE; metadata_role=CORE; recovery=FAIL; continuation=FAIL",RECOVERY,Y,FAIL,FAIL,FAIL,-2.8539,N,51.7980,Y,123.3136,105.2787,Y,5943661.90,6267587.30,N,-2.8539,N,Y,-1.0715,N,5943661.90,5868414.29,Y,INSUFFICIENT_GATE2_DATA,INSUFFICIENT_DATA,yfinance,2026-05-27,2026-05-27,,v0_1_legacy_columns_preserved; turnaround_gate3_recovery_applied; role_changed:HIGH_RISK_REVIEW->GATE3_FAIL_REVIEW
AZO,AutoZone Inc.,US,Consumer Discretionary,Specialty Retail,55.0,N,CORE,KEEP_CORE,METADATA_ONLY_AUDIT; large-cap metadata row without forced review marker,CORE,KEEP_CORE,NON_TURNAROUND_ROLE_UNCHANGED; Gate 3 metrics recorded for v0.4 evidence only; legacy_reason=METADATA_ONLY_AUDIT; large-cap metadata row without forced review marker,OBSERVATION_ONLY,N,FAIL,FAIL,FAIL,-30.4753,Y,0.0000,N,3443.7564,3730.1786,N,303538.10,188045.24,Y,-30.4753,N,N,-15.0124,N,303538.10,212114.29,Y,INSUFFICIENT_GATE2_DATA,INSUFFICIENT_DATA,yfinance,2026-05-27,2026-05-27,,v0_1_legacy_columns_preserved; non_turnaround_role_unchanged
CTVA,Corteva Inc.,US,Materials,Chemicals,54.0,N,CORE,KEEP_CORE,METADATA_ONLY_AUDIT; large-cap metadata row without forced review marker,CORE,KEEP_CORE,NON_TURNAROUND_ROLE_UNCHANGED; Gate 3 metrics recorded for v0.4 evidence only; legacy_reason=METADATA_ONLY_AUDIT; large-cap metadata row without forced review marker,OBSERVATION_ONLY,N,FAIL,FAIL,FAIL,-6.5177,N,22.7378,Y,81.2664,72.4559,Y,3591047.62,3832107.14,N,-6.5177,Y,Y,0.5918,N,3591047.62,3831576.19,N,INSUFFICIENT_GATE2_DATA,INSUFFICIENT_DATA,yfinance,2026-05-27,2026-05-27,,v0_1_legacy_columns_preserved; non_turnaround_role_unchanged
CARR,Carrier Global Corporation,US,Industrials,Building Products,53.0,N,CORE,KEEP_CORE,METADATA_ONLY_AUDIT; large-cap metadata row without forced review marker,CORE,KEEP_CORE,NON_TURNAROUND_ROLE_UNCHANGED; Gate 3 metrics recorded for v0.4 evidence only; legacy_reason=METADATA_ONLY_AUDIT; large-cap metadata row without forced review marker,OBSERVATION_ONLY,N,FAIL,FAIL,FAIL,-20.0917,Y,24.6570,Y,61.4858,59.4989,Y,6560185.71,7246078.57,N,-20.0917,N,Y,4.1996,Y,6560185.71,6643076.19,N,INSUFFICIENT_GATE2_DATA,INSUFFICIENT_DATA,yfinance,2026-05-27,2026-05-27,,v0_1_legacy_columns_preserved; non_turnaround_role_unchanged
AJG,Arthur J. Gallagher & Co.,US,Financials,Insurance,53.0,N,CORE,KEEP_CORE,METADATA_ONLY_AUDIT; large-cap metadata row without forced review marker,CORE,KEEP_CORE,NON_TURNAROUND_ROLE_UNCHANGED; Gate 3 metrics recorded for v0.4 evidence only; legacy_reason=METADATA_ONLY_AUDIT; large-cap metadata row without forced review marker,OBSERVATION_ONLY,N,FAIL,FAIL,FAIL,-41.8385,Y,5.6510,N,211.2388,250.0906,N,1953266.67,2085770.63,N,-41.8385,N,N,-5.6775,N,1953266.67,2025828.57,N,INSUFFICIENT_GATE2_DATA,INSUFFICIENT_DATA,yfinance,2026-05-27,2026-05-27,,v0_1_legacy_columns_preserved; non_turnaround_role_unchanged
MET,MetLife Inc.,US,Financials,Insurance,52.0,N,CORE,KEEP_CORE,METADATA_ONLY_AUDIT; large-cap metadata row without forced review marker,CORE,KEEP_CORE,NON_TURNAROUND_ROLE_UNCHANGED; Gate 3 metrics recorded for v0.4 evidence only; legacy_reason=METADATA_ONLY_AUDIT; large-cap metadata row without forced review marker,OBSERVATION_ONLY,N,FAIL,FAIL,FAIL,-1.3049,N,22.8951,Y,76.0518,77.7288,N,3269047.62,3638750.00,N,-1.3049,N,N,7.1199,Y,3269047.62,3663142.86,N,INSUFFICIENT_GATE2_DATA,INSUFFICIENT_DATA,yfinance,2026-05-27,2026-05-27,,v0_1_legacy_columns_preserved; non_turnaround_role_unchanged
NDAQ,Nasdaq Inc.,US,Financials,Capital Markets,52.0,N,CORE,KEEP_CORE,METADATA_ONLY_AUDIT; large-cap metadata row without forced review marker,CORE,KEEP_CORE,NON_TURNAROUND_ROLE_UNCHANGED; Gate 3 metrics recorded for v0.4 evidence only; legacy_reason=METADATA_ONLY_AUDIT; large-cap metadata row without forced review marker,OBSERVATION_ONLY,N,FAIL,FAIL,FAIL,-10.3486,N,14.5804,N,88.0598,90.1980,N,3056223.81,3876841.27,N,-10.3486,Y,N,0.1106,N,3056223.81,3320420.63,N,INSUFFICIENT_GATE2_DATA,INSUFFICIENT_DATA,yfinance,2026-05-27,2026-05-27,,v0_1_legacy_columns_preserved; non_turnaround_role_unchanged
PSA,Public Storage,US,Real Estate,Specialized REITs,52.0,N,CORE,KEEP_CORE,METADATA_ONLY_AUDIT; large-cap metadata row without forced review marker,CORE,KEEP_CORE,NON_TURNAROUND_ROLE_UNCHANGED; Gate 3 metrics recorded for v0.4 evidence only; legacy_reason=METADATA_ONLY_AUDIT; large-cap metadata row without forced review marker,OBSERVATION_ONLY,N,FAIL,FAIL,FAIL,-1.7234,N,18.7084,Y,293.9688,287.2409,Y,898133.33,1158934.92,N,-1.7234,N,Y,0.4288,N,898133.33,1108493.65,N,INSUFFICIENT_GATE2_DATA,INSUFFICIENT_DATA,yfinance,2026-05-27,2026-05-27,,v0_1_legacy_columns_preserved; non_turnaround_role_unchanged
F,Ford Motor Company,US,Consumer Discretionary,Automobiles,51.0,Y,HIGH_RISK_REVIEW,REVIEW_BEFORE_SCORING,TURNAROUND_IN_PROGRESS; METADATA_ONLY_AUDIT; turnaround flag prevents core classification,GATE3_FAIL_REVIEW,REVIEW_BEFORE_SCORING,"Gate3 FAIL; no recovery/continuation signal; preprocessing review only, not EXCLUDE; metadata_role=CORE; recovery=FAIL; continuation=FAIL",RECOVERY,Y,FAIL,FAIL,FAIL,0.0000,N,41.6592,Y,12.4484,12.7112,N,74625195.24,58540190.48,Y,0.0000,N,N,27.1417,Y,74625195.24,57963969.84,Y,INSUFFICIENT_GATE2_DATA,INSUFFICIENT_DATA,yfinance,2026-05-27,2026-05-27,,v0_1_legacy_columns_preserved; turnaround_gate3_recovery_applied; role_changed:HIGH_RISK_REVIEW->GATE3_FAIL_REVIEW
AME,AMETEK Inc.,US,Industrials,Electrical Equipment,51.0,N,CORE,KEEP_CORE,METADATA_ONLY_AUDIT; large-cap metadata row without forced review marker,CORE,KEEP_CORE,NON_TURNAROUND_ROLE_UNCHANGED; Gate 3 metrics recorded for v0.4 evidence only; legacy_reason=METADATA_ONLY_AUDIT; large-cap metadata row without forced review marker,OBSERVATION_ONLY,N,FAIL,FAIL,FAIL,-6.2453,N,15.9615,Y,226.0634,208.4131,Y,1399190.48,1337614.29,Y,-6.2453,Y,Y,-2.8287,N,1399190.48,1313376.19,Y,INSUFFICIENT_GATE2_DATA,INSUFFICIENT_DATA,yfinance,2026-05-27,2026-05-27,,v0_1_legacy_columns_preserved; non_turnaround_role_unchanged
NUE,Nucor Corporation,US,Materials,Metals & Mining,51.0,N,CORE,KEEP_CORE,METADATA_ONLY_AUDIT; large-cap metadata row without forced review marker,CORE,KEEP_CORE,NON_TURNAROUND_ROLE_UNCHANGED; Gate 3 metrics recorded for v0.4 evidence only; legacy_reason=METADATA_ONLY_AUDIT; large-cap metadata row without forced review marker,OBSERVATION_ONLY,N,FAIL,FAIL,FAIL,0.0000,N,60.4100,Y,201.5788,168.3016,Y,1462342.86,1588646.83,N,0.0000,N,Y,14.6372,Y,1462342.86,1467536.51,N,INSUFFICIENT_GATE2_DATA,INSUFFICIENT_DATA,yfinance,2026-05-27,2026-05-27,,v0_1_legacy_columns_preserved; non_turnaround_role_unchanged
ADSK,Autodesk Inc.,US,Information Technology,Software,51.0,N,CORE,KEEP_CORE,METADATA_ONLY_AUDIT; large-cap metadata row without forced review marker,CORE,KEEP_CORE,NON_TURNAROUND_ROLE_UNCHANGED; Gate 3 metrics recorded for v0.4 evidence only; legacy_reason=METADATA_ONLY_AUDIT; large-cap metadata row without forced review marker,OBSERVATION_ONLY,N,FAIL,FAIL,FAIL,-27.4764,Y,8.4916,N,239.3548,275.4387,N,1850271.43,2007075.40,N,-27.4764,N,N,0.8382,N,1850271.43,2037255.56,N,INSUFFICIENT_GATE2_DATA,INSUFFICIENT_DATA,yfinance,2026-05-27,2026-05-27,,v0_1_legacy_columns_preserved; non_turnaround_role_unchanged
COR,Cencora Inc.,US,Health Care,Health Care Providers,50.0,N,CORE,KEEP_CORE,METADATA_ONLY_AUDIT; large-cap metadata row without forced review marker,CORE,KEEP_CORE,NON_TURNAROUND_ROLE_UNCHANGED; Gate 3 metrics recorded for v0.4 evidence only; legacy_reason=METADATA_ONLY_AUDIT; large-cap metadata row without forced review marker,OBSERVATION_ONLY,N,FAIL,FAIL,FAIL,-28.7498,Y,5.6461,N,301.1814,326.3544,N,2293395.24,1524392.06,Y,-28.7498,N,N,-13.9122,N,2293395.24,1711985.71,Y,INSUFFICIENT_GATE2_DATA,INSUFFICIENT_DATA,yfinance,2026-05-27,2026-05-27,,v0_1_legacy_columns_preserved; non_turnaround_role_unchanged
EBAY,eBay Inc.,US,Consumer Discretionary,Broadline Retail,50.0,N,CORE,KEEP_CORE,METADATA_ONLY_AUDIT; large-cap metadata row without forced review marker,CORE,KEEP_CORE,NON_TURNAROUND_ROLE_UNCHANGED; Gate 3 metrics recorded for v0.4 evidence only; legacy_reason=METADATA_ONLY_AUDIT; large-cap metadata row without forced review marker,OBSERVATION_ONLY,N,FAIL,INSUFFICIENT_DATA,MANUAL_REVIEW,-7.2293,N,38.9749,Y,101.9880,92.5284,Y,7094161.90,5287283.33,Y,-7.2293,Y,Y,10.0409,Y,7094161.90,5643087.30,Y,INSUFFICIENT_GATE2_DATA,INSUFFICIENT_DATA,yfinance,2026-05-27,2026-05-27,,v0_1_legacy_columns_preserved; non_turnaround_role_unchanged
FAST,Fastenal Company,US,Industrials,Trading Companies,50.0,N,CORE,KEEP_CORE,METADATA_ONLY_AUDIT; large-cap metadata row without forced review marker,CORE,KEEP_CORE,NON_TURNAROUND_ROLE_UNCHANGED; Gate 3 metrics recorded for v0.4 evidence only; legacy_reason=METADATA_ONLY_AUDIT; large-cap metadata row without forced review marker,OBSERVATION_ONLY,N,FAIL,FAIL,FAIL,-11.0538,N,13.2104,N,44.9910,44.6829,Y,6664242.86,7867475.40,N,-11.0538,Y,Y,-1.0159,N,6664242.86,7485195.24,N,INSUFFICIENT_GATE2_DATA,INSUFFICIENT_DATA,yfinance,2026-05-27,2026-05-27,,v0_1_legacy_columns_preserved; non_turnaround_role_unchanged
EA,Electronic Arts Inc.,US,Communication Services,Entertainment,50.0,N,CORE,KEEP_CORE,METADATA_ONLY_AUDIT; large-cap metadata row without forced review marker,CORE,KEEP_CORE,NON_TURNAROUND_ROLE_UNCHANGED; Gate 3 metrics recorded for v0.4 evidence only; legacy_reason=METADATA_ONLY_AUDIT; large-cap metadata row without forced review marker,OBSERVATION_ONLY,N,FAIL,FAIL,FAIL,-2.0069,N,1.9508,N,202.0182,196.9129,Y,1824661.90,2171796.83,N,-2.0069,N,Y,-0.8743,N,1824661.90,1989131.75,N,INSUFFICIENT_GATE2_DATA,INSUFFICIENT_DATA,yfinance,2026-05-27,2026-05-27,,v0_1_legacy_columns_preserved; non_turnaround_role_unchanged
TER,Teradyne Inc.,US,Information Technology,Semiconductor Equipment,50.0,N,CORE,KEEP_CORE,METADATA_ONLY_AUDIT; large-cap metadata row without forced review marker,CORE,KEEP_CORE,NON_TURNAROUND_ROLE_UNCHANGED; Gate 3 metrics recorded for v0.4 evidence only; legacy_reason=METADATA_ONLY_AUDIT; large-cap metadata row without forced review marker,OBSERVATION_ONLY,N,FAIL,FAIL,FAIL,-10.1057,N,126.4445,Y,345.5058,231.1925,Y,4419000.00,3416215.87,Y,-10.1057,Y,Y,-6.5100,N,4419000.00,3591138.10,Y,INSUFFICIENT_GATE2_DATA,INSUFFICIENT_DATA,yfinance,2026-05-27,2026-05-27,,v0_1_legacy_columns_preserved; non_turnaround_role_unchanged
MCHP,Microchip Technology Incorporated,US,Information Technology,Semiconductors,50.0,N,CORE,KEEP_CORE,METADATA_ONLY_AUDIT; large-cap metadata row without forced review marker,CORE,KEEP_CORE,NON_TURNAROUND_ROLE_UNCHANGED; Gate 3 metrics recorded for v0.4 evidence only; legacy_reason=METADATA_ONLY_AUDIT; large-cap metadata row without forced review marker,OBSERVATION_ONLY,N,FAIL,INSUFFICIENT_DATA,MANUAL_REVIEW,-5.8978,N,88.9756,Y,81.4138,70.2609,Y,11657195.24,9525596.83,Y,-5.8978,Y,Y,11.5269,Y,11657195.24,9944644.44,Y,INSUFFICIENT_GATE2_DATA,INSUFFICIENT_DATA,yfinance,2026-05-27,2026-05-27,,v0_1_legacy_columns_preserved; non_turnaround_role_unchanged
ETR,Entergy Corporation,US,Utilities,Electric Utilities,50.0,N,CORE,KEEP_CORE,METADATA_ONLY_AUDIT; large-cap metadata row without forced review marker,CORE,KEEP_CORE,NON_TURNAROUND_ROLE_UNCHANGED; Gate 3 metrics recorded for v0.4 evidence only; legacy_reason=METADATA_ONLY_AUDIT; large-cap metadata row without forced review marker,OBSERVATION_ONLY,N,FAIL,FAIL,FAIL,-5.4279,N,22.2831,Y,111.7706,99.2833,Y,4171419.05,2988306.35,Y,-5.4279,Y,Y,-1.7013,N,4171419.05,3288542.86,Y,INSUFFICIENT_GATE2_DATA,INSUFFICIENT_DATA,yfinance,2026-05-27,2026-05-27,,v0_1_legacy_columns_preserved; non_turnaround_role_unchanged
COIN,Coinbase Global Inc.,US,Financials,Capital Markets,49.0,N,EXTENDED,KEEP_EXTENDED,MARKET_CAP_BELOW_THRESHOLD; METADATA_ONLY_AUDIT; below core threshold but retained for extended monitoring,EXTENDED,KEEP_EXTENDED,NON_TURNAROUND_ROLE_UNCHANGED; Gate 3 metrics recorded for v0.4 evidence only; legacy_reason=MARKET_CAP_BELOW_THRESHOLD; METADATA_ONLY_AUDIT; below core threshold but retained for extended monitoring,OBSERVATION_ONLY,N,FAIL,FAIL,FAIL,-58.6021,Y,23.1696,Y,190.1772,249.7859,N,9581400.00,10730170.63,N,-58.6021,N,N,-11.6433,N,9581400.00,10865380.95,N,INSUFFICIENT_GATE2_DATA,INSUFFICIENT_DATA,yfinance,2026-05-27,2026-05-27,,v0_1_legacy_columns_preserved; non_turnaround_role_unchanged
XEL,Xcel Energy Inc.,US,Utilities,Electric Utilities,48.0,N,EXTENDED,KEEP_EXTENDED,MARKET_CAP_BELOW_THRESHOLD; METADATA_ONLY_AUDIT; below core threshold but retained for extended monitoring,EXTENDED,KEEP_EXTENDED,NON_TURNAROUND_ROLE_UNCHANGED; Gate 3 metrics recorded for v0.4 evidence only; legacy_reason=MARKET_CAP_BELOW_THRESHOLD; METADATA_ONLY_AUDIT; below core threshold but retained for extended monitoring,OBSERVATION_ONLY,N,FAIL,FAIL,FAIL,-3.4680,N,11.4628,N,79.9100,78.0400,Y,5249747.62,5051819.84,Y,-3.4680,Y,Y,2.0023,N,5249747.62,4699639.68,Y,INSUFFICIENT_GATE2_DATA,INSUFFICIENT_DATA,yfinance,2026-05-27,2026-05-27,,v0_1_legacy_columns_preserved; non_turnaround_role_unchanged
ROK,Rockwell Automation Inc.,US,Industrials,Electrical Equipment,48.0,N,EXTENDED,KEEP_EXTENDED,MARKET_CAP_BELOW_THRESHOLD; METADATA_ONLY_AUDIT; below core threshold but retained for extended monitoring,EXTENDED,KEEP_EXTENDED,NON_TURNAROUND_ROLE_UNCHANGED; Gate 3 metrics recorded for v0.4 evidence only; legacy_reason=MARKET_CAP_BELOW_THRESHOLD; METADATA_ONLY_AUDIT; below core threshold but retained for extended monitoring,OBSERVATION_ONLY,N,FAIL,FAIL,FAIL,-0.7119,N,30.8657,Y,404.6508,384.1772,Y,815161.90,891871.43,N,-0.7119,N,Y,12.0810,Y,815161.90,846598.41,N,INSUFFICIENT_GATE2_DATA,INSUFFICIENT_DATA,yfinance,2026-05-27,2026-05-27,,v0_1_legacy_columns_preserved; non_turnaround_role_unchanged
EW,Edwards Lifesciences Corporation,US,Health Care,Health Care Equipment,47.0,N,EXTENDED,KEEP_EXTENDED,MARKET_CAP_BELOW_THRESHOLD; METADATA_ONLY_AUDIT; below core threshold but retained for extended monitoring,EXTENDED,KEEP_EXTENDED,NON_TURNAROUND_ROLE_UNCHANGED; Gate 3 metrics recorded for v0.4 evidence only; legacy_reason=MARKET_CAP_BELOW_THRESHOLD; METADATA_ONLY_AUDIT; below core threshold but retained for extended monitoring,OBSERVATION_ONLY,N,FAIL,FAIL,FAIL,-1.1766,N,14.0240,N,81.6316,81.4182,Y,4770733.33,4433526.98,Y,-1.1766,N,Y,3.6544,Y,4770733.33,4971033.33,N,INSUFFICIENT_GATE2_DATA,INSUFFICIENT_DATA,yfinance,2026-05-27,2026-05-27,,v0_1_legacy_columns_preserved; non_turnaround_role_unchanged
CAH,Cardinal Health Inc.,US,Health Care,Health Care Providers,46.0,N,EXTENDED,KEEP_EXTENDED,MARKET_CAP_BELOW_THRESHOLD; METADATA_ONLY_AUDIT; below core threshold but retained for extended monitoring,EXTENDED,KEEP_EXTENDED,NON_TURNAROUND_ROLE_UNCHANGED; Gate 3 metrics recorded for v0.4 evidence only; legacy_reason=MARKET_CAP_BELOW_THRESHOLD; METADATA_ONLY_AUDIT; below core threshold but retained for extended monitoring,OBSERVATION_ONLY,N,FAIL,FAIL,FAIL,-13.0677,N,9.5014,N,203.7246,192.3966,Y,2508714.29,1931507.94,Y,-13.0677,Y,Y,-1.2355,N,2508714.29,1994379.37,Y,INSUFFICIENT_GATE2_DATA,INSUFFICIENT_DATA,yfinance,2026-05-27,2026-05-27,,v0_1_legacy_columns_preserved; non_turnaround_role_unchanged
VST,Vistra Corp.,US,Utilities,Independent Power Producers,46.0,N,EXTENDED,KEEP_EXTENDED,MARKET_CAP_BELOW_THRESHOLD; METADATA_ONLY_AUDIT; below core threshold but retained for extended monitoring,EXTENDED,KEEP_EXTENDED,NON_TURNAROUND_ROLE_UNCHANGED; Gate 3 metrics recorded for v0.4 evidence only; legacy_reason=MARKET_CAP_BELOW_THRESHOLD; METADATA_ONLY_AUDIT; below core threshold but retained for extended monitoring,OBSERVATION_ONLY,N,FAIL,FAIL,FAIL,-26.5097,Y,18.8850,Y,154.6564,173.6854,N,5922852.38,5026447.62,Y,-26.5097,N,N,-3.8600,N,5922852.38,4813384.13,Y,INSUFFICIENT_GATE2_DATA,INSUFFICIENT_DATA,yfinance,2026-05-27,2026-05-27,,v0_1_legacy_columns_preserved; non_turnaround_role_unchanged
DAL,Delta Air Lines Inc.,US,Industrials,Passenger Airlines,45.0,N,EXTENDED,KEEP_EXTENDED,MARKET_CAP_BELOW_THRESHOLD; METADATA_ONLY_AUDIT; below core threshold but retained for extended monitoring,EXTENDED,KEEP_EXTENDED,NON_TURNAROUND_ROLE_UNCHANGED; Gate 3 metrics recorded for v0.4 evidence only; legacy_reason=MARKET_CAP_BELOW_THRESHOLD; METADATA_ONLY_AUDIT; below core threshold but retained for extended monitoring,OBSERVATION_ONLY,N,FAIL,FAIL,FAIL,0.0000,N,41.1805,Y,69.3072,64.9836,Y,7660966.67,9743957.14,N,0.0000,N,Y,19.9414,Y,7660966.67,11544136.51,N,INSUFFICIENT_GATE2_DATA,INSUFFICIENT_DATA,yfinance,2026-05-27,2026-05-27,,v0_1_legacy_columns_preserved; non_turnaround_role_unchanged
EXC,Exelon Corporation,US,Utilities,Electric Utilities,44.0,N,EXTENDED,KEEP_EXTENDED,MARKET_CAP_BELOW_THRESHOLD; METADATA_ONLY_AUDIT; below core threshold but retained for extended monitoring,EXTENDED,KEEP_EXTENDED,NON_TURNAROUND_ROLE_UNCHANGED; Gate 3 metrics recorded for v0.4 evidence only; legacy_reason=MARKET_CAP_BELOW_THRESHOLD; METADATA_ONLY_AUDIT; below core threshold but retained for extended monitoring,OBSERVATION_ONLY,N,FAIL,FAIL,FAIL,-8.1527,N,7.6690,N,46.8670,45.7678,Y,8393614.29,8247792.06,Y,-8.1527,Y,Y,-0.8586,N,8393614.29,8524871.43,N,INSUFFICIENT_GATE2_DATA,INSUFFICIENT_DATA,yfinance,2026-05-27,2026-05-27,,v0_1_legacy_columns_preserved; non_turnaround_role_unchanged
TTWO,Take-Two Interactive Software Inc.,US,Communication Services,Entertainment,44.0,N,EXTENDED,KEEP_EXTENDED,MARKET_CAP_BELOW_THRESHOLD; METADATA_ONLY_AUDIT; below core threshold but retained for extended monitoring,EXTENDED,KEEP_EXTENDED,NON_TURNAROUND_ROLE_UNCHANGED; Gate 3 metrics recorded for v0.4 evidence only; legacy_reason=MARKET_CAP_BELOW_THRESHOLD; METADATA_ONLY_AUDIT; below core threshold but retained for extended monitoring,OBSERVATION_ONLY,N,FAIL,FAIL,FAIL,-16.7105,N,15.1669,Y,213.0192,231.8620,N,2279819.05,1974946.83,Y,-16.7105,N,N,2.1939,N,2279819.05,1953796.83,Y,INSUFFICIENT_GATE2_DATA,INSUFFICIENT_DATA,yfinance,2026-05-27,2026-05-27,,v0_1_legacy_columns_preserved; non_turnaround_role_unchanged
WAB,Wabtec Corporation,US,Industrials,Machinery,44.0,N,EXTENDED,KEEP_EXTENDED,MARKET_CAP_BELOW_THRESHOLD; METADATA_ONLY_AUDIT; below core threshold but retained for extended monitoring,EXTENDED,KEEP_EXTENDED,NON_TURNAROUND_ROLE_UNCHANGED; Gate 3 metrics recorded for v0.4 evidence only; legacy_reason=MARKET_CAP_BELOW_THRESHOLD; METADATA_ONLY_AUDIT; below core threshold but retained for extended monitoring,OBSERVATION_ONLY,N,FAIL,FAIL,FAIL,-3.7388,N,30.3985,Y,258.3534,225.4363,Y,922671.43,892861.11,Y,-3.7388,Y,Y,-2.3988,N,922671.43,979046.03,N,INSUFFICIENT_GATE2_DATA,INSUFFICIENT_DATA,yfinance,2026-05-27,2026-05-27,,v0_1_legacy_columns_preserved; non_turnaround_role_unchanged
HPE,Hewlett Packard Enterprise Company,US,Information Technology,Technology Hardware,43.0,N,EXTENDED,KEEP_EXTENDED,MARKET_CAP_BELOW_THRESHOLD; METADATA_ONLY_AUDIT; below core threshold but retained for extended monitoring,EXTENDED,KEEP_EXTENDED,NON_TURNAROUND_ROLE_UNCHANGED; Gate 3 metrics recorded for v0.4 evidence only; legacy_reason=MARKET_CAP_BELOW_THRESHOLD; METADATA_ONLY_AUDIT; below core threshold but retained for extended monitoring,OBSERVATION_ONLY,N,FAIL,FAIL,FAIL,-2.2596,N,86.0000,Y,27.8666,24.1759,Y,16277800.00,18967550.79,N,-2.2596,N,Y,29.9790,Y,16277800.00,17689780.95,N,INSUFFICIENT_GATE2_DATA,INSUFFICIENT_DATA,yfinance,2026-05-27,2026-05-27,,v0_1_legacy_columns_preserved; non_turnaround_role_unchanged
GRMN,Garmin Ltd.,US,Consumer Discretionary,Household Durables,43.0,N,EXTENDED,KEEP_EXTENDED,MARKET_CAP_BELOW_THRESHOLD; METADATA_ONLY_AUDIT; below core threshold but retained for extended monitoring,EXTENDED,KEEP_EXTENDED,NON_TURNAROUND_ROLE_UNCHANGED; Gate 3 metrics recorded for v0.4 evidence only; legacy_reason=MARKET_CAP_BELOW_THRESHOLD; METADATA_ONLY_AUDIT; below core threshold but retained for extended monitoring,OBSERVATION_ONLY,N,FAIL,FAIL,FAIL,-11.0459,N,23.6850,Y,244.4676,228.6051,Y,812595.24,927415.87,N,-11.0459,Y,Y,-7.5234,N,812595.24,805676.19,Y,INSUFFICIENT_GATE2_DATA,INSUFFICIENT_DATA,yfinance,2026-05-27,2026-05-27,,v0_1_legacy_columns_preserved; non_turnaround_role_unchanged
FITB,Fifth Third Bancorp,US,Financials,Banks,43.0,N,EXTENDED,KEEP_EXTENDED,MARKET_CAP_BELOW_THRESHOLD; METADATA_ONLY_AUDIT; below core threshold but retained for extended monitoring,EXTENDED,KEEP_EXTENDED,NON_TURNAROUND_ROLE_UNCHANGED; Gate 3 metrics recorded for v0.4 evidence only; legacy_reason=MARKET_CAP_BELOW_THRESHOLD; METADATA_ONLY_AUDIT; below core threshold but retained for extended monitoring,OBSERVATION_ONLY,N,FAIL,FAIL,FAIL,-9.4227,N,17.8597,Y,48.3658,46.7847,Y,5339538.10,9265207.14,N,-9.4227,Y,Y,-0.8742,N,5339538.10,7962812.70,N,INSUFFICIENT_GATE2_DATA,INSUFFICIENT_DATA,yfinance,2026-05-27,2026-05-27,,v0_1_legacy_columns_preserved; non_turnaround_role_unchanged
CMG,Chipotle Mexican Grill Inc.,US,Consumer Discretionary,Hotels Restaurants,43.0,N,EXTENDED,KEEP_EXTENDED,MARKET_CAP_BELOW_THRESHOLD; METADATA_ONLY_AUDIT; below core threshold but retained for extended monitoring,EXTENDED,KEEP_EXTENDED,NON_TURNAROUND_ROLE_UNCHANGED; Gate 3 metrics recorded for v0.4 evidence only; legacy_reason=MARKET_CAP_BELOW_THRESHOLD; METADATA_ONLY_AUDIT; below core threshold but retained for extended monitoring,OBSERVATION_ONLY,N,FAIL,FAIL,FAIL,-43.8702,Y,5.9300,N,33.2912,36.7842,N,17685057.14,17179782.54,Y,-43.8702,N,N,-2.8240,N,17685057.14,15988177.78,Y,INSUFFICIENT_GATE2_DATA,INSUFFICIENT_DATA,yfinance,2026-05-27,2026-05-27,,v0_1_legacy_columns_preserved; non_turnaround_role_unchanged
VTR,Ventas Inc.,US,Real Estate,Health Care REITs,43.0,N,EXTENDED,KEEP_EXTENDED,MARKET_CAP_BELOW_THRESHOLD; METADATA_ONLY_AUDIT; below core threshold but retained for extended monitoring,EXTENDED,KEEP_EXTENDED,NON_TURNAROUND_ROLE_UNCHANGED; Gate 3 metrics recorded for v0.4 evidence only; legacy_reason=MARKET_CAP_BELOW_THRESHOLD; METADATA_ONLY_AUDIT; below core threshold but retained for extended monitoring,OBSERVATION_ONLY,N,FAIL,FAIL,FAIL,-2.5457,N,17.5567,Y,85.4948,78.1729,Y,5138552.38,3484453.17,Y,-2.5457,N,Y,3.9551,Y,5138552.38,3951406.35,Y,INSUFFICIENT_GATE2_DATA,INSUFFICIENT_DATA,yfinance,2026-05-27,2026-05-27,,v0_1_legacy_columns_preserved; non_turnaround_role_unchanged
IDXX,IDEXX Laboratories Inc.,US,Health Care,Health Care Equipment,43.0,N,EXTENDED,KEEP_EXTENDED,MARKET_CAP_BELOW_THRESHOLD; METADATA_ONLY_AUDIT; below core threshold but retained for extended monitoring,EXTENDED,KEEP_EXTENDED,NON_TURNAROUND_ROLE_UNCHANGED; Gate 3 metrics recorded for v0.4 evidence only; legacy_reason=MARKET_CAP_BELOW_THRESHOLD; METADATA_ONLY_AUDIT; below core threshold but retained for extended monitoring,OBSERVATION_ONLY,N,FAIL,FAIL,FAIL,-28.1330,Y,4.2199,N,565.2624,639.1179,N,624890.48,540895.24,Y,-28.1330,N,N,-4.1673,N,624890.48,558631.75,Y,INSUFFICIENT_GATE2_DATA,INSUFFICIENT_DATA,yfinance,2026-05-27,2026-05-27,,v0_1_legacy_columns_preserved; non_turnaround_role_unchanged
ON,ON Semiconductor Corporation,US,Information Technology,Semiconductors,42.0,N,EXTENDED,KEEP_EXTENDED,MARKET_CAP_BELOW_THRESHOLD; METADATA_ONLY_AUDIT; below core threshold but retained for extended monitoring,EXTENDED,KEEP_EXTENDED,NON_TURNAROUND_ROLE_UNCHANGED; Gate 3 metrics recorded for v0.4 evidence only; legacy_reason=MARKET_CAP_BELOW_THRESHOLD; METADATA_ONLY_AUDIT; below core threshold but retained for extended monitoring,OBSERVATION_ONLY,N,FAIL,FAIL,FAIL,-1.6614,N,163.5366,Y,86.5124,62.8482,Y,13401423.81,9729322.22,Y,-1.6614,N,Y,27.3868,Y,13401423.81,10204968.25,Y,INSUFFICIENT_GATE2_DATA,INSUFFICIENT_DATA,yfinance,2026-05-27,2026-05-27,,v0_1_legacy_columns_preserved; non_turnaround_role_unchanged
STT,State Street Corporation,US,Financials,Capital Markets,42.0,N,EXTENDED,KEEP_EXTENDED,MARKET_CAP_BELOW_THRESHOLD; METADATA_ONLY_AUDIT; below core threshold but retained for extended monitoring,EXTENDED,KEEP_EXTENDED,NON_TURNAROUND_ROLE_UNCHANGED; Gate 3 metrics recorded for v0.4 evidence only; legacy_reason=MARKET_CAP_BELOW_THRESHOLD; METADATA_ONLY_AUDIT; below core threshold but retained for extended monitoring,OBSERVATION_ONLY,N,FAIL,FAIL,FAIL,-0.3785,N,37.2024,Y,142.2832,126.4557,Y,1856042.86,2093305.56,N,-0.3785,N,Y,2.5321,N,1856042.86,2120203.17,N,INSUFFICIENT_GATE2_DATA,INSUFFICIENT_DATA,yfinance,2026-05-27,2026-05-27,,v0_1_legacy_columns_preserved; non_turnaround_role_unchanged
MSCI,MSCI Inc.,US,Financials,Capital Markets,42.0,N,EXTENDED,KEEP_EXTENDED,MARKET_CAP_BELOW_THRESHOLD; METADATA_ONLY_AUDIT; below core threshold but retained for extended monitoring,EXTENDED,KEEP_EXTENDED,NON_TURNAROUND_ROLE_UNCHANGED; Gate 3 metrics recorded for v0.4 evidence only; legacy_reason=MARKET_CAP_BELOW_THRESHOLD; METADATA_ONLY_AUDIT; below core threshold but retained for extended monitoring,OBSERVATION_ONLY,N,FAIL,FAIL,FAIL,-3.4062,N,17.9021,Y,568.0646,565.5176,Y,618309.52,626263.49,N,-3.4062,Y,Y,2.1065,N,618309.52,587936.51,Y,INSUFFICIENT_GATE2_DATA,INSUFFICIENT_DATA,yfinance,2026-05-27,2026-05-27,,v0_1_legacy_columns_preserved; non_turnaround_role_unchanged
ODFL,Old Dominion Freight Line Inc.,US,Industrials,Ground Transportation,42.0,N,EXTENDED,KEEP_EXTENDED,MARKET_CAP_BELOW_THRESHOLD; METADATA_ONLY_AUDIT; below core threshold but retained for extended monitoring,EXTENDED,KEEP_EXTENDED,NON_TURNAROUND_ROLE_UNCHANGED; Gate 3 metrics recorded for v0.4 evidence only; legacy_reason=MARKET_CAP_BELOW_THRESHOLD; METADATA_ONLY_AUDIT; below core threshold but retained for extended monitoring,OBSERVATION_ONLY,N,FAIL,FAIL,FAIL,-2.2146,N,65.8354,Y,203.0170,169.7865,Y,2048057.14,2217979.37,N,-2.2146,N,Y,-0.4897,N,2048057.14,2104304.76,N,INSUFFICIENT_GATE2_DATA,INSUFFICIENT_DATA,yfinance,2026-05-27,2026-05-27,,v0_1_legacy_columns_preserved; non_turnaround_role_unchanged
AMP,Ameriprise Financial Inc.,US,Financials,Capital Markets,42.0,N,EXTENDED,KEEP_EXTENDED,MARKET_CAP_BELOW_THRESHOLD; METADATA_ONLY_AUDIT; below core threshold but retained for extended monitoring,EXTENDED,KEEP_EXTENDED,NON_TURNAROUND_ROLE_UNCHANGED; Gate 3 metrics recorded for v0.4 evidence only; legacy_reason=MARKET_CAP_BELOW_THRESHOLD; METADATA_ONLY_AUDIT; below core threshold but retained for extended monitoring,OBSERVATION_ONLY,N,FAIL,FAIL,FAIL,-18.7589,N,2.9670,N,456.0528,478.9086,N,565604.76,657361.11,N,-18.7589,N,N,-7.2594,N,565604.76,657830.16,N,INSUFFICIENT_GATE2_DATA,INSUFFICIENT_DATA,yfinance,2026-05-27,2026-05-27,,v0_1_legacy_columns_preserved; non_turnaround_role_unchanged
XYZ,Block Inc.,US,Financials,Financial Services,42.0,N,EXTENDED,KEEP_EXTENDED,MARKET_CAP_BELOW_THRESHOLD; METADATA_ONLY_AUDIT; below core threshold but retained for extended monitoring,EXTENDED,KEEP_EXTENDED,NON_TURNAROUND_ROLE_UNCHANGED; Gate 3 metrics recorded for v0.4 evidence only; legacy_reason=MARKET_CAP_BELOW_THRESHOLD; METADATA_ONLY_AUDIT; below core threshold but retained for extended monitoring,OBSERVATION_ONLY,N,FAIL,FAIL,FAIL,-11.9467,N,45.4879,Y,66.6364,67.6966,Y,6006657.14,7236203.17,N,-11.9467,Y,N,0.1964,N,6006657.14,7220163.49,N,INSUFFICIENT_GATE2_DATA,INSUFFICIENT_DATA,yfinance,2026-05-27,2026-05-27,,v0_1_legacy_columns_preserved; non_turnaround_role_unchanged
YUM,Yum! Brands Inc.,US,Consumer Discretionary,Hotels Restaurants,41.0,N,EXTENDED,KEEP_EXTENDED,MARKET_CAP_BELOW_THRESHOLD; METADATA_ONLY_AUDIT; below core threshold but retained for extended monitoring,EXTENDED,KEEP_EXTENDED,NON_TURNAROUND_ROLE_UNCHANGED; Gate 3 metrics recorded for v0.4 evidence only; legacy_reason=MARKET_CAP_BELOW_THRESHOLD; METADATA_ONLY_AUDIT; below core threshold but retained for extended monitoring,OBSERVATION_ONLY,N,FAIL,FAIL,FAIL,-9.5980,N,6.6583,N,156.7702,152.7914,Y,1875028.57,1910147.62,N,-9.5980,Y,Y,-2.0300,N,1875028.57,1704219.05,Y,INSUFFICIENT_GATE2_DATA,INSUFFICIENT_DATA,yfinance,2026-05-27,2026-05-27,,v0_1_legacy_columns_preserved; non_turnaround_role_unchanged
KR,The Kroger Co.,US,Consumer Staples,Consumer Staples Distribution,41.0,N,EXTENDED,KEEP_EXTENDED,MARKET_CAP_BELOW_THRESHOLD; METADATA_ONLY_AUDIT; below core threshold but retained for extended monitoring,EXTENDED,KEEP_EXTENDED,NON_TURNAROUND_ROLE_UNCHANGED; Gate 3 metrics recorded for v0.4 evidence only; legacy_reason=MARKET_CAP_BELOW_THRESHOLD; METADATA_ONLY_AUDIT; below core threshold but retained for extended monitoring,OBSERVATION_ONLY,N,FAIL,FAIL,FAIL,-14.4312,N,9.1262,N,68.9026,67.0642,Y,5425304.76,6374627.78,N,-14.4312,Y,Y,-1.8361,N,5425304.76,5992639.68,N,INSUFFICIENT_GATE2_DATA,INSUFFICIENT_DATA,yfinance,2026-05-27,2026-05-27,,v0_1_legacy_columns_preserved; non_turnaround_role_unchanged
AIG,American International Group Inc.,US,Financials,Insurance,41.0,N,EXTENDED,KEEP_EXTENDED,MARKET_CAP_BELOW_THRESHOLD; METADATA_ONLY_AUDIT; below core threshold but retained for extended monitoring,EXTENDED,KEEP_EXTENDED,NON_TURNAROUND_ROLE_UNCHANGED; Gate 3 metrics recorded for v0.4 evidence only; legacy_reason=MARKET_CAP_BELOW_THRESHOLD; METADATA_ONLY_AUDIT; below core threshold but retained for extended monitoring,OBSERVATION_ONLY,N,FAIL,FAIL,FAIL,-13.8196,N,4.7016,N,76.2672,78.2136,N,4693504.76,4583335.71,Y,-13.8196,Y,N,1.5378,N,4693504.76,4270242.86,Y,INSUFFICIENT_GATE2_DATA,INSUFFICIENT_DATA,yfinance,2026-05-27,2026-05-27,,v0_1_legacy_columns_preserved; non_turnaround_role_unchanged
ARES,Ares Management Corporation,US,Financials,Capital Markets,40.0,N,EXTENDED,KEEP_EXTENDED,MARKET_CAP_BELOW_THRESHOLD; METADATA_ONLY_AUDIT; below core threshold but retained for extended monitoring,EXTENDED,KEEP_EXTENDED,NON_TURNAROUND_ROLE_UNCHANGED; Gate 3 metrics recorded for v0.4 evidence only; legacy_reason=MARKET_CAP_BELOW_THRESHOLD; METADATA_ONLY_AUDIT; below core threshold but retained for extended monitoring,OBSERVATION_ONLY,N,FAIL,FAIL,FAIL,-34.3328,Y,31.1710,Y,114.8194,145.3879,N,2843719.05,3712534.13,N,-34.3328,N,N,12.8365,Y,2843719.05,3576584.13,N,INSUFFICIENT_GATE2_DATA,INSUFFICIENT_DATA,yfinance,2026-05-27,2026-05-27,,v0_1_legacy_columns_preserved; non_turnaround_role_unchanged
KDP,Keurig Dr Pepper Inc.,US,Consumer Staples,Beverages,40.0,N,EXTENDED,KEEP_EXTENDED,MARKET_CAP_BELOW_THRESHOLD; METADATA_ONLY_AUDIT; below core threshold but retained for extended monitoring,EXTENDED,KEEP_EXTENDED,NON_TURNAROUND_ROLE_UNCHANGED; Gate 3 metrics recorded for v0.4 evidence only; legacy_reason=MARKET_CAP_BELOW_THRESHOLD; METADATA_ONLY_AUDIT; below core threshold but retained for extended monitoring,OBSERVATION_ONLY,N,FAIL,FAIL,FAIL,-14.4886,N,18.9253,Y,27.5890,28.1053,Y,10103423.81,11541723.81,N,-14.4886,Y,N,6.9272,Y,10103423.81,10898633.33,N,INSUFFICIENT_GATE2_DATA,INSUFFICIENT_DATA,yfinance,2026-05-27,2026-05-27,,v0_1_legacy_columns_preserved; non_turnaround_role_unchanged
SATS,EchoStar Corporation,US,Communication Services,Wireless Telecommunication,39.0,N,EXTENDED,KEEP_EXTENDED,MARKET_CAP_BELOW_THRESHOLD; METADATA_ONLY_AUDIT; below core threshold but retained for extended monitoring,EXTENDED,KEEP_EXTENDED,NON_TURNAROUND_ROLE_UNCHANGED; Gate 3 metrics recorded for v0.4 evidence only; legacy_reason=MARKET_CAP_BELOW_THRESHOLD; METADATA_ONLY_AUDIT; below core threshold but retained for extended monitoring,OBSERVATION_ONLY,N,FAIL,FAIL,FAIL,-13.6389,N,72.7709,Y,123.6392,96.1587,Y,5849752.38,6137998.41,N,-13.6389,Y,Y,0.6824,N,5849752.38,6590900.00,N,INSUFFICIENT_GATE2_DATA,INSUFFICIENT_DATA,yfinance,2026-05-27,2026-05-27,,v0_1_legacy_columns_preserved; non_turnaround_role_unchanged
ED,Consolidated Edison Inc.,US,Utilities,Electric Utilities,39.0,N,EXTENDED,KEEP_EXTENDED,MARKET_CAP_BELOW_THRESHOLD; METADATA_ONLY_AUDIT; below core threshold but retained for extended monitoring,EXTENDED,KEEP_EXTENDED,NON_TURNAROUND_ROLE_UNCHANGED; Gate 3 metrics recorded for v0.4 evidence only; legacy_reason=MARKET_CAP_BELOW_THRESHOLD; METADATA_ONLY_AUDIT; below core threshold but retained for extended monitoring,OBSERVATION_ONLY,N,FAIL,FAIL,FAIL,-6.4524,N,13.2062,N,110.0140,103.9887,Y,2407914.29,2156859.52,Y,-6.4524,Y,Y,-0.7535,N,2407914.29,2152495.24,Y,INSUFFICIENT_GATE2_DATA,INSUFFICIENT_DATA,yfinance,2026-05-27,2026-05-27,,v0_1_legacy_columns_preserved; non_turnaround_role_unchanged
CCI,Crown Castle Inc.,US,Real Estate,Specialized REITs,39.0,N,EXTENDED,KEEP_EXTENDED,MARKET_CAP_BELOW_THRESHOLD; METADATA_ONLY_AUDIT; below core threshold but retained for extended monitoring,EXTENDED,KEEP_EXTENDED,NON_TURNAROUND_ROLE_UNCHANGED; Gate 3 metrics recorded for v0.4 evidence only; legacy_reason=MARKET_CAP_BELOW_THRESHOLD; METADATA_ONLY_AUDIT; below core threshold but retained for extended monitoring,OBSERVATION_ONLY,N,FAIL,FAIL,FAIL,-20.2265,Y,18.0743,Y,86.5486,90.4339,N,3380695.24,3216789.68,Y,-20.2265,N,N,8.9046,Y,3380695.24,3201436.51,Y,INSUFFICIENT_GATE2_DATA,INSUFFICIENT_DATA,yfinance,2026-05-27,2026-05-27,,v0_1_legacy_columns_preserved; non_turnaround_role_unchanged
BDX,Becton Dickinson and Company,US,Health Care,Health Care Equipment,39.0,N,EXTENDED,KEEP_EXTENDED,MARKET_CAP_BELOW_THRESHOLD; METADATA_ONLY_AUDIT; below core threshold but retained for extended monitoring,EXTENDED,KEEP_EXTENDED,NON_TURNAROUND_ROLE_UNCHANGED; Gate 3 metrics recorded for v0.4 evidence only; legacy_reason=MARKET_CAP_BELOW_THRESHOLD; METADATA_ONLY_AUDIT; below core threshold but retained for extended monitoring,OBSERVATION_ONLY,N,FAIL,FAIL,FAIL,-20.5782,Y,3.4352,N,151.9950,154.5758,N,3351052.38,2781760.10,Y,-20.5782,N,N,-1.9838,N,3351052.38,2880287.30,Y,INSUFFICIENT_GATE2_DATA,INSUFFICIENT_DATA,yfinance,2026-05-27,2026-05-27,,v0_1_legacy_columns_preserved; non_turnaround_role_unchanged
PYPL,PayPal Holdings Inc.,US,Financials,Financial Services,39.0,Y,HIGH_RISK_REVIEW,REVIEW_BEFORE_SCORING,TURNAROUND_IN_PROGRESS; METADATA_ONLY_AUDIT; turnaround flag prevents core classification,GATE3_FAIL_REVIEW,REVIEW_BEFORE_SCORING,"Gate3 FAIL; no recovery/continuation signal; preprocessing review only, not EXCLUDE; metadata_role=EXTENDED; recovery=FAIL; continuation=FAIL",RECOVERY,Y,FAIL,FAIL,FAIL,-44.0552,Y,11.9754,N,46.5782,56.9930,N,15238833.33,19038305.56,N,-44.0552,N,N,-12.0756,N,15238833.33,16095171.43,N,INSUFFICIENT_GATE2_DATA,INSUFFICIENT_DATA,yfinance,2026-05-27,2026-05-27,,v0_1_legacy_columns_preserved; turnaround_gate3_recovery_applied; role_changed:HIGH_RISK_REVIEW->GATE3_FAIL_REVIEW
ADM,Archer-Daniels-Midland Company,US,Consumer Staples,Food Products,39.0,N,EXTENDED,KEEP_EXTENDED,MARKET_CAP_BELOW_THRESHOLD; METADATA_ONLY_AUDIT; below core threshold but retained for extended monitoring,EXTENDED,KEEP_EXTENDED,NON_TURNAROUND_ROLE_UNCHANGED; Gate 3 metrics recorded for v0.4 evidence only; legacy_reason=MARKET_CAP_BELOW_THRESHOLD; METADATA_ONLY_AUDIT; below core threshold but retained for extended monitoring,OBSERVATION_ONLY,N,FAIL,INSUFFICIENT_DATA,MANUAL_REVIEW,-4.0294,N,38.4200,Y,73.6144,65.2482,Y,4260085.71,3656904.76,Y,-4.0294,Y,Y,12.7729,Y,4260085.71,3999052.38,Y,INSUFFICIENT_GATE2_DATA,INSUFFICIENT_DATA,yfinance,2026-05-27,2026-05-27,,v0_1_legacy_columns_preserved; non_turnaround_role_unchanged
DHI,D.R. Horton Inc.,US,Consumer Discretionary,Household Durables,38.0,N,EXTENDED,KEEP_EXTENDED,MARKET_CAP_BELOW_THRESHOLD; METADATA_ONLY_AUDIT; below core threshold but retained for extended monitoring,EXTENDED,KEEP_EXTENDED,NON_TURNAROUND_ROLE_UNCHANGED; Gate 3 metrics recorded for v0.4 evidence only; legacy_reason=MARKET_CAP_BELOW_THRESHOLD; METADATA_ONLY_AUDIT; below core threshold but retained for extended monitoring,OBSERVATION_ONLY,N,FAIL,FAIL,FAIL,-19.6859,N,11.5295,N,144.4352,153.8769,N,2177047.62,2883192.06,N,-19.6859,N,N,-7.2303,N,2177047.62,2573933.33,N,INSUFFICIENT_GATE2_DATA,INSUFFICIENT_DATA,yfinance,2026-05-27,2026-05-27,,v0_1_legacy_columns_preserved; non_turnaround_role_unchanged
EME,EMCOR Group Inc.,US,Industrials,Construction & Engineering,38.0,N,EXTENDED,KEEP_EXTENDED,MARKET_CAP_BELOW_THRESHOLD; METADATA_ONLY_AUDIT; below core threshold but retained for extended monitoring,EXTENDED,KEEP_EXTENDED,NON_TURNAROUND_ROLE_UNCHANGED; Gate 3 metrics recorded for v0.4 evidence only; legacy_reason=MARKET_CAP_BELOW_THRESHOLD; METADATA_ONLY_AUDIT; below core threshold but retained for extended monitoring,OBSERVATION_ONLY,N,FAIL,FAIL,FAIL,-9.3764,N,43.3869,Y,829.2162,708.4526,Y,365100.00,367121.43,N,-9.3764,Y,Y,-3.4063,N,365100.00,375411.11,N,INSUFFICIENT_GATE2_DATA,INSUFFICIENT_DATA,yfinance,2026-05-27,2026-05-27,,v0_1_legacy_columns_preserved; non_turnaround_role_unchanged
LYV,Live Nation Entertainment Inc.,US,Communication Services,Entertainment,38.0,N,EXTENDED,KEEP_EXTENDED,MARKET_CAP_BELOW_THRESHOLD; METADATA_ONLY_AUDIT; below core threshold but retained for extended monitoring,EXTENDED,KEEP_EXTENDED,NON_TURNAROUND_ROLE_UNCHANGED; Gate 3 metrics recorded for v0.4 evidence only; legacy_reason=MARKET_CAP_BELOW_THRESHOLD; METADATA_ONLY_AUDIT; below core threshold but retained for extended monitoring,OBSERVATION_ONLY,N,FAIL,FAIL,FAIL,-4.3089,N,32.6009,Y,159.0608,153.2679,Y,2674904.76,2902873.81,N,-4.3089,Y,Y,6.4349,Y,2674904.76,2943044.44,N,INSUFFICIENT_GATE2_DATA,INSUFFICIENT_DATA,yfinance,2026-05-27,2026-05-27,,v0_1_legacy_columns_preserved; non_turnaround_role_unchanged
HSY,The Hershey Company,US,Consumer Staples,Food Products,38.0,N,EXTENDED,KEEP_EXTENDED,MARKET_CAP_BELOW_THRESHOLD; METADATA_ONLY_AUDIT; below core threshold but retained for extended monitoring,EXTENDED,KEEP_EXTENDED,NON_TURNAROUND_ROLE_UNCHANGED; Gate 3 metrics recorded for v0.4 evidence only; legacy_reason=MARKET_CAP_BELOW_THRESHOLD; METADATA_ONLY_AUDIT; below core threshold but retained for extended monitoring,OBSERVATION_ONLY,N,FAIL,FAIL,FAIL,-16.2773,N,10.6500,N,197.5084,193.6900,Y,1988842.86,1879603.97,Y,-16.2773,N,Y,6.0754,Y,1988842.86,1874431.75,Y,INSUFFICIENT_GATE2_DATA,INSUFFICIENT_DATA,yfinance,2026-05-27,2026-05-27,,v0_1_legacy_columns_preserved; non_turnaround_role_unchanged
IBKR,Interactive Brokers Group Inc.,US,Financials,Capital Markets,38.0,N,EXTENDED,KEEP_EXTENDED,MARKET_CAP_BELOW_THRESHOLD; METADATA_ONLY_AUDIT; below core threshold but retained for extended monitoring,EXTENDED,KEEP_EXTENDED,NON_TURNAROUND_ROLE_UNCHANGED; Gate 3 metrics recorded for v0.4 evidence only; legacy_reason=MARKET_CAP_BELOW_THRESHOLD; METADATA_ONLY_AUDIT; below core threshold but retained for extended monitoring,OBSERVATION_ONLY,N,FAIL,FAIL,FAIL,-8.3031,N,29.6652,Y,76.6194,70.1560,Y,4759576.19,4618030.16,Y,-8.3031,Y,Y,4.3305,Y,4759576.19,4797192.06,N,INSUFFICIENT_GATE2_DATA,INSUFFICIENT_DATA,yfinance,2026-05-27,2026-05-27,,v0_1_legacy_columns_preserved; non_turnaround_role_unchanged
CBOE,Cboe Global Markets Inc.,US,Financials,Capital Markets,38.0,N,EXTENDED,KEEP_EXTENDED,MARKET_CAP_BELOW_THRESHOLD; METADATA_ONLY_AUDIT; below core threshold but retained for extended monitoring,EXTENDED,KEEP_EXTENDED,NON_TURNAROUND_ROLE_UNCHANGED; Gate 3 metrics recorded for v0.4 evidence only; legacy_reason=MARKET_CAP_BELOW_THRESHOLD; METADATA_ONLY_AUDIT; below core threshold but retained for extended monitoring,OBSERVATION_ONLY,N,FAIL,INSUFFICIENT_DATA,MANUAL_REVIEW,-5.1841,N,40.9078,Y,314.4464,270.8776,Y,951061.90,848564.29,Y,-5.1841,Y,Y,16.5025,Y,951061.90,903717.46,Y,INSUFFICIENT_GATE2_DATA,INSUFFICIENT_DATA,yfinance,2026-05-27,2026-05-27,,v0_1_legacy_columns_preserved; non_turnaround_role_unchanged
PEG,Public Service Enterprise Group Incorporated,US,Utilities,Multi-Utilities,38.0,N,EXTENDED,KEEP_EXTENDED,MARKET_CAP_BELOW_THRESHOLD; METADATA_ONLY_AUDIT; below core threshold but retained for extended monitoring,EXTENDED,KEEP_EXTENDED,NON_TURNAROUND_ROLE_UNCHANGED; Gate 3 metrics recorded for v0.4 evidence only; legacy_reason=MARKET_CAP_BELOW_THRESHOLD; METADATA_ONLY_AUDIT; below core threshold but retained for extended monitoring,OBSERVATION_ONLY,N,FAIL,FAIL,FAIL,-11.4489,N,4.4218,N,80.2486,81.6158,N,3088952.38,2877955.56,Y,-11.4489,Y,N,-0.4862,N,3088952.38,2850988.89,Y,INSUFFICIENT_GATE2_DATA,INSUFFICIENT_DATA,yfinance,2026-05-27,2026-05-27,,v0_1_legacy_columns_preserved; non_turnaround_role_unchanged
CBRE,CBRE Group Inc.,US,Real Estate,Real Estate Management,38.0,N,EXTENDED,KEEP_EXTENDED,MARKET_CAP_BELOW_THRESHOLD; METADATA_ONLY_AUDIT; below core threshold but retained for extended monitoring,EXTENDED,KEEP_EXTENDED,NON_TURNAROUND_ROLE_UNCHANGED; Gate 3 metrics recorded for v0.4 evidence only; legacy_reason=MARKET_CAP_BELOW_THRESHOLD; METADATA_ONLY_AUDIT; below core threshold but retained for extended monitoring,OBSERVATION_ONLY,N,FAIL,FAIL,FAIL,-24.1594,Y,1.5607,N,139.6958,153.2296,N,2267833.33,2033960.32,Y,-24.1594,N,N,-10.9903,N,2267833.33,2169769.84,Y,INSUFFICIENT_GATE2_DATA,INSUFFICIENT_DATA,yfinance,2026-05-27,2026-05-27,,v0_1_legacy_columns_preserved; non_turnaround_role_unchanged
HIG,The Hartford Insurance Group Inc.,US,Financials,Insurance,37.0,N,EXTENDED,KEEP_EXTENDED,MARKET_CAP_BELOW_THRESHOLD; METADATA_ONLY_AUDIT; below core threshold but retained for extended monitoring,EXTENDED,KEEP_EXTENDED,NON_TURNAROUND_ROLE_UNCHANGED; Gate 3 metrics recorded for v0.4 evidence only; legacy_reason=MARKET_CAP_BELOW_THRESHOLD; METADATA_ONLY_AUDIT; below core threshold but retained for extended monitoring,OBSERVATION_ONLY,N,FAIL,FAIL,FAIL,-8.2491,N,2.3869,N,135.6536,134.1227,Y,1611466.67,1556313.49,Y,-8.2491,Y,Y,-3.6720,N,1611466.67,1547125.40,Y,INSUFFICIENT_GATE2_DATA,INSUFFICIENT_DATA,yfinance,2026-05-27,2026-05-27,,v0_1_legacy_columns_preserved; non_turnaround_role_unchanged
TKO,TKO Group Holdings Inc.,US,Communication Services,Entertainment,37.0,N,EXTENDED,KEEP_EXTENDED,MARKET_CAP_BELOW_THRESHOLD; METADATA_ONLY_AUDIT; below core threshold but retained for extended monitoring,EXTENDED,KEEP_EXTENDED,NON_TURNAROUND_ROLE_UNCHANGED; Gate 3 metrics recorded for v0.4 evidence only; legacy_reason=MARKET_CAP_BELOW_THRESHOLD; METADATA_ONLY_AUDIT; below core threshold but retained for extended monitoring,OBSERVATION_ONLY,N,FAIL,FAIL,FAIL,-16.5896,N,3.2976,N,191.0828,196.3846,N,1378485.71,1197188.89,Y,-16.5896,N,N,0.7734,N,1378485.71,1428119.05,N,INSUFFICIENT_GATE2_DATA,INSUFFICIENT_DATA,yfinance,2026-05-27,2026-05-27,,v0_1_legacy_columns_preserved; non_turnaround_role_unchanged
IRM,Iron Mountain Incorporated,US,Real Estate,Specialized REITs,36.0,N,EXTENDED,KEEP_EXTENDED,MARKET_CAP_BELOW_THRESHOLD; METADATA_ONLY_AUDIT; below core threshold but retained for extended monitoring,EXTENDED,KEEP_EXTENDED,NON_TURNAROUND_ROLE_UNCHANGED; Gate 3 metrics recorded for v0.4 evidence only; legacy_reason=MARKET_CAP_BELOW_THRESHOLD; METADATA_ONLY_AUDIT; below core threshold but retained for extended monitoring,OBSERVATION_ONLY,N,FAIL,INSUFFICIENT_DATA,MANUAL_REVIEW,-3.8240,N,61.0576,Y,115.5870,100.7531,Y,1663400.00,1813580.16,N,-3.8240,Y,Y,12.6475,Y,1663400.00,1528804.76,Y,INSUFFICIENT_GATE2_DATA,INSUFFICIENT_DATA,yfinance,2026-05-27,2026-05-27,,v0_1_legacy_columns_preserved; non_turnaround_role_unchanged
HUM,Humana Inc.,US,Health Care,Health Care Providers,36.0,N,EXTENDED,KEEP_EXTENDED,MARKET_CAP_BELOW_THRESHOLD; METADATA_ONLY_AUDIT; below core threshold but retained for extended monitoring,EXTENDED,KEEP_EXTENDED,NON_TURNAROUND_ROLE_UNCHANGED; Gate 3 metrics recorded for v0.4 evidence only; legacy_reason=MARKET_CAP_BELOW_THRESHOLD; METADATA_ONLY_AUDIT; below core threshold but retained for extended monitoring,OBSERVATION_ONLY,N,FAIL,FAIL,FAIL,-1.8365,N,87.1265,Y,226.1560,244.2430,N,1872719.05,1847718.25,Y,-1.8365,N,N,36.9600,Y,1872719.05,1762442.86,Y,INSUFFICIENT_GATE2_DATA,INSUFFICIENT_DATA,yfinance,2026-05-27,2026-05-27,,v0_1_legacy_columns_preserved; non_turnaround_role_unchanged
EQT,EQT Corporation,US,Energy,Oil Gas & Consumable Fuels,35.0,N,EXTENDED,KEEP_EXTENDED,MARKET_CAP_BELOW_THRESHOLD; METADATA_ONLY_AUDIT; below core threshold but retained for extended monitoring,EXTENDED,KEEP_EXTENDED,NON_TURNAROUND_ROLE_UNCHANGED; Gate 3 metrics recorded for v0.4 evidence only; legacy_reason=MARKET_CAP_BELOW_THRESHOLD; METADATA_ONLY_AUDIT; below core threshold but retained for extended monitoring,OBSERVATION_ONLY,N,FAIL,FAIL,FAIL,-18.7840,N,10.5168,N,59.6672,56.4615,Y,6665923.81,8889780.16,N,-18.7840,N,Y,-5.9175,N,6665923.81,8067519.05,N,INSUFFICIENT_GATE2_DATA,INSUFFICIENT_DATA,yfinance,2026-05-27,2026-05-27,,v0_1_legacy_columns_preserved; non_turnaround_role_unchanged
PRU,Prudential Financial Inc.,US,Financials,Insurance,35.0,N,EXTENDED,KEEP_EXTENDED,MARKET_CAP_BELOW_THRESHOLD; METADATA_ONLY_AUDIT; below core threshold but retained for extended monitoring,EXTENDED,KEEP_EXTENDED,NON_TURNAROUND_ROLE_UNCHANGED; Gate 3 metrics recorded for v0.4 evidence only; legacy_reason=MARKET_CAP_BELOW_THRESHOLD; METADATA_ONLY_AUDIT; below core threshold but retained for extended monitoring,OBSERVATION_ONLY,N,FAIL,FAIL,FAIL,-14.5131,N,10.3152,N,98.3004,104.3562,N,2014776.19,2123136.51,N,-14.5131,Y,N,6.1722,Y,2014776.19,2248257.14,N,INSUFFICIENT_GATE2_DATA,INSUFFICIENT_DATA,yfinance,2026-05-27,2026-05-27,,v0_1_legacy_columns_preserved; non_turnaround_role_unchanged
HAL,Halliburton Company,US,Energy,Energy Equipment,35.0,N,EXTENDED,KEEP_EXTENDED,MARKET_CAP_BELOW_THRESHOLD; METADATA_ONLY_AUDIT; below core threshold but retained for extended monitoring,EXTENDED,KEEP_EXTENDED,NON_TURNAROUND_ROLE_UNCHANGED; Gate 3 metrics recorded for v0.4 evidence only; legacy_reason=MARKET_CAP_BELOW_THRESHOLD; METADATA_ONLY_AUDIT; below core threshold but retained for extended monitoring,OBSERVATION_ONLY,N,FAIL,FAIL,FAIL,-7.8641,N,54.2657,Y,39.4738,30.8138,Y,10585985.71,13643883.33,N,-7.8641,Y,Y,-1.3207,N,10585985.71,14676315.87,N,INSUFFICIENT_GATE2_DATA,INSUFFICIENT_DATA,yfinance,2026-05-27,2026-05-27,,v0_1_legacy_columns_preserved; non_turnaround_role_unchanged
JBL,Jabil Inc.,US,Information Technology,Electronic Components,35.0,N,EXTENDED,KEEP_EXTENDED,MARKET_CAP_BELOW_THRESHOLD; METADATA_ONLY_AUDIT; below core threshold but retained for extended monitoring,EXTENDED,KEEP_EXTENDED,NON_TURNAROUND_ROLE_UNCHANGED; Gate 3 metrics recorded for v0.4 evidence only; legacy_reason=MARKET_CAP_BELOW_THRESHOLD; METADATA_ONLY_AUDIT; below core threshold but retained for extended monitoring,OBSERVATION_ONLY,N,FAIL,FAIL,FAIL,-2.3327,N,88.3743,Y,315.7938,248.0811,Y,1270914.29,1206958.73,Y,-2.3327,N,Y,8.9730,Y,1270914.29,1213238.10,Y,INSUFFICIENT_GATE2_DATA,INSUFFICIENT_DATA,yfinance,2026-05-27,2026-05-27,,v0_1_legacy_columns_preserved; non_turnaround_role_unchanged
WEC,WEC Energy Group Inc.,US,Utilities,Multi-Utilities,35.0,N,EXTENDED,KEEP_EXTENDED,MARKET_CAP_BELOW_THRESHOLD; METADATA_ONLY_AUDIT; below core threshold but retained for extended monitoring,EXTENDED,KEEP_EXTENDED,NON_TURNAROUND_ROLE_UNCHANGED; Gate 3 metrics recorded for v0.4 evidence only; legacy_reason=MARKET_CAP_BELOW_THRESHOLD; METADATA_ONLY_AUDIT; below core threshold but retained for extended monitoring,OBSERVATION_ONLY,N,FAIL,FAIL,FAIL,-4.7483,N,9.3351,N,114.4818,111.6659,Y,2001885.71,2088684.92,N,-4.7483,Y,Y,-1.7199,N,2001885.71,1945157.14,Y,INSUFFICIENT_GATE2_DATA,INSUFFICIENT_DATA,yfinance,2026-05-27,2026-05-27,,v0_1_legacy_columns_preserved; non_turnaround_role_unchanged
SYY,Sysco Corporation,US,Consumer Staples,Consumer Staples Distribution,35.0,N,EXTENDED,KEEP_EXTENDED,MARKET_CAP_BELOW_THRESHOLD; METADATA_ONLY_AUDIT; below core threshold but retained for extended monitoring,EXTENDED,KEEP_EXTENDED,NON_TURNAROUND_ROLE_UNCHANGED; Gate 3 metrics recorded for v0.4 evidence only; legacy_reason=MARKET_CAP_BELOW_THRESHOLD; METADATA_ONLY_AUDIT; below core threshold but retained for extended monitoring,OBSERVATION_ONLY,N,FAIL,FAIL,FAIL,-17.4857,N,8.5426,N,75.4588,78.5891,N,3874690.48,4192108.73,N,-17.4857,N,N,-0.1858,N,3874690.48,4698322.22,N,INSUFFICIENT_GATE2_DATA,INSUFFICIENT_DATA,yfinance,2026-05-27,2026-05-27,,v0_1_legacy_columns_preserved; non_turnaround_role_unchanged
PCG,PG&E Corporation,US,Utilities,Electric Utilities,34.0,N,EXTENDED,KEEP_EXTENDED,MARKET_CAP_BELOW_THRESHOLD; METADATA_ONLY_AUDIT; below core threshold but retained for extended monitoring,EXTENDED,KEEP_EXTENDED,NON_TURNAROUND_ROLE_UNCHANGED; Gate 3 metrics recorded for v0.4 evidence only; legacy_reason=MARKET_CAP_BELOW_THRESHOLD; METADATA_ONLY_AUDIT; below core threshold but retained for extended monitoring,OBSERVATION_ONLY,N,FAIL,FAIL,FAIL,-13.5008,N,11.4633,N,17.0448,16.3089,Y,19325371.43,21726303.17,N,-13.5008,Y,Y,0.8542,N,19325371.43,22064225.40,N,INSUFFICIENT_GATE2_DATA,INSUFFICIENT_DATA,yfinance,2026-05-27,2026-05-27,,v0_1_legacy_columns_preserved; non_turnaround_role_unchanged
VMC,Vulcan Materials Company,US,Materials,Construction Materials,34.0,N,EXTENDED,KEEP_EXTENDED,MARKET_CAP_BELOW_THRESHOLD; METADATA_ONLY_AUDIT; below core threshold but retained for extended monitoring,EXTENDED,KEEP_EXTENDED,NON_TURNAROUND_ROLE_UNCHANGED; Gate 3 metrics recorded for v0.4 evidence only; legacy_reason=MARKET_CAP_BELOW_THRESHOLD; METADATA_ONLY_AUDIT; below core threshold but retained for extended monitoring,OBSERVATION_ONLY,N,FAIL,FAIL,FAIL,-16.5632,N,7.2485,N,279.8208,291.9474,N,1103157.14,1116293.65,N,-16.5632,N,N,-5.3790,N,1103157.14,1212387.30,N,INSUFFICIENT_GATE2_DATA,INSUFFICIENT_DATA,yfinance,2026-05-27,2026-05-27,,v0_1_legacy_columns_preserved; non_turnaround_role_unchanged
CCL,Carnival Corporation & plc,US,Consumer Discretionary,Hotels Restaurants,34.0,N,EXTENDED,KEEP_EXTENDED,MARKET_CAP_BELOW_THRESHOLD; METADATA_ONLY_AUDIT; below core threshold but retained for extended monitoring,EXTENDED,KEEP_EXTENDED,NON_TURNAROUND_ROLE_UNCHANGED; Gate 3 metrics recorded for v0.4 evidence only; legacy_reason=MARKET_CAP_BELOW_THRESHOLD; METADATA_ONLY_AUDIT; below core threshold but retained for extended monitoring,OBSERVATION_ONLY,N,FAIL,FAIL,FAIL,-17.6817,N,17.1201,Y,26.2288,28.5481,N,31545166.67,25109480.16,Y,-17.6817,N,N,4.5200,Y,31545166.67,29377190.48,Y,INSUFFICIENT_GATE2_DATA,INSUFFICIENT_DATA,yfinance,2026-05-27,2026-05-27,,v0_1_legacy_columns_preserved; non_turnaround_role_unchanged
PAYX,Paychex Inc.,US,Industrials,Professional Services,33.0,N,EXTENDED,KEEP_EXTENDED,MARKET_CAP_BELOW_THRESHOLD; METADATA_ONLY_AUDIT; below core threshold but retained for extended monitoring,EXTENDED,KEEP_EXTENDED,NON_TURNAROUND_ROLE_UNCHANGED; Gate 3 metrics recorded for v0.4 evidence only; legacy_reason=MARKET_CAP_BELOW_THRESHOLD; METADATA_ONLY_AUDIT; below core threshold but retained for extended monitoring,OBSERVATION_ONLY,N,FAIL,FAIL,FAIL,-40.9000,Y,10.3541,N,92.1192,109.8301,N,3103676.19,3731683.33,N,-40.9000,N,N,5.0039,Y,3103676.19,3773076.19,N,INSUFFICIENT_GATE2_DATA,INSUFFICIENT_DATA,yfinance,2026-05-27,2026-05-27,,v0_1_legacy_columns_preserved; non_turnaround_role_unchanged
ROP,Roper Technologies Inc.,US,Information Technology,Software,33.0,N,EXTENDED,KEEP_EXTENDED,MARKET_CAP_BELOW_THRESHOLD; METADATA_ONLY_AUDIT; below core threshold but retained for extended monitoring,EXTENDED,KEEP_EXTENDED,NON_TURNAROUND_ROLE_UNCHANGED; Gate 3 metrics recorded for v0.4 evidence only; legacy_reason=MARKET_CAP_BELOW_THRESHOLD; METADATA_ONLY_AUDIT; below core threshold but retained for extended monitoring,OBSERVATION_ONLY,N,FAIL,FAIL,FAIL,-44.8224,Y,0.3454,N,346.9872,421.4214,N,1116238.10,1378341.27,N,-44.8224,N,N,-10.1660,N,1116238.10,1248201.59,N,INSUFFICIENT_GATE2_DATA,INSUFFICIENT_DATA,yfinance,2026-05-27,2026-05-27,,v0_1_legacy_columns_preserved; non_turnaround_role_unchanged
MLM,Martin Marietta Materials Inc.,US,Materials,Construction Materials,33.0,N,EXTENDED,KEEP_EXTENDED,MARKET_CAP_BELOW_THRESHOLD; METADATA_ONLY_AUDIT; below core threshold but retained for extended monitoring,EXTENDED,KEEP_EXTENDED,NON_TURNAROUND_ROLE_UNCHANGED; Gate 3 metrics recorded for v0.4 evidence only; legacy_reason=MARKET_CAP_BELOW_THRESHOLD; METADATA_ONLY_AUDIT; below core threshold but retained for extended monitoring,OBSERVATION_ONLY,N,FAIL,FAIL,FAIL,-18.8841,N,7.8363,N,592.1818,620.5376,N,556133.33,493076.19,Y,-18.8841,N,N,-5.7991,N,556133.33,523471.43,Y,INSUFFICIENT_GATE2_DATA,INSUFFICIENT_DATA,yfinance,2026-05-27,2026-05-27,,v0_1_legacy_columns_preserved; non_turnaround_role_unchanged
ACGL,Arch Capital Group Ltd.,US,Financials,Insurance,33.0,N,EXTENDED,KEEP_EXTENDED,MARKET_CAP_BELOW_THRESHOLD; METADATA_ONLY_AUDIT; below core threshold but retained for extended monitoring,EXTENDED,KEEP_EXTENDED,NON_TURNAROUND_ROLE_UNCHANGED; Gate 3 metrics recorded for v0.4 evidence only; legacy_reason=MARKET_CAP_BELOW_THRESHOLD; METADATA_ONLY_AUDIT; below core threshold but retained for extended monitoring,OBSERVATION_ONLY,N,FAIL,FAIL,FAIL,-10.3746,N,0.8274,N,95.3214,93.4623,Y,2542690.48,2139203.97,Y,-10.3746,Y,Y,-5.1375,N,2542690.48,2093053.97,Y,INSUFFICIENT_GATE2_DATA,INSUFFICIENT_DATA,yfinance,2026-05-27,2026-05-27,,v0_1_legacy_columns_preserved; non_turnaround_role_unchanged
LVS,Las Vegas Sands Corp.,US,Consumer Discretionary,Hotels Restaurants,33.0,N,EXTENDED,KEEP_EXTENDED,MARKET_CAP_BELOW_THRESHOLD; METADATA_ONLY_AUDIT; below core threshold but retained for extended monitoring,EXTENDED,KEEP_EXTENDED,NON_TURNAROUND_ROLE_UNCHANGED; Gate 3 metrics recorded for v0.4 evidence only; legacy_reason=MARKET_CAP_BELOW_THRESHOLD; METADATA_ONLY_AUDIT; below core threshold but retained for extended monitoring,OBSERVATION_ONLY,N,FAIL,FAIL,FAIL,-26.5218,Y,3.2976,N,53.3204,57.1241,N,4819980.95,4986475.40,N,-26.5218,N,N,-6.2603,N,4819980.95,4256241.27,Y,INSUFFICIENT_GATE2_DATA,INSUFFICIENT_DATA,yfinance,2026-05-27,2026-05-27,,v0_1_legacy_columns_preserved; non_turnaround_role_unchanged
KVUE,Kenvue Inc.,US,Consumer Staples,Household Products,32.0,N,EXTENDED,KEEP_EXTENDED,MARKET_CAP_BELOW_THRESHOLD; METADATA_ONLY_AUDIT; below core threshold but retained for extended monitoring,EXTENDED,KEEP_EXTENDED,NON_TURNAROUND_ROLE_UNCHANGED; Gate 3 metrics recorded for v0.4 evidence only; legacy_reason=MARKET_CAP_BELOW_THRESHOLD; METADATA_ONLY_AUDIT; below core threshold but retained for extended monitoring,OBSERVATION_ONLY,N,FAIL,FAIL,FAIL,-26.0761,Y,5.7382,N,17.4012,17.5498,Y,20172057.14,32981614.29,N,-26.0761,N,N,0.9127,N,20172057.14,21124007.94,N,INSUFFICIENT_GATE2_DATA,INSUFFICIENT_DATA,yfinance,2026-05-27,2026-05-27,,v0_1_legacy_columns_preserved; non_turnaround_role_unchanged
STLD,Steel Dynamics Inc.,US,Materials,Metals & Mining,32.0,N,EXTENDED,KEEP_EXTENDED,MARKET_CAP_BELOW_THRESHOLD; METADATA_ONLY_AUDIT; below core threshold but retained for extended monitoring,EXTENDED,KEEP_EXTENDED,NON_TURNAROUND_ROLE_UNCHANGED; Gate 3 metrics recorded for v0.4 evidence only; legacy_reason=MARKET_CAP_BELOW_THRESHOLD; METADATA_ONLY_AUDIT; below core threshold but retained for extended monitoring,OBSERVATION_ONLY,N,FAIL,FAIL,FAIL,0.0000,N,60.1960,Y,207.9346,172.7802,Y,1008004.76,1235520.63,N,0.0000,N,Y,14.7440,Y,1008004.76,1145644.44,N,INSUFFICIENT_GATE2_DATA,INSUFFICIENT_DATA,yfinance,2026-05-27,2026-05-27,,v0_1_legacy_columns_preserved; non_turnaround_role_unchanged
WAT,Waters Corporation,US,Health Care,Life Sciences Tools,32.0,N,EXTENDED,KEEP_EXTENDED,MARKET_CAP_BELOW_THRESHOLD; METADATA_ONLY_AUDIT; below core threshold but retained for extended monitoring,EXTENDED,KEEP_EXTENDED,NON_TURNAROUND_ROLE_UNCHANGED; Gate 3 metrics recorded for v0.4 evidence only; legacy_reason=MARKET_CAP_BELOW_THRESHOLD; METADATA_ONLY_AUDIT; below core threshold but retained for extended monitoring,OBSERVATION_ONLY,N,FAIL,FAIL,FAIL,-17.0553,N,20.7751,Y,319.6330,339.0264,N,1122319.05,954628.57,Y,-17.0553,N,N,14.1399,Y,1122319.05,1059804.76,Y,INSUFFICIENT_GATE2_DATA,INSUFFICIENT_DATA,yfinance,2026-05-27,2026-05-27,,v0_1_legacy_columns_preserved; non_turnaround_role_unchanged
ZTS,Zoetis Inc.,US,Health Care,Pharmaceuticals,32.0,N,EXTENDED,KEEP_EXTENDED,MARKET_CAP_BELOW_THRESHOLD; METADATA_ONLY_AUDIT; below core threshold but retained for extended monitoring,EXTENDED,KEEP_EXTENDED,NON_TURNAROUND_ROLE_UNCHANGED; Gate 3 metrics recorded for v0.4 evidence only; legacy_reason=MARKET_CAP_BELOW_THRESHOLD; METADATA_ONLY_AUDIT; below core threshold but retained for extended monitoring,OBSERVATION_ONLY,N,FAIL,FAIL,FAIL,-53.3294,Y,7.0870,N,106.4970,126.7152,N,9031223.81,5341796.03,Y,-53.3294,N,N,-32.5698,N,9031223.81,5539252.38,Y,INSUFFICIENT_GATE2_DATA,INSUFFICIENT_DATA,yfinance,2026-05-27,2026-05-27,,v0_1_legacy_columns_preserved; non_turnaround_role_unchanged
CPRT,Copart Inc.,US,Industrials,Commercial Services,32.0,N,EXTENDED,KEEP_EXTENDED,MARKET_CAP_BELOW_THRESHOLD; METADATA_ONLY_AUDIT; below core threshold but retained for extended monitoring,EXTENDED,KEEP_EXTENDED,NON_TURNAROUND_ROLE_UNCHANGED; Gate 3 metrics recorded for v0.4 evidence only; legacy_reason=MARKET_CAP_BELOW_THRESHOLD; METADATA_ONLY_AUDIT; below core threshold but retained for extended monitoring,OBSERVATION_ONLY,N,FAIL,FAIL,FAIL,-37.8077,Y,1.7028,N,33.2284,39.7368,N,8682376.19,8921778.57,N,-37.8077,N,N,-1.0244,N,8682376.19,8678660.32,Y,INSUFFICIENT_GATE2_DATA,INSUFFICIENT_DATA,yfinance,2026-05-27,2026-05-27,,v0_1_legacy_columns_preserved; non_turnaround_role_unchanged
AXON,Axon Enterprise Inc.,US,Industrials,Aerospace & Defense,32.0,N,EXTENDED,KEEP_EXTENDED,MARKET_CAP_BELOW_THRESHOLD; METADATA_ONLY_AUDIT; below core threshold but retained for extended monitoring,EXTENDED,KEEP_EXTENDED,NON_TURNAROUND_ROLE_UNCHANGED; Gate 3 metrics recorded for v0.4 evidence only; legacy_reason=MARKET_CAP_BELOW_THRESHOLD; METADATA_ONLY_AUDIT; below core threshold but retained for extended monitoring,OBSERVATION_ONLY,N,FAIL,FAIL,FAIL,-55.0708,Y,13.1179,N,410.0118,569.2476,N,1225400.00,1015325.40,Y,-55.0708,N,N,-2.7994,N,1225400.00,1094434.92,Y,INSUFFICIENT_GATE2_DATA,INSUFFICIENT_DATA,yfinance,2026-05-27,2026-05-27,,v0_1_legacy_columns_preserved; non_turnaround_role_unchanged
WDAY,Workday Inc.,US,Information Technology,Software,32.0,N,EXTENDED,KEEP_EXTENDED,MARKET_CAP_BELOW_THRESHOLD; METADATA_ONLY_AUDIT; below core threshold but retained for extended monitoring,EXTENDED,KEEP_EXTENDED,NON_TURNAROUND_ROLE_UNCHANGED; Gate 3 metrics recorded for v0.4 evidence only; legacy_reason=MARKET_CAP_BELOW_THRESHOLD; METADATA_ONLY_AUDIT; below core threshold but retained for extended monitoring,OBSERVATION_ONLY,N,FAIL,FAIL,FAIL,-50.7711,Y,10.6667,N,125.3122,186.6542,N,4987800.00,4714022.22,Y,-50.7711,N,N,5.6607,Y,4987800.00,5190274.60,N,INSUFFICIENT_GATE2_DATA,INSUFFICIENT_DATA,yfinance,2026-05-27,2026-05-27,,v0_1_legacy_columns_preserved; non_turnaround_role_unchanged
KMB,Kimberly-Clark Corporation,US,Consumer Staples,Household Products,32.0,N,EXTENDED,KEEP_EXTENDED,MARKET_CAP_BELOW_THRESHOLD; METADATA_ONLY_AUDIT; below core threshold but retained for extended monitoring,EXTENDED,KEEP_EXTENDED,NON_TURNAROUND_ROLE_UNCHANGED; Gate 3 metrics recorded for v0.4 evidence only; legacy_reason=MARKET_CAP_BELOW_THRESHOLD; METADATA_ONLY_AUDIT; below core threshold but retained for extended monitoring,OBSERVATION_ONLY,N,FAIL,FAIL,FAIL,-30.3532,Y,7.6625,N,97.6792,108.3783,N,4435757.14,5317679.37,N,-30.3532,N,N,1.9644,N,4435757.14,4734819.05,N,INSUFFICIENT_GATE2_DATA,INSUFFICIENT_DATA,yfinance,2026-05-27,2026-05-27,,v0_1_legacy_columns_preserved; non_turnaround_role_unchanged
A,Agilent Technologies Inc.,US,Health Care,Life Sciences Tools,31.0,N,EXTENDED,KEEP_EXTENDED,MARKET_CAP_BELOW_THRESHOLD; METADATA_ONLY_AUDIT; below core threshold but retained for extended monitoring,EXTENDED,KEEP_EXTENDED,NON_TURNAROUND_ROLE_UNCHANGED; Gate 3 metrics recorded for v0.4 evidence only; legacy_reason=MARKET_CAP_BELOW_THRESHOLD; METADATA_ONLY_AUDIT; below core threshold but retained for extended monitoring,OBSERVATION_ONLY,N,FAIL,FAIL,FAIL,-26.3104,Y,5.0798,N,114.9262,129.4156,N,2262509.52,2191492.06,Y,-26.3104,N,N,0.1903,N,2262509.52,2248784.13,Y,INSUFFICIENT_GATE2_DATA,INSUFFICIENT_DATA,yfinance,2026-05-27,2026-05-27,,v0_1_legacy_columns_preserved; non_turnaround_role_unchanged
CASY,Casey's General Stores Inc.,US,Consumer Staples,Consumer Staples Distribution,31.0,N,EXTENDED,KEEP_EXTENDED,MARKET_CAP_BELOW_THRESHOLD; METADATA_ONLY_AUDIT; below core threshold but retained for extended monitoring,EXTENDED,KEEP_EXTENDED,NON_TURNAROUND_ROLE_UNCHANGED; Gate 3 metrics recorded for v0.4 evidence only; legacy_reason=MARKET_CAP_BELOW_THRESHOLD; METADATA_ONLY_AUDIT; below core threshold but retained for extended monitoring,OBSERVATION_ONLY,N,FAIL,FAIL,FAIL,-11.7047,N,47.1135,Y,779.1712,626.0896,Y,431709.52,466060.32,N,-11.7047,Y,Y,-2.5009,N,431709.52,610661.90,N,INSUFFICIENT_GATE2_DATA,INSUFFICIENT_DATA,yfinance,2026-05-27,2026-05-27,,v0_1_legacy_columns_preserved; non_turnaround_role_unchanged
HBAN,Huntington Bancshares Incorporated,US,Financials,Banks,31.0,N,EXTENDED,KEEP_EXTENDED,MARKET_CAP_BELOW_THRESHOLD; METADATA_ONLY_AUDIT; below core threshold but retained for extended monitoring,EXTENDED,KEEP_EXTENDED,NON_TURNAROUND_ROLE_UNCHANGED; Gate 3 metrics recorded for v0.4 evidence only; legacy_reason=MARKET_CAP_BELOW_THRESHOLD; METADATA_ONLY_AUDIT; below core threshold but retained for extended monitoring,OBSERVATION_ONLY,N,FAIL,FAIL,FAIL,-16.8137,N,6.7244,N,16.0304,16.7470,N,19717090.48,28007099.21,N,-16.8137,N,N,-3.0248,N,19717090.48,23944619.05,N,INSUFFICIENT_GATE2_DATA,INSUFFICIENT_DATA,yfinance,2026-05-27,2026-05-27,,v0_1_legacy_columns_preserved; non_turnaround_role_unchanged
Q,Qnity Electronics Inc.,US,Information Technology,Electronic Components,31.0,N,EXTENDED,KEEP_EXTENDED,MARKET_CAP_BELOW_THRESHOLD; METADATA_ONLY_AUDIT; below core threshold but retained for extended monitoring,EXTENDED,KEEP_EXTENDED,NON_TURNAROUND_ROLE_UNCHANGED; Gate 3 metrics recorded for v0.4 evidence only; legacy_reason=MARKET_CAP_BELOW_THRESHOLD; METADATA_ONLY_AUDIT; below core threshold but retained for extended monitoring,OBSERVATION_ONLY,N,INSUFFICIENT_DATA,INSUFFICIENT_DATA,INSUFFICIENT_DATA,,INSUFFICIENT_DATA,,INSUFFICIENT_DATA,,,INSUFFICIENT_DATA,,,INSUFFICIENT_DATA,,INSUFFICIENT_DATA,INSUFFICIENT_DATA,,INSUFFICIENT_DATA,,,INSUFFICIENT_DATA,INSUFFICIENT_GATE2_DATA,INSUFFICIENT_DATA,yfinance_failed,,2026-05-27,INSUFFICIENT_GATE3_DATA; insufficient rows for 52w window: 146,v0_1_legacy_columns_preserved; non_turnaround_role_unchanged
VICI,VICI Properties Inc.,US,Real Estate,Specialized REITs,31.0,N,EXTENDED,KEEP_EXTENDED,MARKET_CAP_BELOW_THRESHOLD; METADATA_ONLY_AUDIT; below core threshold but retained for extended monitoring,EXTENDED,KEEP_EXTENDED,NON_TURNAROUND_ROLE_UNCHANGED; Gate 3 metrics recorded for v0.4 evidence only; legacy_reason=MARKET_CAP_BELOW_THRESHOLD; METADATA_ONLY_AUDIT; below core threshold but retained for extended monitoring,OBSERVATION_ONLY,N,FAIL,FAIL,FAIL,-15.6204,N,7.5911,N,28.1466,29.6800,N,8315700.00,10238877.78,N,-15.6204,N,N,0.6681,N,8315700.00,8602866.67,N,INSUFFICIENT_GATE2_DATA,INSUFFICIENT_DATA,yfinance,2026-05-27,2026-05-27,,v0_1_legacy_columns_preserved; non_turnaround_role_unchanged
EXR,Extra Space Storage Inc.,US,Real Estate,Specialized REITs,30.0,N,EXTENDED,KEEP_EXTENDED,MARKET_CAP_BELOW_THRESHOLD; METADATA_ONLY_AUDIT; below core threshold but retained for extended monitoring,EXTENDED,KEEP_EXTENDED,NON_TURNAROUND_ROLE_UNCHANGED; Gate 3 metrics recorded for v0.4 evidence only; legacy_reason=MARKET_CAP_BELOW_THRESHOLD; METADATA_ONLY_AUDIT; below core threshold but retained for extended monitoring,OBSERVATION_ONLY,N,FAIL,FAIL,FAIL,-5.5951,N,14.0027,N,139.0160,139.5389,Y,1150519.05,1259546.83,N,-5.5951,Y,N,3.5044,Y,1150519.05,1176328.57,N,INSUFFICIENT_GATE2_DATA,INSUFFICIENT_DATA,yfinance,2026-05-27,2026-05-27,,v0_1_legacy_columns_preserved; non_turnaround_role_unchanged
NTRS,Northern Trust Corporation,US,Financials,Capital Markets,30.0,N,EXTENDED,KEEP_EXTENDED,MARKET_CAP_BELOW_THRESHOLD; METADATA_ONLY_AUDIT; below core threshold but retained for extended monitoring,EXTENDED,KEEP_EXTENDED,NON_TURNAROUND_ROLE_UNCHANGED; Gate 3 metrics recorded for v0.4 evidence only; legacy_reason=MARKET_CAP_BELOW_THRESHOLD; METADATA_ONLY_AUDIT; below core threshold but retained for extended monitoring,OBSERVATION_ONLY,N,FAIL,FAIL,FAIL,-2.2126,N,30.4388,Y,155.3694,140.5195,Y,1022519.05,1067454.76,N,-2.2126,N,Y,0.0775,N,1022519.05,1094336.51,N,INSUFFICIENT_GATE2_DATA,INSUFFICIENT_DATA,yfinance,2026-05-27,2026-05-27,,v0_1_legacy_columns_preserved; non_turnaround_role_unchanged
FISV,Fiserv Inc.,US,Financials,Financial Services,30.0,N,EXTENDED,KEEP_EXTENDED,MARKET_CAP_BELOW_THRESHOLD; METADATA_ONLY_AUDIT; below core threshold but retained for extended monitoring,EXTENDED,KEEP_EXTENDED,NON_TURNAROUND_ROLE_UNCHANGED; Gate 3 metrics recorded for v0.4 evidence only; legacy_reason=MARKET_CAP_BELOW_THRESHOLD; METADATA_ONLY_AUDIT; below core threshold but retained for extended monitoring,OBSERVATION_ONLY,N,FAIL,FAIL,FAIL,-68.3167,Y,6.2058,N,57.8528,81.5997,N,6772695.24,8210024.60,N,-68.3167,N,N,-9.2215,N,6772695.24,6342247.62,Y,INSUFFICIENT_GATE2_DATA,INSUFFICIENT_DATA,yfinance,2026-05-27,2026-05-27,,v0_1_legacy_columns_preserved; non_turnaround_role_unchanged
MTB,M&T Bank Corporation,US,Financials,Banks,30.0,N,EXTENDED,KEEP_EXTENDED,MARKET_CAP_BELOW_THRESHOLD; METADATA_ONLY_AUDIT; below core threshold but retained for extended monitoring,EXTENDED,KEEP_EXTENDED,NON_TURNAROUND_ROLE_UNCHANGED; Gate 3 metrics recorded for v0.4 evidence only; legacy_reason=MARKET_CAP_BELOW_THRESHOLD; METADATA_ONLY_AUDIT; below core threshold but retained for extended monitoring,OBSERVATION_ONLY,N,FAIL,FAIL,FAIL,-9.6256,N,14.6711,N,211.4928,204.0984,Y,934790.48,1109999.21,N,-9.6256,Y,Y,-1.2940,N,934790.48,1093319.05,N,INSUFFICIENT_GATE2_DATA,INSUFFICIENT_DATA,yfinance,2026-05-27,2026-05-27,,v0_1_legacy_columns_preserved; non_turnaround_role_unchanged
RJF,Raymond James Financial Inc.,US,Financials,Capital Markets,30.0,N,EXTENDED,KEEP_EXTENDED,MARKET_CAP_BELOW_THRESHOLD; METADATA_ONLY_AUDIT; below core threshold but retained for extended monitoring,EXTENDED,KEEP_EXTENDED,NON_TURNAROUND_ROLE_UNCHANGED; Gate 3 metrics recorded for v0.4 evidence only; legacy_reason=MARKET_CAP_BELOW_THRESHOLD; METADATA_ONLY_AUDIT; below core threshold but retained for extended monitoring,OBSERVATION_ONLY,N,FAIL,FAIL,FAIL,-17.5877,N,3.2011,N,150.2298,160.0452,N,1288728.57,1370671.43,N,-17.5877,N,N,-5.7680,N,1288728.57,1377865.08,N,INSUFFICIENT_GATE2_DATA,INSUFFICIENT_DATA,yfinance,2026-05-27,2026-05-27,,v0_1_legacy_columns_preserved; non_turnaround_role_unchanged
UAL,United Airlines Holdings Inc.,US,Industrials,Passenger Airlines,30.0,N,EXTENDED,KEEP_EXTENDED,MARKET_CAP_BELOW_THRESHOLD; METADATA_ONLY_AUDIT; below core threshold but retained for extended monitoring,EXTENDED,KEEP_EXTENDED,NON_TURNAROUND_ROLE_UNCHANGED; Gate 3 metrics recorded for v0.4 evidence only; legacy_reason=MARKET_CAP_BELOW_THRESHOLD; METADATA_ONLY_AUDIT; below core threshold but retained for extended monitoring,OBSERVATION_ONLY,N,FAIL,FAIL,FAIL,-4.1777,N,32.1676,Y,94.6694,101.4256,N,5905966.67,6578543.65,N,-4.1777,Y,N,22.5462,Y,5905966.67,7909644.44,N,INSUFFICIENT_GATE2_DATA,INSUFFICIENT_DATA,yfinance,2026-05-27,2026-05-27,,v0_1_legacy_columns_preserved; non_turnaround_role_unchanged
ATO,Atmos Energy Corporation,US,Utilities,Gas Utilities,29.0,N,EXTENDED,KEEP_EXTENDED,MARKET_CAP_BELOW_THRESHOLD; METADATA_ONLY_AUDIT; below core threshold but retained for extended monitoring,EXTENDED,KEEP_EXTENDED,NON_TURNAROUND_ROLE_UNCHANGED; Gate 3 metrics recorded for v0.4 evidence only; legacy_reason=MARKET_CAP_BELOW_THRESHOLD; METADATA_ONLY_AUDIT; below core threshold but retained for extended monitoring,OBSERVATION_ONLY,N,FAIL,FAIL,FAIL,-8.3468,N,6.5925,N,184.1020,174.9889,Y,1262152.38,1197815.87,Y,-8.3468,Y,Y,-5.0533,N,1262152.38,1106928.57,Y,INSUFFICIENT_GATE2_DATA,INSUFFICIENT_DATA,yfinance,2026-05-27,2026-05-27,,v0_1_legacy_columns_preserved; non_turnaround_role_unchanged
AEE,Ameren Corporation,US,Utilities,Multi-Utilities,29.0,N,EXTENDED,KEEP_EXTENDED,MARKET_CAP_BELOW_THRESHOLD; METADATA_ONLY_AUDIT; below core threshold but retained for extended monitoring,EXTENDED,KEEP_EXTENDED,NON_TURNAROUND_ROLE_UNCHANGED; Gate 3 metrics recorded for v0.4 evidence only; legacy_reason=MARKET_CAP_BELOW_THRESHOLD; METADATA_ONLY_AUDIT; below core threshold but retained for extended monitoring,OBSERVATION_ONLY,N,FAIL,FAIL,FAIL,-2.7992,N,14.2622,N,110.4742,105.1725,Y,1791814.29,1752133.33,Y,-2.7992,N,Y,-0.7059,N,1791814.29,1695011.11,Y,INSUFFICIENT_GATE2_DATA,INSUFFICIENT_DATA,yfinance,2026-05-27,2026-05-27,,v0_1_legacy_columns_preserved; non_turnaround_role_unchanged
RMD,ResMed Inc.,US,Health Care,Health Care Equipment,29.0,N,EXTENDED,KEEP_EXTENDED,MARKET_CAP_BELOW_THRESHOLD; METADATA_ONLY_AUDIT; below core threshold but retained for extended monitoring,EXTENDED,KEEP_EXTENDED,NON_TURNAROUND_ROLE_UNCHANGED; Gate 3 metrics recorded for v0.4 evidence only; legacy_reason=MARKET_CAP_BELOW_THRESHOLD; METADATA_ONLY_AUDIT; below core threshold but retained for extended monitoring,OBSERVATION_ONLY,N,FAIL,FAIL,FAIL,-29.8335,Y,3.6929,N,217.8846,249.9164,N,1521542.86,1108105.56,Y,-29.8335,N,N,-7.1705,N,1521542.86,1185741.27,Y,INSUFFICIENT_GATE2_DATA,INSUFFICIENT_DATA,yfinance,2026-05-27,2026-05-27,,v0_1_legacy_columns_preserved; non_turnaround_role_unchanged
DTE,DTE Energy Company,US,Utilities,Multi-Utilities,29.0,N,EXTENDED,KEEP_EXTENDED,MARKET_CAP_BELOW_THRESHOLD; METADATA_ONLY_AUDIT; below core threshold but retained for extended monitoring,EXTENDED,KEEP_EXTENDED,NON_TURNAROUND_ROLE_UNCHANGED; Gate 3 metrics recorded for v0.4 evidence only; legacy_reason=MARKET_CAP_BELOW_THRESHOLD; METADATA_ONLY_AUDIT; below core threshold but retained for extended monitoring,OBSERVATION_ONLY,N,FAIL,FAIL,FAIL,-4.2323,N,13.8123,N,145.4720,139.5201,Y,1703957.14,1482255.56,Y,-4.2323,Y,Y,-0.8396,N,1703957.14,1359415.87,Y,INSUFFICIENT_GATE2_DATA,INSUFFICIENT_DATA,yfinance,2026-05-27,2026-05-27,,v0_1_legacy_columns_preserved; non_turnaround_role_unchanged
EL,The Estée Lauder Companies Inc.,US,Consumer Staples,Personal Care Products,28.0,Y,HIGH_RISK_REVIEW,REVIEW_BEFORE_SCORING,TURNAROUND_IN_PROGRESS; METADATA_ONLY_AUDIT; turnaround flag prevents core classification,GATE3_FAIL_REVIEW,REVIEW_BEFORE_SCORING,"Gate3 FAIL; no recovery/continuation signal; preprocessing review only, not EXCLUDE; metadata_role=EXTENDED; recovery=FAIL; continuation=FAIL",RECOVERY,Y,FAIL,FAIL,FAIL,-23.7522,Y,35.6537,Y,78.1358,93.5164,N,3869290.48,4170841.27,N,-23.7522,N,N,17.9514,Y,3869290.48,4533487.30,N,INSUFFICIENT_GATE2_DATA,INSUFFICIENT_DATA,yfinance,2026-05-27,2026-05-27,,v0_1_legacy_columns_preserved; turnaround_gate3_recovery_applied; role_changed:HIGH_RISK_REVIEW->GATE3_FAIL_REVIEW
IQV,IQVIA Holdings Inc.,US,Health Care,Life Sciences Tools,28.0,N,EXTENDED,KEEP_EXTENDED,MARKET_CAP_BELOW_THRESHOLD; METADATA_ONLY_AUDIT; below core threshold but retained for extended monitoring,EXTENDED,KEEP_EXTENDED,NON_TURNAROUND_ROLE_UNCHANGED; Gate 3 metrics recorded for v0.4 evidence only; legacy_reason=MARKET_CAP_BELOW_THRESHOLD; METADATA_ONLY_AUDIT; below core threshold but retained for extended monitoring,OBSERVATION_ONLY,N,FAIL,FAIL,FAIL,-32.2035,Y,5.7194,N,169.3102,195.9382,N,1866395.24,1791776.98,Y,-32.2035,N,N,1.0864,N,1866395.24,1726077.78,Y,INSUFFICIENT_GATE2_DATA,INSUFFICIENT_DATA,yfinance,2026-05-27,2026-05-27,,v0_1_legacy_columns_preserved; non_turnaround_role_unchanged
CNC,Centene Corporation,US,Health Care,Health Care Providers,28.0,N,EXTENDED,KEEP_EXTENDED,MARKET_CAP_BELOW_THRESHOLD; METADATA_ONLY_AUDIT; below core threshold but retained for extended monitoring,EXTENDED,KEEP_EXTENDED,NON_TURNAROUND_ROLE_UNCHANGED; Gate 3 metrics recorded for v0.4 evidence only; legacy_reason=MARKET_CAP_BELOW_THRESHOLD; METADATA_ONLY_AUDIT; below core threshold but retained for extended monitoring,OBSERVATION_ONLY,N,FAIL,FAIL,FAIL,-0.8262,N,84.9686,Y,44.7664,39.3296,Y,6785742.86,6430655.56,Y,-0.8262,N,Y,35.2184,Y,6785742.86,6414847.62,Y,INSUFFICIENT_GATE2_DATA,INSUFFICIENT_DATA,yfinance,2026-05-27,2026-05-27,,v0_1_legacy_columns_preserved; non_turnaround_role_unchanged
TDY,Teledyne Technologies Incorporated,US,Industrials,Aerospace & Defense,28.0,N,EXTENDED,KEEP_EXTENDED,MARKET_CAP_BELOW_THRESHOLD; METADATA_ONLY_AUDIT; below core threshold but retained for extended monitoring,EXTENDED,KEEP_EXTENDED,NON_TURNAROUND_ROLE_UNCHANGED; Gate 3 metrics recorded for v0.4 evidence only; legacy_reason=MARKET_CAP_BELOW_THRESHOLD; METADATA_ONLY_AUDIT; below core threshold but retained for extended monitoring,OBSERVATION_ONLY,N,FAIL,FAIL,FAIL,-11.0472,N,24.4074,Y,631.2748,582.2071,Y,289576.19,341126.98,N,-11.0472,Y,Y,-6.5554,N,289576.19,317682.54,N,INSUFFICIENT_GATE2_DATA,INSUFFICIENT_DATA,yfinance,2026-05-27,2026-05-27,,v0_1_legacy_columns_preserved; non_turnaround_role_unchanged
DOV,Dover Corporation,US,Industrials,Machinery,28.0,N,EXTENDED,KEEP_EXTENDED,MARKET_CAP_BELOW_THRESHOLD; METADATA_ONLY_AUDIT; below core threshold but retained for extended monitoring,EXTENDED,KEEP_EXTENDED,NON_TURNAROUND_ROLE_UNCHANGED; Gate 3 metrics recorded for v0.4 evidence only; legacy_reason=MARKET_CAP_BELOW_THRESHOLD; METADATA_ONLY_AUDIT; below core threshold but retained for extended monitoring,OBSERVATION_ONLY,N,FAIL,FAIL,FAIL,-8.5466,N,16.5702,Y,215.6766,197.3884,Y,826871.43,1120985.71,N,-8.5466,Y,Y,-5.6845,N,826871.43,1029771.43,N,INSUFFICIENT_GATE2_DATA,INSUFFICIENT_DATA,yfinance,2026-05-27,2026-05-27,,v0_1_legacy_columns_preserved; non_turnaround_role_unchanged
BIIB,Biogen Inc.,US,Health Care,Biotechnology,28.0,Y,HIGH_RISK_REVIEW,REVIEW_BEFORE_SCORING,TURNAROUND_IN_PROGRESS; METADATA_ONLY_AUDIT; turnaround flag prevents core classification,MANUAL_REVIEW,MANUAL_REVIEW,Gate 3 MANUAL_REVIEW; no arbitrary classification; metadata_role=HIGH_RISK_REVIEW; recovery=FAIL; continuation=INSUFFICIENT_DATA,RECOVERY,Y,FAIL,INSUFFICIENT_DATA,MANUAL_REVIEW,-3.6963,N,19.7969,Y,186.2254,169.8741,Y,1191823.81,1486963.49,N,-3.6963,Y,Y,9.0220,Y,1191823.81,1152731.75,Y,INSUFFICIENT_GATE2_DATA,INSUFFICIENT_DATA,yfinance,2026-05-27,2026-05-27,,v0_1_legacy_columns_preserved; turnaround_gate3_recovery_applied; role_changed:HIGH_RISK_REVIEW->MANUAL_REVIEW; action_changed:REVIEW_BEFORE_SCORING->MANUAL_REVIEW
GEHC,GE HealthCare Technologies Inc.,US,Health Care,Health Care Equipment,27.0,N,EXTENDED,KEEP_EXTENDED,MARKET_CAP_BELOW_THRESHOLD; METADATA_ONLY_AUDIT; below core threshold but retained for extended monitoring,EXTENDED,KEEP_EXTENDED,NON_TURNAROUND_ROLE_UNCHANGED; Gate 3 metrics recorded for v0.4 evidence only; legacy_reason=MARKET_CAP_BELOW_THRESHOLD; METADATA_ONLY_AUDIT; below core threshold but retained for extended monitoring,OBSERVATION_ONLY,N,FAIL,FAIL,FAIL,-27.5408,Y,7.3884,N,67.7806,75.4734,N,6783719.05,3994103.97,Y,-27.5408,N,N,-9.3644,N,6783719.05,4603034.92,Y,INSUFFICIENT_GATE2_DATA,INSUFFICIENT_DATA,yfinance,2026-05-27,2026-05-27,,v0_1_legacy_columns_preserved; non_turnaround_role_unchanged
VRSN,VeriSign Inc.,US,Information Technology,IT Services,27.0,N,EXTENDED,KEEP_EXTENDED,MARKET_CAP_BELOW_THRESHOLD; METADATA_ONLY_AUDIT; below core threshold but retained for extended monitoring,EXTENDED,KEEP_EXTENDED,NON_TURNAROUND_ROLE_UNCHANGED; Gate 3 metrics recorded for v0.4 evidence only; legacy_reason=MARKET_CAP_BELOW_THRESHOLD; METADATA_ONLY_AUDIT; below core threshold but retained for extended monitoring,OBSERVATION_ONLY,N,FAIL,FAIL,FAIL,-4.6290,N,39.7938,Y,272.1632,257.5046,Y,779295.24,814782.54,N,-4.6290,Y,Y,10.3583,Y,779295.24,837674.60,N,INSUFFICIENT_GATE2_DATA,INSUFFICIENT_DATA,yfinance,2026-05-27,2026-05-27,,v0_1_legacy_columns_preserved; non_turnaround_role_unchanged
DOW,Dow Inc.,US,Materials,Chemicals,27.0,N,EXTENDED,KEEP_EXTENDED,MARKET_CAP_BELOW_THRESHOLD; METADATA_ONLY_AUDIT; below core threshold but retained for extended monitoring,EXTENDED,KEEP_EXTENDED,NON_TURNAROUND_ROLE_UNCHANGED; Gate 3 metrics recorded for v0.4 evidence only; legacy_reason=MARKET_CAP_BELOW_THRESHOLD; METADATA_ONLY_AUDIT; below core threshold but retained for extended monitoring,OBSERVATION_ONLY,N,FAIL,FAIL,FAIL,-17.6260,N,53.0848,Y,38.6190,28.8270,Y,11187085.71,13210901.59,N,-17.6260,N,Y,-9.4751,N,11187085.71,14168506.35,N,INSUFFICIENT_GATE2_DATA,INSUFFICIENT_DATA,yfinance,2026-05-27,2026-05-27,,v0_1_legacy_columns_preserved; non_turnaround_role_unchanged
KHC,The Kraft Heinz Company,US,Consumer Staples,Food Products,27.0,N,EXTENDED,KEEP_EXTENDED,MARKET_CAP_BELOW_THRESHOLD; METADATA_ONLY_AUDIT; below core threshold but retained for extended monitoring,EXTENDED,KEEP_EXTENDED,NON_TURNAROUND_ROLE_UNCHANGED; Gate 3 metrics recorded for v0.4 evidence only; legacy_reason=MARKET_CAP_BELOW_THRESHOLD; METADATA_ONLY_AUDIT; below core threshold but retained for extended monitoring,OBSERVATION_ONLY,N,FAIL,FAIL,FAIL,-15.7567,N,14.9458,N,22.6560,24.4354,N,14750176.19,15154156.35,N,-15.7567,N,N,11.2226,Y,14750176.19,15272900.00,N,INSUFFICIENT_GATE2_DATA,INSUFFICIENT_DATA,yfinance,2026-05-27,2026-05-27,,v0_1_legacy_columns_preserved; non_turnaround_role_unchanged
FOXA,Fox Corporation Class A,US,Communication Services,Media,27.0,N,EXTENDED,KEEP_EXTENDED,MARKET_CAP_BELOW_THRESHOLD; METADATA_ONLY_AUDIT; below core threshold but retained for extended monitoring,EXTENDED,KEEP_EXTENDED,NON_TURNAROUND_ROLE_UNCHANGED; Gate 3 metrics recorded for v0.4 evidence only; legacy_reason=MARKET_CAP_BELOW_THRESHOLD; METADATA_ONLY_AUDIT; below core threshold but retained for extended monitoring,OBSERVATION_ONLY,N,FAIL,FAIL,FAIL,-13.9666,N,20.9904,Y,62.3074,63.4612,Y,2887580.95,3618811.11,N,-13.9666,Y,N,2.5368,N,2887580.95,3451047.62,N,INSUFFICIENT_GATE2_DATA,INSUFFICIENT_DATA,yfinance,2026-05-27,2026-05-27,,v0_1_legacy_columns_preserved; non_turnaround_role_unchanged
FICO,Fair Isaac Corporation,US,Information Technology,Software,27.0,N,EXTENDED,KEEP_EXTENDED,MARKET_CAP_BELOW_THRESHOLD; METADATA_ONLY_AUDIT; below core threshold but retained for extended monitoring,EXTENDED,KEEP_EXTENDED,NON_TURNAROUND_ROLE_UNCHANGED; Gate 3 metrics recorded for v0.4 evidence only; legacy_reason=MARKET_CAP_BELOW_THRESHOLD; METADATA_ONLY_AUDIT; below core threshold but retained for extended monitoring,OBSERVATION_ONLY,N,FAIL,FAIL,FAIL,-33.6384,Y,38.6071,Y,1083.2626,1445.3086,N,364919.05,323804.76,Y,-33.6384,N,N,26.1030,Y,364919.05,382968.25,N,INSUFFICIENT_GATE2_DATA,INSUFFICIENT_DATA,yfinance,2026-05-27,2026-05-27,,v0_1_legacy_columns_preserved; non_turnaround_role_unchanged
IR,Ingersoll Rand Inc.,US,Industrials,Machinery,27.0,N,EXTENDED,KEEP_EXTENDED,MARKET_CAP_BELOW_THRESHOLD; METADATA_ONLY_AUDIT; below core threshold but retained for extended monitoring,EXTENDED,KEEP_EXTENDED,NON_TURNAROUND_ROLE_UNCHANGED; Gate 3 metrics recorded for v0.4 evidence only; legacy_reason=MARKET_CAP_BELOW_THRESHOLD; METADATA_ONLY_AUDIT; below core threshold but retained for extended monitoring,OBSERVATION_ONLY,N,FAIL,FAIL,FAIL,-28.1491,Y,3.5308,N,79.2148,81.9105,N,4005580.95,3524409.52,Y,-28.1491,N,N,-15.5339,N,4005580.95,3537203.17,Y,INSUFFICIENT_GATE2_DATA,INSUFFICIENT_DATA,yfinance,2026-05-27,2026-05-27,,v0_1_legacy_columns_preserved; non_turnaround_role_unchanged
OTIS,Otis Worldwide Corporation,US,Industrials,Machinery,27.0,N,EXTENDED,KEEP_EXTENDED,MARKET_CAP_BELOW_THRESHOLD; METADATA_ONLY_AUDIT; below core threshold but retained for extended monitoring,EXTENDED,KEEP_EXTENDED,NON_TURNAROUND_ROLE_UNCHANGED; Gate 3 metrics recorded for v0.4 evidence only; legacy_reason=MARKET_CAP_BELOW_THRESHOLD; METADATA_ONLY_AUDIT; below core threshold but retained for extended monitoring,OBSERVATION_ONLY,N,FAIL,FAIL,FAIL,-28.9700,Y,1.1982,N,77.0650,86.1481,N,3988138.10,3560249.21,Y,-28.9700,N,N,-7.3438,N,3988138.10,3818566.67,Y,INSUFFICIENT_GATE2_DATA,INSUFFICIENT_DATA,yfinance,2026-05-27,2026-05-27,,v0_1_legacy_columns_preserved; non_turnaround_role_unchanged
CNP,CenterPoint Energy Inc.,US,Utilities,Multi-Utilities,27.0,N,EXTENDED,KEEP_EXTENDED,MARKET_CAP_BELOW_THRESHOLD; METADATA_ONLY_AUDIT; below core threshold but retained for extended monitoring,EXTENDED,KEEP_EXTENDED,NON_TURNAROUND_ROLE_UNCHANGED; Gate 3 metrics recorded for v0.4 evidence only; legacy_reason=MARKET_CAP_BELOW_THRESHOLD; METADATA_ONLY_AUDIT; below core threshold but retained for extended monitoring,OBSERVATION_ONLY,N,FAIL,FAIL,FAIL,-2.4241,N,15.3764,Y,42.7698,40.2729,Y,5282938.10,5085707.14,Y,-2.4241,N,Y,0.4197,N,5282938.10,4866136.51,Y,INSUFFICIENT_GATE2_DATA,INSUFFICIENT_DATA,yfinance,2026-05-27,2026-05-27,,v0_1_legacy_columns_preserved; non_turnaround_role_unchanged
WRB,W. R. Berkley Corporation,US,Financials,Insurance,26.0,N,EXTENDED,KEEP_EXTENDED,MARKET_CAP_BELOW_THRESHOLD; METADATA_ONLY_AUDIT; below core threshold but retained for extended monitoring,EXTENDED,KEEP_EXTENDED,NON_TURNAROUND_ROLE_UNCHANGED; Gate 3 metrics recorded for v0.4 evidence only; legacy_reason=MARKET_CAP_BELOW_THRESHOLD; METADATA_ONLY_AUDIT; below core threshold but retained for extended monitoring,OBSERVATION_ONLY,N,FAIL,FAIL,FAIL,-16.7856,N,1.2405,N,66.4958,70.6471,N,1866366.67,2466244.44,N,-16.7856,N,N,-1.3746,N,1866366.67,2107282.54,N,INSUFFICIENT_GATE2_DATA,INSUFFICIENT_DATA,yfinance,2026-05-27,2026-05-27,,v0_1_legacy_columns_preserved; non_turnaround_role_unchanged
TPL,Texas Pacific Land Corporation,US,Energy,Oil Gas & Consumable Fuels,26.0,N,EXTENDED,KEEP_EXTENDED,MARKET_CAP_BELOW_THRESHOLD; METADATA_ONLY_AUDIT; below core threshold but retained for extended monitoring,EXTENDED,KEEP_EXTENDED,NON_TURNAROUND_ROLE_UNCHANGED; Gate 3 metrics recorded for v0.4 evidence only; legacy_reason=MARKET_CAP_BELOW_THRESHOLD; METADATA_ONLY_AUDIT; below core threshold but retained for extended monitoring,OBSERVATION_ONLY,N,FAIL,FAIL,FAIL,-24.7689,Y,48.4446,Y,439.9538,365.0214,Y,385361.90,478624.60,N,-24.7689,N,Y,-7.0520,N,385361.90,470919.05,N,INSUFFICIENT_GATE2_DATA,INSUFFICIENT_DATA,yfinance,2026-05-27,2026-05-27,,v0_1_legacy_columns_preserved; non_turnaround_role_unchanged
TPR,Tapestry Inc.,US,Consumer Discretionary,Textiles & Apparel,26.0,N,EXTENDED,KEEP_EXTENDED,MARKET_CAP_BELOW_THRESHOLD; METADATA_ONLY_AUDIT; below core threshold but retained for extended monitoring,EXTENDED,KEEP_EXTENDED,NON_TURNAROUND_ROLE_UNCHANGED; Gate 3 metrics recorded for v0.4 evidence only; legacy_reason=MARKET_CAP_BELOW_THRESHOLD; METADATA_ONLY_AUDIT; below core threshold but retained for extended monitoring,OBSERVATION_ONLY,N,FAIL,FAIL,FAIL,-13.4962,N,31.3559,Y,142.2192,126.6424,Y,2611538.10,2363123.81,Y,-13.4962,Y,Y,-5.2161,N,2611538.10,2132266.67,Y,INSUFFICIENT_GATE2_DATA,INSUFFICIENT_DATA,yfinance,2026-05-27,2026-05-27,,v0_1_legacy_columns_preserved; non_turnaround_role_unchanged
NRG,NRG Energy Inc.,US,Utilities,Independent Power Producers,26.0,N,EXTENDED,KEEP_EXTENDED,MARKET_CAP_BELOW_THRESHOLD; METADATA_ONLY_AUDIT; below core threshold but retained for extended monitoring,EXTENDED,KEEP_EXTENDED,NON_TURNAROUND_ROLE_UNCHANGED; Gate 3 metrics recorded for v0.4 evidence only; legacy_reason=MARKET_CAP_BELOW_THRESHOLD; METADATA_ONLY_AUDIT; below core threshold but retained for extended monitoring,OBSERVATION_ONLY,N,FAIL,FAIL,FAIL,-25.0122,Y,11.5512,N,149.6986,158.0568,N,2838171.43,2448329.37,Y,-25.0122,N,N,-13.8308,N,2838171.43,2947490.48,N,INSUFFICIENT_GATE2_DATA,INSUFFICIENT_DATA,yfinance,2026-05-27,2026-05-27,,v0_1_legacy_columns_preserved; non_turnaround_role_unchanged
EIX,Edison International,US,Utilities,Electric Utilities,26.0,N,EXTENDED,KEEP_EXTENDED,MARKET_CAP_BELOW_THRESHOLD; METADATA_ONLY_AUDIT; below core threshold but retained for extended monitoring,EXTENDED,KEEP_EXTENDED,NON_TURNAROUND_ROLE_UNCHANGED; Gate 3 metrics recorded for v0.4 evidence only; legacy_reason=MARKET_CAP_BELOW_THRESHOLD; METADATA_ONLY_AUDIT; below core threshold but retained for extended monitoring,OBSERVATION_ONLY,N,FAIL,FAIL,FAIL,-5.4867,N,27.8958,Y,70.9312,62.6781,Y,2771209.52,3157983.33,N,-5.4867,Y,Y,4.5063,Y,2771209.52,3090458.73,N,INSUFFICIENT_GATE2_DATA,INSUFFICIENT_DATA,yfinance,2026-05-27,2026-05-27,,v0_1_legacy_columns_preserved; non_turnaround_role_unchanged
ROL,Rollins Inc.,US,Industrials,Commercial Services,26.0,N,EXTENDED,KEEP_EXTENDED,MARKET_CAP_BELOW_THRESHOLD; METADATA_ONLY_AUDIT; below core threshold but retained for extended monitoring,EXTENDED,KEEP_EXTENDED,NON_TURNAROUND_ROLE_UNCHANGED; Gate 3 metrics recorded for v0.4 evidence only; legacy_reason=MARKET_CAP_BELOW_THRESHOLD; METADATA_ONLY_AUDIT; below core threshold but retained for extended monitoring,OBSERVATION_ONLY,N,FAIL,FAIL,FAIL,-23.2012,Y,0.0000,N,54.1200,57.7957,N,2868061.90,2877542.86,N,-23.2012,N,N,-9.9875,N,2868061.90,2916003.17,N,INSUFFICIENT_GATE2_DATA,INSUFFICIENT_DATA,yfinance,2026-05-27,2026-05-27,,v0_1_legacy_columns_preserved; non_turnaround_role_unchanged
PPL,PPL Corporation,US,Utilities,Electric Utilities,26.0,N,EXTENDED,KEEP_EXTENDED,MARKET_CAP_BELOW_THRESHOLD; METADATA_ONLY_AUDIT; below core threshold but retained for extended monitoring,EXTENDED,KEEP_EXTENDED,NON_TURNAROUND_ROLE_UNCHANGED; Gate 3 metrics recorded for v0.4 evidence only; legacy_reason=MARKET_CAP_BELOW_THRESHOLD; METADATA_ONLY_AUDIT; below core threshold but retained for extended monitoring,OBSERVATION_ONLY,N,FAIL,FAIL,FAIL,-9.9724,N,7.7571,N,37.6092,36.6705,Y,9131461.90,8139998.41,Y,-9.9724,Y,Y,-7.4858,N,9131461.90,7936038.10,Y,INSUFFICIENT_GATE2_DATA,INSUFFICIENT_DATA,yfinance,2026-05-27,2026-05-27,,v0_1_legacy_columns_preserved; non_turnaround_role_unchanged
FOX,Fox Corporation Class B,US,Communication Services,Media,26.0,N,EXTENDED,KEEP_EXTENDED,MARKET_CAP_BELOW_THRESHOLD; METADATA_ONLY_AUDIT; below core threshold but retained for extended monitoring,EXTENDED,KEEP_EXTENDED,NON_TURNAROUND_ROLE_UNCHANGED; Gate 3 metrics recorded for v0.4 evidence only; legacy_reason=MARKET_CAP_BELOW_THRESHOLD; METADATA_ONLY_AUDIT; below core threshold but retained for extended monitoring,OBSERVATION_ONLY,N,FAIL,FAIL,FAIL,-13.4888,N,18.1378,Y,55.9911,57.1414,N,925028.57,1532442.06,N,-13.4888,Y,N,2.6261,N,925028.57,1471512.70,N,INSUFFICIENT_GATE2_DATA,INSUFFICIENT_DATA,yfinance,2026-05-27,2026-05-27,,v0_1_legacy_columns_preserved; non_turnaround_role_unchanged
CINF,Cincinnati Financial Corporation,US,Financials,Insurance,25.0,N,EXTENDED,KEEP_EXTENDED,MARKET_CAP_BELOW_THRESHOLD; METADATA_ONLY_AUDIT; below core threshold but retained for extended monitoring,EXTENDED,KEEP_EXTENDED,NON_TURNAROUND_ROLE_UNCHANGED; Gate 3 metrics recorded for v0.4 evidence only; legacy_reason=MARKET_CAP_BELOW_THRESHOLD; METADATA_ONLY_AUDIT; below core threshold but retained for extended monitoring,OBSERVATION_ONLY,N,FAIL,FAIL,FAIL,-5.6241,N,6.0255,N,162.6472,161.1100,Y,628357.14,696903.97,N,-5.6241,Y,Y,-1.6300,N,628357.14,744884.13,N,INSUFFICIENT_GATE2_DATA,INSUFFICIENT_DATA,yfinance,2026-05-27,2026-05-27,,v0_1_legacy_columns_preserved; non_turnaround_role_unchanged
AVB,AvalonBay Communities Inc.,US,Real Estate,Residential REITs,25.0,N,EXTENDED,KEEP_EXTENDED,MARKET_CAP_BELOW_THRESHOLD; METADATA_ONLY_AUDIT; below core threshold but retained for extended monitoring,EXTENDED,KEEP_EXTENDED,NON_TURNAROUND_ROLE_UNCHANGED; Gate 3 metrics recorded for v0.4 evidence only; legacy_reason=MARKET_CAP_BELOW_THRESHOLD; METADATA_ONLY_AUDIT; below core threshold but retained for extended monitoring,OBSERVATION_ONLY,N,FAIL,FAIL,FAIL,-10.8222,N,15.8075,Y,175.0314,180.7359,N,1154028.57,1079757.14,Y,-10.8222,Y,N,6.8568,Y,1154028.57,1049984.13,Y,INSUFFICIENT_GATE2_DATA,INSUFFICIENT_DATA,yfinance,2026-05-27,2026-05-27,,v0_1_legacy_columns_preserved; non_turnaround_role_unchanged
CFG,Citizens Financial Group Inc.,US,Financials,Banks,25.0,N,EXTENDED,KEEP_EXTENDED,MARKET_CAP_BELOW_THRESHOLD; METADATA_ONLY_AUDIT; below core threshold but retained for extended monitoring,EXTENDED,KEEP_EXTENDED,NON_TURNAROUND_ROLE_UNCHANGED; Gate 3 metrics recorded for v0.4 evidence only; legacy_reason=MARKET_CAP_BELOW_THRESHOLD; METADATA_ONLY_AUDIT; below core threshold but retained for extended monitoring,OBSERVATION_ONLY,N,FAIL,FAIL,FAIL,-7.3987,N,19.4923,Y,62.2734,57.5392,Y,3656419.05,4869544.44,N,-7.3987,Y,Y,-2.6243,N,3656419.05,4648460.32,N,INSUFFICIENT_GATE2_DATA,INSUFFICIENT_DATA,yfinance,2026-05-27,2026-05-27,,v0_1_legacy_columns_preserved; non_turnaround_role_unchanged
EXPE,Expedia Group Inc.,US,Consumer Discretionary,Hotels Restaurants,25.0,N,EXTENDED,KEEP_EXTENDED,MARKET_CAP_BELOW_THRESHOLD; METADATA_ONLY_AUDIT; below core threshold but retained for extended monitoring,EXTENDED,KEEP_EXTENDED,NON_TURNAROUND_ROLE_UNCHANGED; Gate 3 metrics recorded for v0.4 evidence only; legacy_reason=MARKET_CAP_BELOW_THRESHOLD; METADATA_ONLY_AUDIT; below core threshold but retained for extended monitoring,OBSERVATION_ONLY,N,FAIL,FAIL,FAIL,-24.8083,Y,20.1846,Y,237.0270,239.0163,N,1781571.43,2176142.86,N,-24.8083,N,N,-7.6095,N,1781571.43,1988131.75,N,INSUFFICIENT_GATE2_DATA,INSUFFICIENT_DATA,yfinance,2026-05-27,2026-05-27,,v0_1_legacy_columns_preserved; non_turnaround_role_unchanged
XYL,Xylem Inc.,US,Industrials,Machinery,25.0,N,EXTENDED,KEEP_EXTENDED,MARKET_CAP_BELOW_THRESHOLD; METADATA_ONLY_AUDIT; below core threshold but retained for extended monitoring,EXTENDED,KEEP_EXTENDED,NON_TURNAROUND_ROLE_UNCHANGED; Gate 3 metrics recorded for v0.4 evidence only; legacy_reason=MARKET_CAP_BELOW_THRESHOLD; METADATA_ONLY_AUDIT; below core threshold but retained for extended monitoring,OBSERVATION_ONLY,N,FAIL,FAIL,FAIL,-28.0157,Y,3.5358,N,118.2584,134.5552,N,2062076.19,1872335.71,Y,-28.0157,N,N,-10.8574,N,2062076.19,2178188.89,N,INSUFFICIENT_GATE2_DATA,INSUFFICIENT_DATA,yfinance,2026-05-27,2026-05-27,,v0_1_legacy_columns_preserved; non_turnaround_role_unchanged
FE,FirstEnergy Corp.,US,Utilities,Electric Utilities,25.0,N,EXTENDED,KEEP_EXTENDED,MARKET_CAP_BELOW_THRESHOLD; METADATA_ONLY_AUDIT; below core threshold but retained for extended monitoring,EXTENDED,KEEP_EXTENDED,NON_TURNAROUND_ROLE_UNCHANGED; Gate 3 metrics recorded for v0.4 evidence only; legacy_reason=MARKET_CAP_BELOW_THRESHOLD; METADATA_ONLY_AUDIT; below core threshold but retained for extended monitoring,OBSERVATION_ONLY,N,FAIL,FAIL,FAIL,-9.8825,N,6.7549,N,48.3676,46.7013,Y,6167923.81,4829674.60,Y,-9.8825,Y,Y,-5.3803,N,6167923.81,4873128.57,Y,INSUFFICIENT_GATE2_DATA,INSUFFICIENT_DATA,yfinance,2026-05-27,2026-05-27,,v0_1_legacy_columns_preserved; non_turnaround_role_unchanged
ES,Eversource Energy,US,Utilities,Electric Utilities,25.0,N,EXTENDED,KEEP_EXTENDED,MARKET_CAP_BELOW_THRESHOLD; METADATA_ONLY_AUDIT; below core threshold but retained for extended monitoring,EXTENDED,KEEP_EXTENDED,NON_TURNAROUND_ROLE_UNCHANGED; Gate 3 metrics recorded for v0.4 evidence only; legacy_reason=MARKET_CAP_BELOW_THRESHOLD; METADATA_ONLY_AUDIT; below core threshold but retained for extended monitoring,OBSERVATION_ONLY,N,FAIL,FAIL,FAIL,-8.6472,N,6.0957,N,68.8676,69.2660,Y,2424385.71,2461353.17,N,-8.6472,Y,N,1.3097,N,2424385.71,2365790.48,Y,INSUFFICIENT_GATE2_DATA,INSUFFICIENT_DATA,yfinance,2026-05-27,2026-05-27,,v0_1_legacy_columns_preserved; non_turnaround_role_unchanged
STZ,Constellation Brands Inc.,US,Consumer Staples,Beverages,25.0,N,EXTENDED,KEEP_EXTENDED,MARKET_CAP_BELOW_THRESHOLD; METADATA_ONLY_AUDIT; below core threshold but retained for extended monitoring,EXTENDED,KEEP_EXTENDED,NON_TURNAROUND_ROLE_UNCHANGED; Gate 3 metrics recorded for v0.4 evidence only; legacy_reason=MARKET_CAP_BELOW_THRESHOLD; METADATA_ONLY_AUDIT; below core threshold but retained for extended monitoring,OBSERVATION_ONLY,N,FAIL,FAIL,FAIL,-22.6938,Y,8.7881,N,152.5696,147.8180,Y,1914180.95,2298623.81,N,-22.6938,N,Y,-7.3253,N,1914180.95,1976860.32,N,INSUFFICIENT_GATE2_DATA,INSUFFICIENT_DATA,yfinance,2026-05-27,2026-05-27,,v0_1_legacy_columns_preserved; non_turnaround_role_unchanged
EQR,Equity Residential,US,Real Estate,Residential REITs,25.0,N,EXTENDED,KEEP_EXTENDED,MARKET_CAP_BELOW_THRESHOLD; METADATA_ONLY_AUDIT; below core threshold but retained for extended monitoring,EXTENDED,KEEP_EXTENDED,NON_TURNAROUND_ROLE_UNCHANGED; Gate 3 metrics recorded for v0.4 evidence only; legacy_reason=MARKET_CAP_BELOW_THRESHOLD; METADATA_ONLY_AUDIT; below core threshold but retained for extended monitoring,OBSERVATION_ONLY,N,FAIL,INSUFFICIENT_DATA,MANUAL_REVIEW,-5.0449,N,14.9189,N,62.6430,62.5324,Y,2963519.05,2585506.35,Y,-5.0449,Y,Y,6.9159,Y,2963519.05,2602695.24,Y,INSUFFICIENT_GATE2_DATA,INSUFFICIENT_DATA,yfinance,2026-05-27,2026-05-27,,v0_1_legacy_columns_preserved; non_turnaround_role_unchanged
DXCM,DexCom Inc.,US,Health Care,Health Care Equipment,25.0,N,EXTENDED,KEEP_EXTENDED,MARKET_CAP_BELOW_THRESHOLD; METADATA_ONLY_AUDIT; below core threshold but retained for extended monitoring,EXTENDED,KEEP_EXTENDED,NON_TURNAROUND_ROLE_UNCHANGED; Gate 3 metrics recorded for v0.4 evidence only; legacy_reason=MARKET_CAP_BELOW_THRESHOLD; METADATA_ONLY_AUDIT; below core threshold but retained for extended monitoring,OBSERVATION_ONLY,N,FAIL,FAIL,FAIL,-21.5235,Y,22.0639,Y,63.6916,67.8889,N,7199019.05,5179361.11,Y,-21.5235,N,N,14.4113,Y,7199019.05,5100860.32,Y,INSUFFICIENT_GATE2_DATA,INSUFFICIENT_DATA,yfinance,2026-05-27,2026-05-27,,v0_1_legacy_columns_preserved; non_turnaround_role_unchanged
FSLR,First Solar Inc.,US,Information Technology,Semiconductors,25.0,N,EXTENDED,KEEP_EXTENDED,MARKET_CAP_BELOW_THRESHOLD; METADATA_ONLY_AUDIT; below core threshold but retained for extended monitoring,EXTENDED,KEEP_EXTENDED,NON_TURNAROUND_ROLE_UNCHANGED; Gate 3 metrics recorded for v0.4 evidence only; legacy_reason=MARKET_CAP_BELOW_THRESHOLD; METADATA_ONLY_AUDIT; below core threshold but retained for extended monitoring,OBSERVATION_ONLY,N,FAIL,FAIL,FAIL,-3.8371,N,48.1700,Y,208.6102,226.4302,N,2753590.48,2290480.16,Y,-3.8371,Y,N,38.5811,Y,2753590.48,2247633.33,Y,INSUFFICIENT_GATE2_DATA,INSUFFICIENT_DATA,yfinance,2026-05-27,2026-05-27,,v0_1_legacy_columns_preserved; non_turnaround_role_unchanged
HUBB,Hubbell Incorporated,US,Industrials,Electrical Equipment,24.0,N,EXTENDED,KEEP_EXTENDED,MARKET_CAP_BELOW_THRESHOLD; METADATA_ONLY_AUDIT; below core threshold but retained for extended monitoring,EXTENDED,KEEP_EXTENDED,NON_TURNAROUND_ROLE_UNCHANGED; Gate 3 metrics recorded for v0.4 evidence only; legacy_reason=MARKET_CAP_BELOW_THRESHOLD; METADATA_ONLY_AUDIT; below core threshold but retained for extended monitoring,OBSERVATION_ONLY,N,FAIL,FAIL,FAIL,-13.1935,N,14.1884,N,504.9470,467.8504,Y,751284.43,550027.52,Y,-13.1935,Y,Y,-12.8012,N,751284.43,607557.29,Y,INSUFFICIENT_GATE2_DATA,INSUFFICIENT_DATA,yfinance,2026-05-27,2026-05-27,,v0_1_legacy_columns_preserved; non_turnaround_role_unchanged
JBHT,J.B. Hunt Transport Services Inc.,US,Industrials,Ground Transportation,24.0,N,EXTENDED,KEEP_EXTENDED,MARKET_CAP_BELOW_THRESHOLD; METADATA_ONLY_AUDIT; below core threshold but retained for extended monitoring,EXTENDED,KEEP_EXTENDED,NON_TURNAROUND_ROLE_UNCHANGED; Gate 3 metrics recorded for v0.4 evidence only; legacy_reason=MARKET_CAP_BELOW_THRESHOLD; METADATA_ONLY_AUDIT; below core threshold but retained for extended monitoring,OBSERVATION_ONLY,N,FAIL,FAIL,FAIL,0.0000,N,62.5383,Y,234.6620,192.6165,Y,945923.81,1040514.29,N,0.0000,N,Y,8.2787,Y,945923.81,956855.56,N,INSUFFICIENT_GATE2_DATA,INSUFFICIENT_DATA,yfinance,2026-05-27,2026-05-27,,v0_1_legacy_columns_preserved; non_turnaround_role_unchanged
AWK,American Water Works Company Inc.,US,Utilities,Water Utilities,24.0,N,EXTENDED,KEEP_EXTENDED,MARKET_CAP_BELOW_THRESHOLD; METADATA_ONLY_AUDIT; below core threshold but retained for extended monitoring,EXTENDED,KEEP_EXTENDED,NON_TURNAROUND_ROLE_UNCHANGED; Gate 3 metrics recorded for v0.4 evidence only; legacy_reason=MARKET_CAP_BELOW_THRESHOLD; METADATA_ONLY_AUDIT; below core threshold but retained for extended monitoring,OBSERVATION_ONLY,N,FAIL,FAIL,FAIL,-15.7959,N,1.1605,N,131.3584,133.7254,N,1757557.14,1837272.22,N,-15.7959,N,N,-6.1989,N,1757557.14,1848677.78,N,INSUFFICIENT_GATE2_DATA,INSUFFICIENT_DATA,yfinance,2026-05-27,2026-05-27,,v0_1_legacy_columns_preserved; non_turnaround_role_unchanged
CTSH,Cognizant Technology Solutions Corporation,US,Information Technology,IT Services,24.0,N,EXTENDED,KEEP_EXTENDED,MARKET_CAP_BELOW_THRESHOLD; METADATA_ONLY_AUDIT; below core threshold but retained for extended monitoring,EXTENDED,KEEP_EXTENDED,NON_TURNAROUND_ROLE_UNCHANGED; Gate 3 metrics recorded for v0.4 evidence only; legacy_reason=MARKET_CAP_BELOW_THRESHOLD; METADATA_ONLY_AUDIT; below core threshold but retained for extended monitoring,OBSERVATION_ONLY,N,FAIL,FAIL,FAIL,-38.6851,Y,15.6406,Y,56.3316,69.0852,N,8449652.38,6386313.49,Y,-38.6851,N,N,-2.6908,N,8449652.38,6928892.06,Y,INSUFFICIENT_GATE2_DATA,INSUFFICIENT_DATA,yfinance,2026-05-27,2026-05-27,,v0_1_legacy_columns_preserved; non_turnaround_role_unchanged
WTW,Willis Towers Watson Public Limited Company,US,Financials,Insurance,24.0,N,EXTENDED,KEEP_EXTENDED,MARKET_CAP_BELOW_THRESHOLD; METADATA_ONLY_AUDIT; below core threshold but retained for extended monitoring,EXTENDED,KEEP_EXTENDED,NON_TURNAROUND_ROLE_UNCHANGED; Gate 3 metrics recorded for v0.4 evidence only; legacy_reason=MARKET_CAP_BELOW_THRESHOLD; METADATA_ONLY_AUDIT; below core threshold but retained for extended monitoring,OBSERVATION_ONLY,N,FAIL,FAIL,FAIL,-27.4026,Y,4.9232,N,276.3754,311.6471,N,950233.33,755946.03,Y,-27.4026,N,N,-12.2002,N,950233.33,711855.56,Y,INSUFFICIENT_GATE2_DATA,INSUFFICIENT_DATA,yfinance,2026-05-27,2026-05-27,,v0_1_legacy_columns_preserved; non_turnaround_role_unchanged
BG,Bunge Global SA,US,Consumer Staples,Food Products,24.0,N,EXTENDED,KEEP_EXTENDED,MARKET_CAP_BELOW_THRESHOLD; METADATA_ONLY_AUDIT; below core threshold but retained for extended monitoring,EXTENDED,KEEP_EXTENDED,NON_TURNAROUND_ROLE_UNCHANGED; Gate 3 metrics recorded for v0.4 evidence only; legacy_reason=MARKET_CAP_BELOW_THRESHOLD; METADATA_ONLY_AUDIT; below core threshold but retained for extended monitoring,OBSERVATION_ONLY,N,FAIL,FAIL,FAIL,-7.0563,N,36.8492,Y,124.4722,103.9697,Y,1665928.57,1633958.73,Y,-7.0563,Y,Y,-2.3057,N,1665928.57,1742192.06,N,INSUFFICIENT_GATE2_DATA,INSUFFICIENT_DATA,yfinance,2026-05-27,2026-05-27,,v0_1_legacy_columns_preserved; non_turnaround_role_unchanged
LYB,LyondellBasell Industries N.V.,US,Materials,Chemicals,23.0,N,EXTENDED,KEEP_EXTENDED,MARKET_CAP_BELOW_THRESHOLD; METADATA_ONLY_AUDIT; below core threshold but retained for extended monitoring,EXTENDED,KEEP_EXTENDED,NON_TURNAROUND_ROLE_UNCHANGED; Gate 3 metrics recorded for v0.4 evidence only; legacy_reason=MARKET_CAP_BELOW_THRESHOLD; METADATA_ONLY_AUDIT; below core threshold but retained for extended monitoring,OBSERVATION_ONLY,N,FAIL,FAIL,FAIL,-17.8563,N,60.0520,Y,73.8460,56.4585,Y,5530366.67,6979647.62,N,-17.8563,N,Y,-4.7170,N,5530366.67,7785033.33,N,INSUFFICIENT_GATE2_DATA,INSUFFICIENT_DATA,yfinance,2026-05-27,2026-05-27,,v0_1_legacy_columns_preserved; non_turnaround_role_unchanged
SYF,Synchrony Financial,US,Financials,Consumer Finance,23.0,N,EXTENDED,KEEP_EXTENDED,MARKET_CAP_BELOW_THRESHOLD; METADATA_ONLY_AUDIT; below core threshold but retained for extended monitoring,EXTENDED,KEEP_EXTENDED,NON_TURNAROUND_ROLE_UNCHANGED; Gate 3 metrics recorded for v0.4 evidence only; legacy_reason=MARKET_CAP_BELOW_THRESHOLD; METADATA_ONLY_AUDIT; below core threshold but retained for extended monitoring,OBSERVATION_ONLY,N,FAIL,FAIL,FAIL,-18.5148,N,13.0292,N,71.8462,74.3209,N,3812442.86,4082907.94,N,-18.5148,N,N,-6.0717,N,3812442.86,3908039.68,N,INSUFFICIENT_GATE2_DATA,INSUFFICIENT_DATA,yfinance,2026-05-27,2026-05-27,,v0_1_legacy_columns_preserved; non_turnaround_role_unchanged
NTAP,NetApp Inc.,US,Information Technology,Technology Hardware,23.0,N,EXTENDED,KEEP_EXTENDED,MARKET_CAP_BELOW_THRESHOLD; METADATA_ONLY_AUDIT; below core threshold but retained for extended monitoring,EXTENDED,KEEP_EXTENDED,NON_TURNAROUND_ROLE_UNCHANGED; Gate 3 metrics recorded for v0.4 evidence only; legacy_reason=MARKET_CAP_BELOW_THRESHOLD; METADATA_ONLY_AUDIT; below core threshold but retained for extended monitoring,OBSERVATION_ONLY,N,FAIL,FAIL,FAIL,0.0000,N,51.6736,Y,109.7896,110.3351,Y,2763657.14,2369824.60,Y,0.0000,N,N,31.6304,Y,2763657.14,2468246.03,Y,INSUFFICIENT_GATE2_DATA,INSUFFICIENT_DATA,yfinance,2026-05-27,2026-05-27,,v0_1_legacy_columns_preserved; non_turnaround_role_unchanged
EXE,Expand Energy Corporation,US,Energy,Oil Gas & Consumable Fuels,23.0,N,EXTENDED,KEEP_EXTENDED,MARKET_CAP_BELOW_THRESHOLD; METADATA_ONLY_AUDIT; below core threshold but retained for extended monitoring,EXTENDED,KEEP_EXTENDED,NON_TURNAROUND_ROLE_UNCHANGED; Gate 3 metrics recorded for v0.4 evidence only; legacy_reason=MARKET_CAP_BELOW_THRESHOLD; METADATA_ONLY_AUDIT; below core threshold but retained for extended monitoring,OBSERVATION_ONLY,N,FAIL,FAIL,FAIL,-24.6155,Y,0.0000,N,100.6050,104.7376,N,2767176.19,3536642.06,N,-24.6155,N,N,-3.8006,N,2767176.19,3489606.35,N,INSUFFICIENT_GATE2_DATA,INSUFFICIENT_DATA,yfinance,2026-05-27,2026-05-27,,v0_1_legacy_columns_preserved; non_turnaround_role_unchanged
TSN,Tyson Foods Inc.,US,Consumer Staples,Food Products,23.0,N,EXTENDED,KEEP_EXTENDED,MARKET_CAP_BELOW_THRESHOLD; METADATA_ONLY_AUDIT; below core threshold but retained for extended monitoring,EXTENDED,KEEP_EXTENDED,NON_TURNAROUND_ROLE_UNCHANGED; Gate 3 metrics recorded for v0.4 evidence only; legacy_reason=MARKET_CAP_BELOW_THRESHOLD; METADATA_ONLY_AUDIT; below core threshold but retained for extended monitoring,OBSERVATION_ONLY,N,FAIL,INSUFFICIENT_DATA,MANUAL_REVIEW,-3.9709,N,18.0826,Y,64.6176,59.3049,Y,2902752.38,2956584.92,N,-3.9709,Y,Y,3.7887,Y,2902752.38,2894112.70,Y,INSUFFICIENT_GATE2_DATA,INSUFFICIENT_DATA,yfinance,2026-05-27,2026-05-27,,v0_1_legacy_columns_preserved; non_turnaround_role_unchanged
DG,Dollar General Corporation,US,Consumer Staples,Consumer Staples Distribution,23.0,N,EXTENDED,KEEP_EXTENDED,MARKET_CAP_BELOW_THRESHOLD; METADATA_ONLY_AUDIT; below core threshold but retained for extended monitoring,EXTENDED,KEEP_EXTENDED,NON_TURNAROUND_ROLE_UNCHANGED; Gate 3 metrics recorded for v0.4 evidence only; legacy_reason=MARKET_CAP_BELOW_THRESHOLD; METADATA_ONLY_AUDIT; below core threshold but retained for extended monitoring,OBSERVATION_ONLY,N,FAIL,FAIL,FAIL,-33.2245,Y,2.5961,N,116.2974,121.0762,N,3714257.14,3509079.37,Y,-33.2245,N,N,-11.0950,N,3714257.14,3441147.62,Y,INSUFFICIENT_GATE2_DATA,INSUFFICIENT_DATA,yfinance,2026-05-27,2026-05-27,,v0_1_legacy_columns_preserved; non_turnaround_role_unchanged
PPG,PPG Industries Inc.,US,Materials,Chemicals,23.0,N,EXTENDED,KEEP_EXTENDED,MARKET_CAP_BELOW_THRESHOLD; METADATA_ONLY_AUDIT; below core threshold but retained for extended monitoring,EXTENDED,KEEP_EXTENDED,NON_TURNAROUND_ROLE_UNCHANGED; Gate 3 metrics recorded for v0.4 evidence only; legacy_reason=MARKET_CAP_BELOW_THRESHOLD; METADATA_ONLY_AUDIT; below core threshold but retained for extended monitoring,OBSERVATION_ONLY,N,FAIL,FAIL,FAIL,-14.1988,N,16.1795,Y,106.9138,107.5141,Y,1880376.19,2100175.40,N,-14.1988,Y,N,2.3391,N,1880376.19,2115171.43,N,INSUFFICIENT_GATE2_DATA,INSUFFICIENT_DATA,yfinance,2026-05-27,2026-05-27,,v0_1_legacy_columns_preserved; non_turnaround_role_unchanged
RF,Regions Financial Corporation,US,Financials,Banks,23.0,N,EXTENDED,KEEP_EXTENDED,MARKET_CAP_BELOW_THRESHOLD; METADATA_ONLY_AUDIT; below core threshold but retained for extended monitoring,EXTENDED,KEEP_EXTENDED,NON_TURNAROUND_ROLE_UNCHANGED; Gate 3 metrics recorded for v0.4 evidence only; legacy_reason=MARKET_CAP_BELOW_THRESHOLD; METADATA_ONLY_AUDIT; below core threshold but retained for extended monitoring,OBSERVATION_ONLY,N,FAIL,FAIL,FAIL,-9.2407,N,13.0382,N,27.1604,26.8658,Y,10253300.00,12683051.59,N,-9.2407,Y,Y,-0.6016,N,10253300.00,12452126.98,N,INSUFFICIENT_GATE2_DATA,INSUFFICIENT_DATA,yfinance,2026-05-27,2026-05-27,,v0_1_legacy_columns_preserved; non_turnaround_role_unchanged
CHD,Church & Dwight Co. Inc.,US,Consumer Staples,Household Products,22.0,N,EXTENDED,KEEP_EXTENDED,MARKET_CAP_BELOW_THRESHOLD; METADATA_ONLY_AUDIT; below core threshold but retained for extended monitoring,EXTENDED,KEEP_EXTENDED,NON_TURNAROUND_ROLE_UNCHANGED; Gate 3 metrics recorded for v0.4 evidence only; legacy_reason=MARKET_CAP_BELOW_THRESHOLD; METADATA_ONLY_AUDIT; below core threshold but retained for extended monitoring,OBSERVATION_ONLY,N,FAIL,FAIL,FAIL,-6.8877,N,20.1103,Y,94.8018,91.7005,Y,2072804.76,2258800.79,N,-6.8877,Y,Y,2.7358,N,2072804.76,2024311.11,Y,INSUFFICIENT_GATE2_DATA,INSUFFICIENT_DATA,yfinance,2026-05-27,2026-05-27,,v0_1_legacy_columns_preserved; non_turnaround_role_unchanged
KEY,KeyCorp,US,Financials,Banks,22.0,N,EXTENDED,KEEP_EXTENDED,MARKET_CAP_BELOW_THRESHOLD; METADATA_ONLY_AUDIT; below core threshold but retained for extended monitoring,EXTENDED,KEEP_EXTENDED,NON_TURNAROUND_ROLE_UNCHANGED; Gate 3 metrics recorded for v0.4 evidence only; legacy_reason=MARKET_CAP_BELOW_THRESHOLD; METADATA_ONLY_AUDIT; below core threshold but retained for extended monitoring,OBSERVATION_ONLY,N,FAIL,FAIL,FAIL,-7.3675,N,20.1789,Y,21.0742,19.9183,Y,9709942.86,14775479.37,N,-7.3675,Y,Y,-1.8713,N,9709942.86,13590641.27,N,INSUFFICIENT_GATE2_DATA,INSUFFICIENT_DATA,yfinance,2026-05-27,2026-05-27,,v0_1_legacy_columns_preserved; non_turnaround_role_unchanged
CPAY,Corpay Inc.,US,Financials,Financial Services,22.0,N,EXTENDED,KEEP_EXTENDED,MARKET_CAP_BELOW_THRESHOLD; METADATA_ONLY_AUDIT; below core threshold but retained for extended monitoring,EXTENDED,KEEP_EXTENDED,NON_TURNAROUND_ROLE_UNCHANGED; Gate 3 metrics recorded for v0.4 evidence only; legacy_reason=MARKET_CAP_BELOW_THRESHOLD; METADATA_ONLY_AUDIT; below core threshold but retained for extended monitoring,OBSERVATION_ONLY,N,FAIL,FAIL,FAIL,-1.0607,N,23.9890,Y,315.1720,309.4744,Y,557409.52,612801.59,N,-1.0607,N,Y,12.7346,Y,557409.52,598006.35,N,INSUFFICIENT_GATE2_DATA,INSUFFICIENT_DATA,yfinance,2026-05-27,2026-05-27,,v0_1_legacy_columns_preserved; non_turnaround_role_unchanged
VRSK,Verisk Analytics Inc.,US,Industrials,Professional Services,22.0,N,EXTENDED,KEEP_EXTENDED,MARKET_CAP_BELOW_THRESHOLD; METADATA_ONLY_AUDIT; below core threshold but retained for extended monitoring,EXTENDED,KEEP_EXTENDED,NON_TURNAROUND_ROLE_UNCHANGED; Gate 3 metrics recorded for v0.4 evidence only; legacy_reason=MARKET_CAP_BELOW_THRESHOLD; METADATA_ONLY_AUDIT; below core threshold but retained for extended monitoring,OBSERVATION_ONLY,N,FAIL,FAIL,FAIL,-46.6281,Y,9.3471,N,178.8774,215.0941,N,2014747.62,1848019.84,Y,-46.6281,N,N,-1.9440,N,2014747.62,1952158.73,Y,INSUFFICIENT_GATE2_DATA,INSUFFICIENT_DATA,yfinance,2026-05-27,2026-05-27,,v0_1_legacy_columns_preserved; non_turnaround_role_unchanged
FIS,Fidelity National Information Services Inc.,US,Financials,Financial Services,22.0,N,EXTENDED,KEEP_EXTENDED,MARKET_CAP_BELOW_THRESHOLD; METADATA_ONLY_AUDIT; below core threshold but retained for extended monitoring,EXTENDED,KEEP_EXTENDED,NON_TURNAROUND_ROLE_UNCHANGED; Gate 3 metrics recorded for v0.4 evidence only; legacy_reason=MARKET_CAP_BELOW_THRESHOLD; METADATA_ONLY_AUDIT; below core threshold but retained for extended monitoring,OBSERVATION_ONLY,N,FAIL,FAIL,FAIL,-48.9739,Y,0.5263,N,46.0440,58.6142,N,7003538.10,5167376.98,Y,-48.9739,N,N,-7.8509,N,7003538.10,6379703.17,Y,INSUFFICIENT_GATE2_DATA,INSUFFICIENT_DATA,yfinance,2026-05-27,2026-05-27,,v0_1_legacy_columns_preserved; non_turnaround_role_unchanged
NI,NiSource Inc.,US,Utilities,Multi-Utilities,22.0,N,EXTENDED,KEEP_EXTENDED,MARKET_CAP_BELOW_THRESHOLD; METADATA_ONLY_AUDIT; below core threshold but retained for extended monitoring,EXTENDED,KEEP_EXTENDED,NON_TURNAROUND_ROLE_UNCHANGED; Gate 3 metrics recorded for v0.4 evidence only; legacy_reason=MARKET_CAP_BELOW_THRESHOLD; METADATA_ONLY_AUDIT; below core threshold but retained for extended monitoring,OBSERVATION_ONLY,N,FAIL,FAIL,FAIL,-2.1237,N,15.8653,Y,47.2406,44.1818,Y,5115885.71,4058694.44,Y,-2.1237,N,Y,-1.5554,N,5115885.71,4254723.81,Y,INSUFFICIENT_GATE2_DATA,INSUFFICIENT_DATA,yfinance,2026-05-27,2026-05-27,,v0_1_legacy_columns_preserved; non_turnaround_role_unchanged
CMS,CMS Energy Corporation,US,Utilities,Multi-Utilities,22.0,N,EXTENDED,KEEP_EXTENDED,MARKET_CAP_BELOW_THRESHOLD; METADATA_ONLY_AUDIT; below core threshold but retained for extended monitoring,EXTENDED,KEEP_EXTENDED,NON_TURNAROUND_ROLE_UNCHANGED; Gate 3 metrics recorded for v0.4 evidence only; legacy_reason=MARKET_CAP_BELOW_THRESHOLD; METADATA_ONLY_AUDIT; below core threshold but retained for extended monitoring,OBSERVATION_ONLY,N,FAIL,FAIL,FAIL,-7.1554,N,7.3009,N,75.8586,73.5932,Y,2674457.14,2780969.84,N,-7.1554,Y,Y,-2.4063,N,2674457.14,2757926.98,N,INSUFFICIENT_GATE2_DATA,INSUFFICIENT_DATA,yfinance,2026-05-27,2026-05-27,,v0_1_legacy_columns_preserved; non_turnaround_role_unchanged
L,Loews Corporation,US,Financials,Insurance,22.0,N,EXTENDED,KEEP_EXTENDED,MARKET_CAP_BELOW_THRESHOLD; METADATA_ONLY_AUDIT; below core threshold but retained for extended monitoring,EXTENDED,KEEP_EXTENDED,NON_TURNAROUND_ROLE_UNCHANGED; Gate 3 metrics recorded for v0.4 evidence only; legacy_reason=MARKET_CAP_BELOW_THRESHOLD; METADATA_ONLY_AUDIT; below core threshold but retained for extended monitoring,OBSERVATION_ONLY,N,FAIL,FAIL,FAIL,-4.9996,N,5.4926,N,108.0868,104.2817,Y,849600.00,748180.16,Y,-4.9996,Y,Y,-3.7690,N,849600.00,713100.00,Y,INSUFFICIENT_GATE2_DATA,INSUFFICIENT_DATA,yfinance,2026-05-27,2026-05-27,,v0_1_legacy_columns_preserved; non_turnaround_role_unchanged
DRI,Darden Restaurants Inc.,US,Consumer Discretionary,Hotels Restaurants,22.0,N,EXTENDED,KEEP_EXTENDED,MARKET_CAP_BELOW_THRESHOLD; METADATA_ONLY_AUDIT; below core threshold but retained for extended monitoring,EXTENDED,KEEP_EXTENDED,NON_TURNAROUND_ROLE_UNCHANGED; Gate 3 metrics recorded for v0.4 evidence only; legacy_reason=MARKET_CAP_BELOW_THRESHOLD; METADATA_ONLY_AUDIT; below core threshold but retained for extended monitoring,OBSERVATION_ONLY,N,FAIL,FAIL,FAIL,-8.7917,N,18.8149,Y,197.5330,196.0398,Y,968061.90,1440020.63,N,-8.7917,Y,Y,3.6386,Y,968061.90,1310119.05,N,INSUFFICIENT_GATE2_DATA,INSUFFICIENT_DATA,yfinance,2026-05-27,2026-05-27,,v0_1_legacy_columns_preserved; non_turnaround_role_unchanged
PFG,Principal Financial Group Inc.,US,Financials,Insurance,22.0,N,EXTENDED,KEEP_EXTENDED,MARKET_CAP_BELOW_THRESHOLD; METADATA_ONLY_AUDIT; below core threshold but retained for extended monitoring,EXTENDED,KEEP_EXTENDED,NON_TURNAROUND_ROLE_UNCHANGED; Gate 3 metrics recorded for v0.4 evidence only; legacy_reason=MARKET_CAP_BELOW_THRESHOLD; METADATA_ONLY_AUDIT; below core threshold but retained for extended monitoring,OBSERVATION_ONLY,N,FAIL,FAIL,FAIL,-0.1337,N,24.0157,Y,95.8306,88.5029,Y,1089966.67,1476973.81,N,-0.1337,N,Y,4.8426,Y,1089966.67,1452417.46,N,INSUFFICIENT_GATE2_DATA,INSUFFICIENT_DATA,yfinance,2026-05-27,2026-05-27,,v0_1_legacy_columns_preserved; non_turnaround_role_unchanged
TROW,T. Rowe Price Group Inc.,US,Financials,Capital Markets,21.0,N,EXTENDED,KEEP_EXTENDED,MARKET_CAP_BELOW_THRESHOLD; METADATA_ONLY_AUDIT; below core threshold but retained for extended monitoring,EXTENDED,KEEP_EXTENDED,NON_TURNAROUND_ROLE_UNCHANGED; Gate 3 metrics recorded for v0.4 evidence only; legacy_reason=MARKET_CAP_BELOW_THRESHOLD; METADATA_ONLY_AUDIT; below core threshold but retained for extended monitoring,OBSERVATION_ONLY,N,FAIL,FAIL,FAIL,-6.2948,N,21.2438,Y,96.9654,101.0797,N,2039976.19,2139125.40,N,-6.2948,Y,N,3.0979,Y,2039976.19,2299182.54,N,INSUFFICIENT_GATE2_DATA,INSUFFICIENT_DATA,yfinance,2026-05-27,2026-05-27,,v0_1_legacy_columns_preserved; non_turnaround_role_unchanged
AKAM,Akamai Technologies Inc.,US,Information Technology,IT Services,21.0,N,EXTENDED,KEEP_EXTENDED,MARKET_CAP_BELOW_THRESHOLD; METADATA_ONLY_AUDIT; below core threshold but retained for extended monitoring,EXTENDED,KEEP_EXTENDED,NON_TURNAROUND_ROLE_UNCHANGED; Gate 3 metrics recorded for v0.4 evidence only; legacy_reason=MARKET_CAP_BELOW_THRESHOLD; METADATA_ONLY_AUDIT; below core threshold but retained for extended monitoring,OBSERVATION_ONLY,N,FAIL,INSUFFICIENT_DATA,MANUAL_REVIEW,-10.3699,N,72.9908,Y,117.4106,93.8057,Y,7202409.52,4675496.03,Y,-10.3699,Y,Y,50.5577,Y,7202409.52,5568488.89,Y,INSUFFICIENT_GATE2_DATA,INSUFFICIENT_DATA,yfinance,2026-05-27,2026-05-27,,v0_1_legacy_columns_preserved; non_turnaround_role_unchanged
MTD,Mettler-Toledo International Inc.,US,Health Care,Life Sciences Tools,21.0,N,EXTENDED,KEEP_EXTENDED,MARKET_CAP_BELOW_THRESHOLD; METADATA_ONLY_AUDIT; below core threshold but retained for extended monitoring,EXTENDED,KEEP_EXTENDED,NON_TURNAROUND_ROLE_UNCHANGED; Gate 3 metrics recorded for v0.4 evidence only; legacy_reason=MARKET_CAP_BELOW_THRESHOLD; METADATA_ONLY_AUDIT; below core threshold but retained for extended monitoring,OBSERVATION_ONLY,N,FAIL,FAIL,FAIL,-27.3688,Y,6.6609,N,1225.3876,1326.7012,N,204547.62,157854.76,Y,-27.3688,N,N,-14.1884,N,204547.62,177771.43,Y,INSUFFICIENT_GATE2_DATA,INSUFFICIENT_DATA,yfinance,2026-05-27,2026-05-27,,v0_1_legacy_columns_preserved; non_turnaround_role_unchanged
SBAC,SBA Communications Corporation,US,Real Estate,Specialized REITs,21.0,N,EXTENDED,KEEP_EXTENDED,MARKET_CAP_BELOW_THRESHOLD; METADATA_ONLY_AUDIT; below core threshold but retained for extended monitoring,EXTENDED,KEEP_EXTENDED,NON_TURNAROUND_ROLE_UNCHANGED; Gate 3 metrics recorded for v0.4 evidence only; legacy_reason=MARKET_CAP_BELOW_THRESHOLD; METADATA_ONLY_AUDIT; below core threshold but retained for extended monitoring,OBSERVATION_ONLY,N,FAIL,FAIL,FAIL,-16.3568,N,21.2231,Y,203.8942,197.3816,Y,813742.86,996284.13,N,-16.3568,N,Y,-6.8837,N,813742.86,1185017.46,N,INSUFFICIENT_GATE2_DATA,INSUFFICIENT_DATA,yfinance,2026-05-27,2026-05-27,,v0_1_legacy_columns_preserved; non_turnaround_role_unchanged
WST,West Pharmaceutical Services Inc.,US,Health Care,Life Sciences Tools,21.0,N,EXTENDED,KEEP_EXTENDED,MARKET_CAP_BELOW_THRESHOLD; METADATA_ONLY_AUDIT; below core threshold but retained for extended monitoring,EXTENDED,KEEP_EXTENDED,NON_TURNAROUND_ROLE_UNCHANGED; Gate 3 metrics recorded for v0.4 evidence only; legacy_reason=MARKET_CAP_BELOW_THRESHOLD; METADATA_ONLY_AUDIT; below core threshold but retained for extended monitoring,OBSERVATION_ONLY,N,FAIL,FAIL,FAIL,-4.0531,N,35.4016,Y,280.7222,265.3578,Y,799633.33,886700.00,N,-4.0531,Y,Y,3.4778,Y,799633.33,873901.59,N,INSUFFICIENT_GATE2_DATA,INSUFFICIENT_DATA,yfinance,2026-05-27,2026-05-27,,v0_1_legacy_columns_preserved; non_turnaround_role_unchanged
FFIV,F5 Inc.,US,Information Technology,Communications Equipment,21.0,N,EXTENDED,KEEP_EXTENDED,MARKET_CAP_BELOW_THRESHOLD; METADATA_ONLY_AUDIT; below core threshold but retained for extended monitoring,EXTENDED,KEEP_EXTENDED,NON_TURNAROUND_ROLE_UNCHANGED; Gate 3 metrics recorded for v0.4 evidence only; legacy_reason=MARKET_CAP_BELOW_THRESHOLD; METADATA_ONLY_AUDIT; below core threshold but retained for extended monitoring,OBSERVATION_ONLY,N,FAIL,FAIL,FAIL,-2.2292,N,64.3728,Y,322.3254,293.1606,Y,783685.71,923807.94,N,-2.2292,N,Y,30.3742,Y,783685.71,739869.84,Y,INSUFFICIENT_GATE2_DATA,INSUFFICIENT_DATA,yfinance,2026-05-27,2026-05-27,,v0_1_legacy_columns_preserved; non_turnaround_role_unchanged
VLTO,Veralto Corporation,US,Industrials,Machinery,21.0,N,EXTENDED,KEEP_EXTENDED,MARKET_CAP_BELOW_THRESHOLD; METADATA_ONLY_AUDIT; below core threshold but retained for extended monitoring,EXTENDED,KEEP_EXTENDED,NON_TURNAROUND_ROLE_UNCHANGED; Gate 3 metrics recorded for v0.4 evidence only; legacy_reason=MARKET_CAP_BELOW_THRESHOLD; METADATA_ONLY_AUDIT; below core threshold but retained for extended monitoring,OBSERVATION_ONLY,N,FAIL,FAIL,FAIL,-23.0433,Y,0.0000,N,88.0604,97.7719,N,2224952.38,1967750.00,Y,-23.0433,N,N,-3.0866,N,2224952.38,1996814.29,Y,INSUFFICIENT_GATE2_DATA,INSUFFICIENT_DATA,yfinance,2026-05-27,2026-05-27,,v0_1_legacy_columns_preserved; non_turnaround_role_unchanged
PHM,PulteGroup Inc.,US,Consumer Discretionary,Household Durables,21.0,N,EXTENDED,KEEP_EXTENDED,MARKET_CAP_BELOW_THRESHOLD; METADATA_ONLY_AUDIT; below core threshold but retained for extended monitoring,EXTENDED,KEEP_EXTENDED,NON_TURNAROUND_ROLE_UNCHANGED; Gate 3 metrics recorded for v0.4 evidence only; legacy_reason=MARKET_CAP_BELOW_THRESHOLD; METADATA_ONLY_AUDIT; below core threshold but retained for extended monitoring,OBSERVATION_ONLY,N,FAIL,FAIL,FAIL,-16.4562,N,8.1646,N,119.0926,125.3795,N,1824614.29,1864192.06,N,-16.4562,N,N,-7.1562,N,1824614.29,1881546.03,N,INSUFFICIENT_GATE2_DATA,INSUFFICIENT_DATA,yfinance,2026-05-27,2026-05-27,,v0_1_legacy_columns_preserved; non_turnaround_role_unchanged
DGX,Quest Diagnostics Incorporated,US,Health Care,Health Care Providers,21.0,N,EXTENDED,KEEP_EXTENDED,MARKET_CAP_BELOW_THRESHOLD; METADATA_ONLY_AUDIT; below core threshold but retained for extended monitoring,EXTENDED,KEEP_EXTENDED,NON_TURNAROUND_ROLE_UNCHANGED; Gate 3 metrics recorded for v0.4 evidence only; legacy_reason=MARKET_CAP_BELOW_THRESHOLD; METADATA_ONLY_AUDIT; below core threshold but retained for extended monitoring,OBSERVATION_ONLY,N,FAIL,FAIL,FAIL,-8.4564,N,11.8162,N,194.3356,188.1206,Y,813947.62,967679.37,N,-8.4564,Y,Y,-1.3426,N,813947.62,894187.30,N,INSUFFICIENT_GATE2_DATA,INSUFFICIENT_DATA,yfinance,2026-05-27,2026-05-27,,v0_1_legacy_columns_preserved; non_turnaround_role_unchanged
LH,Labcorp Holdings Inc.,US,Health Care,Health Care Providers,20.0,N,EXTENDED,KEEP_EXTENDED,MARKET_CAP_BELOW_THRESHOLD; METADATA_ONLY_AUDIT; below core threshold but retained for extended monitoring,EXTENDED,KEEP_EXTENDED,NON_TURNAROUND_ROLE_UNCHANGED; Gate 3 metrics recorded for v0.4 evidence only; legacy_reason=MARKET_CAP_BELOW_THRESHOLD; METADATA_ONLY_AUDIT; below core threshold but retained for extended monitoring,OBSERVATION_ONLY,N,FAIL,FAIL,FAIL,-11.2329,N,3.1391,N,262.9050,268.4345,N,716952.38,675045.24,Y,-11.2329,Y,N,-1.9664,N,716952.38,614595.24,Y,INSUFFICIENT_GATE2_DATA,INSUFFICIENT_DATA,yfinance,2026-05-27,2026-05-27,,v0_1_legacy_columns_preserved; non_turnaround_role_unchanged
ULTA,Ulta Beauty Inc.,US,Consumer Discretionary,Specialty Retail,20.0,N,EXTENDED,KEEP_EXTENDED,MARKET_CAP_BELOW_THRESHOLD; METADATA_ONLY_AUDIT; below core threshold but retained for extended monitoring,EXTENDED,KEEP_EXTENDED,NON_TURNAROUND_ROLE_UNCHANGED; Gate 3 metrics recorded for v0.4 evidence only; legacy_reason=MARKET_CAP_BELOW_THRESHOLD; METADATA_ONLY_AUDIT; below core threshold but retained for extended monitoring,OBSERVATION_ONLY,N,FAIL,FAIL,FAIL,-28.2208,Y,5.7266,N,525.9226,567.2446,N,679871.43,703500.00,N,-28.2208,N,N,-5.9871,N,679871.43,750279.37,N,INSUFFICIENT_GATE2_DATA,INSUFFICIENT_DATA,yfinance,2026-05-27,2026-05-27,,v0_1_legacy_columns_preserved; non_turnaround_role_unchanged
STE,STERIS plc,US,Health Care,Health Care Equipment,20.0,N,EXTENDED,KEEP_EXTENDED,MARKET_CAP_BELOW_THRESHOLD; METADATA_ONLY_AUDIT; below core threshold but retained for extended monitoring,EXTENDED,KEEP_EXTENDED,NON_TURNAROUND_ROLE_UNCHANGED; Gate 3 metrics recorded for v0.4 evidence only; legacy_reason=MARKET_CAP_BELOW_THRESHOLD; METADATA_ONLY_AUDIT; below core threshold but retained for extended monitoring,OBSERVATION_ONLY,N,FAIL,FAIL,FAIL,-20.7631,Y,5.4595,N,218.2370,241.8722,N,838004.76,749553.97,Y,-20.7631,N,N,-4.1946,N,838004.76,802141.27,Y,INSUFFICIENT_GATE2_DATA,INSUFFICIENT_DATA,yfinance,2026-05-27,2026-05-27,,v0_1_legacy_columns_preserved; non_turnaround_role_unchanged
OMC,Omnicom Group Inc.,US,Communication Services,Media,20.0,N,EXTENDED,KEEP_EXTENDED,MARKET_CAP_BELOW_THRESHOLD; METADATA_ONLY_AUDIT; below core threshold but retained for extended monitoring,EXTENDED,KEEP_EXTENDED,NON_TURNAROUND_ROLE_UNCHANGED; Gate 3 metrics recorded for v0.4 evidence only; legacy_reason=MARKET_CAP_BELOW_THRESHOLD; METADATA_ONLY_AUDIT; below core threshold but retained for extended monitoring,OBSERVATION_ONLY,N,FAIL,FAIL,FAIL,-12.7622,N,11.2680,N,75.6972,76.7646,N,4327023.81,5049365.08,N,-12.7622,Y,N,-1.5261,N,4327023.81,4564479.37,N,INSUFFICIENT_GATE2_DATA,INSUFFICIENT_DATA,yfinance,2026-05-27,2026-05-27,,v0_1_legacy_columns_preserved; non_turnaround_role_unchanged
ALB,Albemarle Corporation,US,Materials,Chemicals,20.0,N,EXTENDED,KEEP_EXTENDED,MARKET_CAP_BELOW_THRESHOLD; METADATA_ONLY_AUDIT; below core threshold but retained for extended monitoring,EXTENDED,KEEP_EXTENDED,NON_TURNAROUND_ROLE_UNCHANGED; Gate 3 metrics recorded for v0.4 evidence only; legacy_reason=MARKET_CAP_BELOW_THRESHOLD; METADATA_ONLY_AUDIT; below core threshold but retained for extended monitoring,OBSERVATION_ONLY,N,FAIL,FAIL,FAIL,-17.6932,N,53.1498,Y,184.0550,139.5347,Y,2093157.14,2617993.65,N,-17.6932,N,Y,-11.0560,N,2093157.14,2082288.89,Y,INSUFFICIENT_GATE2_DATA,INSUFFICIENT_DATA,yfinance,2026-05-27,2026-05-27,,v0_1_legacy_columns_preserved; non_turnaround_role_unchanged
LEN,Lennar Corporation,US,Consumer Discretionary,Household Durables,20.0,N,EXTENDED,KEEP_EXTENDED,MARKET_CAP_BELOW_THRESHOLD; METADATA_ONLY_AUDIT; below core threshold but retained for extended monitoring,EXTENDED,KEEP_EXTENDED,NON_TURNAROUND_ROLE_UNCHANGED; Gate 3 metrics recorded for v0.4 evidence only; legacy_reason=MARKET_CAP_BELOW_THRESHOLD; METADATA_ONLY_AUDIT; below core threshold but retained for extended monitoring,OBSERVATION_ONLY,N,FAIL,FAIL,FAIL,-36.1236,Y,10.5225,N,89.3572,112.6213,N,2504704.76,3696912.70,N,-36.1236,N,N,-2.4558,N,2504704.76,2965912.70,N,INSUFFICIENT_GATE2_DATA,INSUFFICIENT_DATA,yfinance,2026-05-27,2026-05-27,,v0_1_legacy_columns_preserved; non_turnaround_role_unchanged
EXPD,Expeditors International of Washington Inc.,US,Industrials,Air Freight & Logistics,20.0,N,EXTENDED,KEEP_EXTENDED,MARKET_CAP_BELOW_THRESHOLD; METADATA_ONLY_AUDIT; below core threshold but retained for extended monitoring,EXTENDED,KEEP_EXTENDED,NON_TURNAROUND_ROLE_UNCHANGED; Gate 3 metrics recorded for v0.4 evidence only; legacy_reason=MARKET_CAP_BELOW_THRESHOLD; METADATA_ONLY_AUDIT; below core threshold but retained for extended monitoring,OBSERVATION_ONLY,N,FAIL,FAIL,FAIL,-2.1389,N,16.3365,Y,148.8182,141.0660,Y,1090214.29,1346430.95,N,-2.1389,N,Y,9.0547,Y,1090214.29,1159466.67,N,INSUFFICIENT_GATE2_DATA,INSUFFICIENT_DATA,yfinance,2026-05-27,2026-05-27,,v0_1_legacy_columns_preserved; non_turnaround_role_unchanged
CHRW,C.H. Robinson Worldwide Inc.,US,Industrials,Air Freight & Logistics,20.0,N,EXTENDED,KEEP_EXTENDED,MARKET_CAP_BELOW_THRESHOLD; METADATA_ONLY_AUDIT; below core threshold but retained for extended monitoring,EXTENDED,KEEP_EXTENDED,NON_TURNAROUND_ROLE_UNCHANGED; Gate 3 metrics recorded for v0.4 evidence only; legacy_reason=MARKET_CAP_BELOW_THRESHOLD; METADATA_ONLY_AUDIT; below core threshold but retained for extended monitoring,OBSERVATION_ONLY,N,FAIL,FAIL,FAIL,-12.0146,N,15.7160,Y,172.4856,158.7843,Y,2143723.81,2023486.51,Y,-12.0146,Y,Y,-6.3316,N,2143723.81,1849030.16,Y,INSUFFICIENT_GATE2_DATA,INSUFFICIENT_DATA,yfinance,2026-05-27,2026-05-27,,v0_1_legacy_columns_preserved; non_turnaround_role_unchanged
DD,DuPont de Nemours Inc.,US,Materials,Chemicals,19.0,N,EXTENDED,KEEP_EXTENDED,MARKET_CAP_BELOW_THRESHOLD; METADATA_ONLY_AUDIT; below core threshold but retained for extended monitoring,EXTENDED,KEEP_EXTENDED,NON_TURNAROUND_ROLE_UNCHANGED; Gate 3 metrics recorded for v0.4 evidence only; legacy_reason=MARKET_CAP_BELOW_THRESHOLD; METADATA_ONLY_AUDIT; below core threshold but retained for extended monitoring,OBSERVATION_ONLY,N,FAIL,FAIL,FAIL,-7.5102,N,23.8887,Y,46.8540,41.0067,Y,4087114.29,4394579.37,N,-7.5102,Y,Y,2.0775,N,4087114.29,3820385.71,Y,INSUFFICIENT_GATE2_DATA,INSUFFICIENT_DATA,yfinance,2026-05-27,2026-05-27,,v0_1_legacy_columns_preserved; non_turnaround_role_unchanged
WSM,Williams-Sonoma Inc.,US,Consumer Discretionary,Specialty Retail,19.0,N,EXTENDED,KEEP_EXTENDED,MARKET_CAP_BELOW_THRESHOLD; METADATA_ONLY_AUDIT; below core threshold but retained for extended monitoring,EXTENDED,KEEP_EXTENDED,NON_TURNAROUND_ROLE_UNCHANGED; Gate 3 metrics recorded for v0.4 evidence only; legacy_reason=MARKET_CAP_BELOW_THRESHOLD; METADATA_ONLY_AUDIT; below core threshold but retained for extended monitoring,OBSERVATION_ONLY,N,FAIL,FAIL,FAIL,-7.9259,N,20.4815,Y,184.7566,192.9590,N,1248185.71,1190685.71,Y,-7.9259,Y,N,5.7954,Y,1248185.71,1275147.62,N,INSUFFICIENT_GATE2_DATA,INSUFFICIENT_DATA,yfinance,2026-05-27,2026-05-27,,v0_1_legacy_columns_preserved; non_turnaround_role_unchanged
BRO,Brown & Brown Inc.,US,Financials,Insurance,19.0,N,EXTENDED,KEEP_EXTENDED,MARKET_CAP_BELOW_THRESHOLD; METADATA_ONLY_AUDIT; below core threshold but retained for extended monitoring,EXTENDED,KEEP_EXTENDED,NON_TURNAROUND_ROLE_UNCHANGED; Gate 3 metrics recorded for v0.4 evidence only; legacy_reason=MARKET_CAP_BELOW_THRESHOLD; METADATA_ONLY_AUDIT; below core threshold but retained for extended monitoring,OBSERVATION_ONLY,N,FAIL,FAIL,FAIL,-49.9030,Y,4.4686,N,62.8316,77.7571,N,3651780.95,3140321.43,Y,-49.9030,N,N,-14.0805,N,3651780.95,3229452.38,Y,INSUFFICIENT_GATE2_DATA,INSUFFICIENT_DATA,yfinance,2026-05-27,2026-05-27,,v0_1_legacy_columns_preserved; non_turnaround_role_unchanged
RL,Ralph Lauren Corporation,US,Consumer Discretionary,Textiles & Apparel,19.0,N,EXTENDED,KEEP_EXTENDED,MARKET_CAP_BELOW_THRESHOLD; METADATA_ONLY_AUDIT; below core threshold but retained for extended monitoring,EXTENDED,KEEP_EXTENDED,NON_TURNAROUND_ROLE_UNCHANGED; Gate 3 metrics recorded for v0.4 evidence only; legacy_reason=MARKET_CAP_BELOW_THRESHOLD; METADATA_ONLY_AUDIT; below core threshold but retained for extended monitoring,OBSERVATION_ONLY,N,FAIL,FAIL,FAIL,-3.4119,N,17.3189,Y,356.3232,342.5471,Y,755676.19,656674.60,Y,-3.4119,Y,Y,1.5795,N,755676.19,655288.89,Y,INSUFFICIENT_GATE2_DATA,INSUFFICIENT_DATA,yfinance,2026-05-27,2026-05-27,,v0_1_legacy_columns_preserved; non_turnaround_role_unchanged
SW,Smurfit Westrock Plc,US,Materials,Containers & Packaging,19.0,N,EXTENDED,KEEP_EXTENDED,MARKET_CAP_BELOW_THRESHOLD; METADATA_ONLY_AUDIT; below core threshold but retained for extended monitoring,EXTENDED,KEEP_EXTENDED,NON_TURNAROUND_ROLE_UNCHANGED; Gate 3 metrics recorded for v0.4 evidence only; legacy_reason=MARKET_CAP_BELOW_THRESHOLD; METADATA_ONLY_AUDIT; below core threshold but retained for extended monitoring,OBSERVATION_ONLY,N,FAIL,FAIL,FAIL,-23.0710,Y,18.3032,Y,39.8480,41.1881,N,5206947.62,5644965.08,N,-23.0710,N,N,-0.3996,N,5206947.62,5448015.87,N,INSUFFICIENT_GATE2_DATA,INSUFFICIENT_DATA,yfinance,2026-05-27,2026-05-27,,v0_1_legacy_columns_preserved; non_turnaround_role_unchanged
CHTR,Charter Communications Inc.,US,Communication Services,Media,19.0,N,EXTENDED,KEEP_EXTENDED,MARKET_CAP_BELOW_THRESHOLD; METADATA_ONLY_AUDIT; below core threshold but retained for extended monitoring,EXTENDED,KEEP_EXTENDED,NON_TURNAROUND_ROLE_UNCHANGED; Gate 3 metrics recorded for v0.4 evidence only; legacy_reason=MARKET_CAP_BELOW_THRESHOLD; METADATA_ONLY_AUDIT; below core threshold but retained for extended monitoring,OBSERVATION_ONLY,N,FAIL,FAIL,FAIL,-64.8080,Y,4.8813,N,191.8436,221.9841,N,3528571.43,2274150.79,Y,-64.8080,N,N,-15.7093,N,3528571.43,2586058.73,Y,INSUFFICIENT_GATE2_DATA,INSUFFICIENT_DATA,yfinance,2026-05-27,2026-05-27,,v0_1_legacy_columns_preserved; non_turnaround_role_unchanged
EFX,Equifax Inc.,US,Industrials,Professional Services,19.0,N,EXTENDED,KEEP_EXTENDED,MARKET_CAP_BELOW_THRESHOLD; METADATA_ONLY_AUDIT; below core threshold but retained for extended monitoring,EXTENDED,KEEP_EXTENDED,NON_TURNAROUND_ROLE_UNCHANGED; Gate 3 metrics recorded for v0.4 evidence only; legacy_reason=MARKET_CAP_BELOW_THRESHOLD; METADATA_ONLY_AUDIT; below core threshold but retained for extended monitoring,OBSERVATION_ONLY,N,FAIL,FAIL,FAIL,-39.8021,Y,3.7852,N,175.4672,209.8611,N,1533709.52,1710881.75,N,-39.8021,N,N,-4.0335,N,1533709.52,1637523.81,N,INSUFFICIENT_GATE2_DATA,INSUFFICIENT_DATA,yfinance,2026-05-27,2026-05-27,,v0_1_legacy_columns_preserved; non_turnaround_role_unchanged
CF,CF Industries Holdings Inc.,US,Materials,Chemicals,19.0,N,EXTENDED,KEEP_EXTENDED,MARKET_CAP_BELOW_THRESHOLD; METADATA_ONLY_AUDIT; below core threshold but retained for extended monitoring,EXTENDED,KEEP_EXTENDED,NON_TURNAROUND_ROLE_UNCHANGED; Gate 3 metrics recorded for v0.4 evidence only; legacy_reason=MARKET_CAP_BELOW_THRESHOLD; METADATA_ONLY_AUDIT; below core threshold but retained for extended monitoring,OBSERVATION_ONLY,N,FAIL,FAIL,FAIL,-15.4506,N,52.8979,Y,124.3526,96.9384,Y,3053133.33,3567939.68,N,-15.4506,N,Y,-5.8966,N,3053133.33,4753819.05,N,INSUFFICIENT_GATE2_DATA,INSUFFICIENT_DATA,yfinance,2026-05-27,2026-05-27,,v0_1_legacy_columns_preserved; non_turnaround_role_unchanged
VTRS,Viatris Inc.,US,Health Care,Pharmaceuticals,19.0,N,EXTENDED,KEEP_EXTENDED,MARKET_CAP_BELOW_THRESHOLD; METADATA_ONLY_AUDIT; below core threshold but retained for extended monitoring,EXTENDED,KEEP_EXTENDED,NON_TURNAROUND_ROLE_UNCHANGED; Gate 3 metrics recorded for v0.4 evidence only; legacy_reason=MARKET_CAP_BELOW_THRESHOLD; METADATA_ONLY_AUDIT; below core threshold but retained for extended monitoring,OBSERVATION_ONLY,N,FAIL,INSUFFICIENT_DATA,MANUAL_REVIEW,-6.3255,N,54.2614,Y,14.8250,12.5246,Y,13228023.81,10180976.98,Y,-6.3255,Y,Y,9.9933,Y,13228023.81,11356812.70,Y,INSUFFICIENT_GATE2_DATA,INSUFFICIENT_DATA,yfinance,2026-05-27,2026-05-27,,v0_1_legacy_columns_preserved; non_turnaround_role_unchanged
HPQ,HP Inc.,US,Information Technology,Technology Hardware,19.0,N,EXTENDED,KEEP_EXTENDED,MARKET_CAP_BELOW_THRESHOLD; METADATA_ONLY_AUDIT; below core threshold but retained for extended monitoring,EXTENDED,KEEP_EXTENDED,NON_TURNAROUND_ROLE_UNCHANGED; Gate 3 metrics recorded for v0.4 evidence only; legacy_reason=MARKET_CAP_BELOW_THRESHOLD; METADATA_ONLY_AUDIT; below core threshold but retained for extended monitoring,OBSERVATION_ONLY,N,FAIL,FAIL,FAIL,-13.1516,N,40.0549,Y,20.2244,23.0897,N,18894376.19,17922050.00,Y,-13.1516,Y,N,28.9980,Y,18894376.19,18605492.06,Y,INSUFFICIENT_GATE2_DATA,INSUFFICIENT_DATA,yfinance,2026-05-27,2026-05-27,,v0_1_legacy_columns_preserved; non_turnaround_role_unchanged
MRNA,Moderna Inc.,US,Health Care,Biotechnology,19.0,Y,HIGH_RISK_REVIEW,REVIEW_BEFORE_SCORING,TURNAROUND_IN_PROGRESS; METADATA_ONLY_AUDIT; turnaround flag prevents core classification,GATE3_FAIL_REVIEW,REVIEW_BEFORE_SCORING,"Gate3 FAIL; no recovery/continuation signal; preprocessing review only, not EXCLUDE; metadata_role=HIGH_RISK_REVIEW; recovery=FAIL; continuation=FAIL",RECOVERY,Y,FAIL,FAIL,FAIL,-17.6298,N,97.8803,Y,50.3992,37.2602,Y,7741547.62,9495514.29,N,-17.6298,N,Y,-2.2382,N,7741547.62,7441353.97,Y,INSUFFICIENT_GATE2_DATA,INSUFFICIENT_DATA,yfinance,2026-05-27,2026-05-27,,v0_1_legacy_columns_preserved; turnaround_gate3_recovery_applied; role_changed:HIGH_RISK_REVIEW->GATE3_FAIL_REVIEW
INCY,Incyte Corporation,US,Health Care,Biotechnology,19.0,N,HIGH_RISK_REVIEW,REVIEW_BEFORE_SCORING,BIOTECH_CLINICAL_RISK; MARKET_CAP_BELOW_THRESHOLD; METADATA_ONLY_AUDIT; biotechnology row below 30B metadata threshold,HIGH_RISK_REVIEW,REVIEW_BEFORE_SCORING,NON_TURNAROUND_ROLE_UNCHANGED; Gate 3 metrics recorded for v0.4 evidence only; legacy_reason=BIOTECH_CLINICAL_RISK; MARKET_CAP_BELOW_THRESHOLD; METADATA_ONLY_AUDIT; biotechnology row below 30B metadata threshold,OBSERVATION_ONLY,N,FAIL,FAIL,FAIL,-11.9653,N,7.7962,N,95.7060,95.5363,Y,1352980.95,1743980.16,N,-11.9653,Y,Y,1.6924,N,1352980.95,1474320.63,N,INSUFFICIENT_GATE2_DATA,INSUFFICIENT_DATA,yfinance,2026-05-27,2026-05-27,,v0_1_legacy_columns_preserved; non_turnaround_role_unchanged
EVRG,Evergy Inc.,US,Utilities,Electric Utilities,18.0,N,EXTENDED,KEEP_EXTENDED,MARKET_CAP_BELOW_THRESHOLD; METADATA_ONLY_AUDIT; below core threshold but retained for extended monitoring,EXTENDED,KEEP_EXTENDED,NON_TURNAROUND_ROLE_UNCHANGED; Gate 3 metrics recorded for v0.4 evidence only; legacy_reason=MARKET_CAP_BELOW_THRESHOLD; METADATA_ONLY_AUDIT; below core threshold but retained for extended monitoring,OBSERVATION_ONLY,N,FAIL,FAIL,FAIL,-0.2843,N,16.4016,Y,82.0230,77.4596,Y,2114366.67,2022374.60,Y,-0.2843,N,Y,3.1622,Y,2114366.67,1960774.60,Y,INSUFFICIENT_GATE2_DATA,INSUFFICIENT_DATA,yfinance,2026-05-27,2026-05-27,,v0_1_legacy_columns_preserved; non_turnaround_role_unchanged
SNA,Snap-on Incorporated,US,Industrials,Machinery,18.0,N,EXTENDED,KEEP_EXTENDED,MARKET_CAP_BELOW_THRESHOLD; METADATA_ONLY_AUDIT; below core threshold but retained for extended monitoring,EXTENDED,KEEP_EXTENDED,NON_TURNAROUND_ROLE_UNCHANGED; Gate 3 metrics recorded for v0.4 evidence only; legacy_reason=MARKET_CAP_BELOW_THRESHOLD; METADATA_ONLY_AUDIT; below core threshold but retained for extended monitoring,OBSERVATION_ONLY,N,FAIL,FAIL,FAIL,-4.7652,N,11.7440,N,371.3210,354.8901,Y,343114.29,358488.10,N,-4.7652,Y,Y,-3.2096,N,343114.29,395460.32,N,INSUFFICIENT_GATE2_DATA,INSUFFICIENT_DATA,yfinance,2026-05-27,2026-05-27,,v0_1_legacy_columns_preserved; non_turnaround_role_unchanged
IFF,International Flavors & Fragrances Inc.,US,Materials,Chemicals,18.0,N,EXTENDED,KEEP_EXTENDED,MARKET_CAP_BELOW_THRESHOLD; METADATA_ONLY_AUDIT; below core threshold but retained for extended monitoring,EXTENDED,KEEP_EXTENDED,NON_TURNAROUND_ROLE_UNCHANGED; Gate 3 metrics recorded for v0.4 evidence only; legacy_reason=MARKET_CAP_BELOW_THRESHOLD; METADATA_ONLY_AUDIT; below core threshold but retained for extended monitoring,OBSERVATION_ONLY,N,FAIL,INSUFFICIENT_DATA,MANUAL_REVIEW,-7.2289,N,21.7391,Y,72.7804,69.1369,Y,2004280.95,1866953.17,Y,-7.2289,Y,Y,8.4660,Y,2004280.95,1773650.79,Y,INSUFFICIENT_GATE2_DATA,INSUFFICIENT_DATA,yfinance,2026-05-27,2026-05-27,,v0_1_legacy_columns_preserved; non_turnaround_role_unchanged
GPN,Global Payments Inc.,US,Financials,Financial Services,18.0,N,EXTENDED,KEEP_EXTENDED,MARKET_CAP_BELOW_THRESHOLD; METADATA_ONLY_AUDIT; below core threshold but retained for extended monitoring,EXTENDED,KEEP_EXTENDED,NON_TURNAROUND_ROLE_UNCHANGED; Gate 3 metrics recorded for v0.4 evidence only; legacy_reason=MARKET_CAP_BELOW_THRESHOLD; METADATA_ONLY_AUDIT; below core threshold but retained for extended monitoring,OBSERVATION_ONLY,N,FAIL,FAIL,FAIL,-18.3868,N,17.1611,Y,69.1468,77.2612,N,3585171.43,3349615.87,Y,-18.3868,N,N,7.5077,Y,3585171.43,3344382.54,Y,INSUFFICIENT_GATE2_DATA,INSUFFICIENT_DATA,yfinance,2026-05-27,2026-05-27,,v0_1_legacy_columns_preserved; non_turnaround_role_unchanged
LUV,Southwest Airlines Co.,US,Industrials,Passenger Airlines,18.0,N,EXTENDED,KEEP_EXTENDED,MARKET_CAP_BELOW_THRESHOLD; METADATA_ONLY_AUDIT; below core threshold but retained for extended monitoring,EXTENDED,KEEP_EXTENDED,NON_TURNAROUND_ROLE_UNCHANGED; Gate 3 metrics recorded for v0.4 evidence only; legacy_reason=MARKET_CAP_BELOW_THRESHOLD; METADATA_ONLY_AUDIT; below core threshold but retained for extended monitoring,OBSERVATION_ONLY,N,FAIL,FAIL,FAIL,-20.2920,Y,31.2500,Y,39.6376,38.4353,Y,6557471.43,9242864.29,N,-20.2920,N,Y,14.3455,Y,6557471.43,8225707.94,N,INSUFFICIENT_GATE2_DATA,INSUFFICIENT_DATA,yfinance,2026-05-27,2026-05-27,,v0_1_legacy_columns_preserved; non_turnaround_role_unchanged
PKG,Packaging Corporation of America,US,Materials,Containers & Packaging,18.0,N,EXTENDED,KEEP_EXTENDED,MARKET_CAP_BELOW_THRESHOLD; METADATA_ONLY_AUDIT; below core threshold but retained for extended monitoring,EXTENDED,KEEP_EXTENDED,NON_TURNAROUND_ROLE_UNCHANGED; Gate 3 metrics recorded for v0.4 evidence only; legacy_reason=MARKET_CAP_BELOW_THRESHOLD; METADATA_ONLY_AUDIT; below core threshold but retained for extended monitoring,OBSERVATION_ONLY,N,FAIL,FAIL,FAIL,-11.4977,N,13.2122,N,213.0732,212.6591,Y,745290.48,937024.60,N,-11.4977,Y,Y,2.5642,N,745290.48,922068.25,N,INSUFFICIENT_GATE2_DATA,INSUFFICIENT_DATA,yfinance,2026-05-27,2026-05-27,,v0_1_legacy_columns_preserved; non_turnaround_role_unchanged
LNT,Alliant Energy Corporation,US,Utilities,Electric Utilities,18.0,N,EXTENDED,KEEP_EXTENDED,MARKET_CAP_BELOW_THRESHOLD; METADATA_ONLY_AUDIT; below core threshold but retained for extended monitoring,EXTENDED,KEEP_EXTENDED,NON_TURNAROUND_ROLE_UNCHANGED; Gate 3 metrics recorded for v0.4 evidence only; legacy_reason=MARKET_CAP_BELOW_THRESHOLD; METADATA_ONLY_AUDIT; below core threshold but retained for extended monitoring,OBSERVATION_ONLY,N,FAIL,FAIL,FAIL,-0.4186,N,14.1641,N,72.1724,68.3563,Y,2626280.95,2327462.70,Y,-0.4186,N,Y,1.8365,N,2626280.95,2366263.49,Y,INSUFFICIENT_GATE2_DATA,INSUFFICIENT_DATA,yfinance,2026-05-27,2026-05-27,,v0_1_legacy_columns_preserved; non_turnaround_role_unchanged
SMCI,Super Micro Computer Inc.,US,Information Technology,Technology Hardware,18.0,Y,HIGH_RISK_REVIEW,REVIEW_BEFORE_SCORING,TURNAROUND_IN_PROGRESS; METADATA_ONLY_AUDIT; turnaround flag prevents core classification,GATE3_FAIL_REVIEW,REVIEW_BEFORE_SCORING,"Gate3 FAIL; no recovery/continuation signal; preprocessing review only, not EXCLUDE; metadata_role=EXTENDED; recovery=FAIL; continuation=FAIL",RECOVERY,Y,FAIL,FAIL,FAIL,-37.0944,Y,86.0204,Y,28.1582,36.0035,N,38759223.81,33312615.87,Y,-37.0944,N,N,37.1275,Y,38759223.81,38402358.73,Y,INSUFFICIENT_GATE2_DATA,INSUFFICIENT_DATA,yfinance,2026-05-27,2026-05-27,,v0_1_legacy_columns_preserved; turnaround_gate3_recovery_applied; role_changed:HIGH_RISK_REVIEW->GATE3_FAIL_REVIEW
ESS,Essex Property Trust Inc.,US,Real Estate,Residential REITs,18.0,N,EXTENDED,KEEP_EXTENDED,MARKET_CAP_BELOW_THRESHOLD; METADATA_ONLY_AUDIT; below core threshold but retained for extended monitoring,EXTENDED,KEEP_EXTENDED,NON_TURNAROUND_ROLE_UNCHANGED; Gate 3 metrics recorded for v0.4 evidence only; legacy_reason=MARKET_CAP_BELOW_THRESHOLD; METADATA_ONLY_AUDIT; below core threshold but retained for extended monitoring,OBSERVATION_ONLY,N,FAIL,FAIL,FAIL,-5.3831,N,15.5336,Y,257.2666,258.2312,Y,503195.24,509293.65,N,-5.3831,Y,N,7.7873,Y,503195.24,481479.37,Y,INSUFFICIENT_GATE2_DATA,INSUFFICIENT_DATA,yfinance,2026-05-27,2026-05-27,,v0_1_legacy_columns_preserved; non_turnaround_role_unchanged
FTV,Fortive Corporation,US,Industrials,Electrical Equipment,17.0,N,EXTENDED,KEEP_EXTENDED,MARKET_CAP_BELOW_THRESHOLD; METADATA_ONLY_AUDIT; below core threshold but retained for extended monitoring,EXTENDED,KEEP_EXTENDED,NON_TURNAROUND_ROLE_UNCHANGED; Gate 3 metrics recorded for v0.4 evidence only; legacy_reason=MARKET_CAP_BELOW_THRESHOLD; METADATA_ONLY_AUDIT; below core threshold but retained for extended monitoring,OBSERVATION_ONLY,N,FAIL,FAIL,FAIL,-3.3865,N,14.2013,N,58.6184,54.0170,Y,3098919.05,3402234.13,N,-3.3865,Y,Y,-3.3865,N,3098919.05,3101304.76,N,INSUFFICIENT_GATE2_DATA,INSUFFICIENT_DATA,yfinance,2026-05-27,2026-05-27,,v0_1_legacy_columns_preserved; non_turnaround_role_unchanged
GIS,General Mills Inc.,US,Consumer Staples,Food Products,17.0,N,EXTENDED,KEEP_EXTENDED,MARKET_CAP_BELOW_THRESHOLD; METADATA_ONLY_AUDIT; below core threshold but retained for extended monitoring,EXTENDED,KEEP_EXTENDED,NON_TURNAROUND_ROLE_UNCHANGED; Gate 3 metrics recorded for v0.4 evidence only; legacy_reason=MARKET_CAP_BELOW_THRESHOLD; METADATA_ONLY_AUDIT; below core threshold but retained for extended monitoring,OBSERVATION_ONLY,N,FAIL,FAIL,FAIL,-38.5949,Y,2.0006,N,35.3484,44.2068,N,9582395.24,8558760.32,Y,-38.5949,N,N,-3.0818,N,9582395.24,9355603.17,Y,INSUFFICIENT_GATE2_DATA,INSUFFICIENT_DATA,yfinance,2026-05-27,2026-05-27,,v0_1_legacy_columns_preserved; non_turnaround_role_unchanged
DLTR,Dollar Tree Inc.,US,Consumer Staples,Consumer Staples Distribution,17.0,N,EXTENDED,KEEP_EXTENDED,MARKET_CAP_BELOW_THRESHOLD; METADATA_ONLY_AUDIT; below core threshold but retained for extended monitoring,EXTENDED,KEEP_EXTENDED,NON_TURNAROUND_ROLE_UNCHANGED; Gate 3 metrics recorded for v0.4 evidence only; legacy_reason=MARKET_CAP_BELOW_THRESHOLD; METADATA_ONLY_AUDIT; below core threshold but retained for extended monitoring,OBSERVATION_ONLY,N,FAIL,FAIL,FAIL,-32.1082,Y,10.4493,N,100.2380,109.4413,N,3835847.62,3355499.21,Y,-32.1082,N,N,-2.1735,N,3835847.62,3451180.95,Y,INSUFFICIENT_GATE2_DATA,INSUFFICIENT_DATA,yfinance,2026-05-27,2026-05-27,,v0_1_legacy_columns_preserved; non_turnaround_role_unchanged
LII,Lennox International Inc.,US,Industrials,Building Products,17.0,N,EXTENDED,KEEP_EXTENDED,MARKET_CAP_BELOW_THRESHOLD; METADATA_ONLY_AUDIT; below core threshold but retained for extended monitoring,EXTENDED,KEEP_EXTENDED,NON_TURNAROUND_ROLE_UNCHANGED; Gate 3 metrics recorded for v0.4 evidence only; legacy_reason=MARKET_CAP_BELOW_THRESHOLD; METADATA_ONLY_AUDIT; below core threshold but retained for extended monitoring,OBSERVATION_ONLY,N,FAIL,FAIL,FAIL,-24.2845,Y,14.9108,N,491.5662,515.6051,N,463471.43,467014.29,N,-24.2845,N,N,0.1832,N,463471.43,459596.83,Y,INSUFFICIENT_GATE2_DATA,INSUFFICIENT_DATA,yfinance,2026-05-27,2026-05-27,,v0_1_legacy_columns_preserved; non_turnaround_role_unchanged
BR,Broadridge Financial Solutions Inc.,US,Industrials,Professional Services,17.0,N,EXTENDED,KEEP_EXTENDED,MARKET_CAP_BELOW_THRESHOLD; METADATA_ONLY_AUDIT; below core threshold but retained for extended monitoring,EXTENDED,KEEP_EXTENDED,NON_TURNAROUND_ROLE_UNCHANGED; Gate 3 metrics recorded for v0.4 evidence only; legacy_reason=MARKET_CAP_BELOW_THRESHOLD; METADATA_ONLY_AUDIT; below core threshold but retained for extended monitoring,OBSERVATION_ONLY,N,FAIL,FAIL,FAIL,-44.8837,Y,2.6017,N,157.4552,206.3456,N,1601242.86,1292673.02,Y,-44.8837,N,N,-5.9222,N,1601242.86,1575503.17,Y,INSUFFICIENT_GATE2_DATA,INSUFFICIENT_DATA,yfinance,2026-05-27,2026-05-27,,v0_1_legacy_columns_preserved; non_turnaround_role_unchanged
AMCR,Amcor plc,US,Materials,Containers & Packaging,17.0,N,EXTENDED,KEEP_EXTENDED,MARKET_CAP_BELOW_THRESHOLD; METADATA_ONLY_AUDIT; below core threshold but retained for extended monitoring,EXTENDED,KEEP_EXTENDED,NON_TURNAROUND_ROLE_UNCHANGED; Gate 3 metrics recorded for v0.4 evidence only; legacy_reason=MARKET_CAP_BELOW_THRESHOLD; METADATA_ONLY_AUDIT; below core threshold but retained for extended monitoring,OBSERVATION_ONLY,N,FAIL,FAIL,FAIL,-21.5698,Y,8.1221,N,39.4180,42.0136,N,4446276.19,5232431.59,N,-21.5698,N,N,1.5877,N,4446276.19,5329657.14,N,INSUFFICIENT_GATE2_DATA,INSUFFICIENT_DATA,yfinance,2026-05-27,2026-05-27,,v0_1_legacy_columns_preserved; non_turnaround_role_unchanged
INVH,Invitation Homes Inc.,US,Real Estate,Residential REITs,17.0,N,EXTENDED,KEEP_EXTENDED,MARKET_CAP_BELOW_THRESHOLD; METADATA_ONLY_AUDIT; below core threshold but retained for extended monitoring,EXTENDED,KEEP_EXTENDED,NON_TURNAROUND_ROLE_UNCHANGED; Gate 3 metrics recorded for v0.4 evidence only; legacy_reason=MARKET_CAP_BELOW_THRESHOLD; METADATA_ONLY_AUDIT; below core threshold but retained for extended monitoring,OBSERVATION_ONLY,N,FAIL,FAIL,FAIL,-13.5509,N,20.5822,Y,27.0102,27.7303,N,5609709.52,6251359.52,N,-13.5509,Y,N,8.0059,Y,5609709.52,6099812.70,N,INSUFFICIENT_GATE2_DATA,INSUFFICIENT_DATA,yfinance,2026-05-27,2026-05-27,,v0_1_legacy_columns_preserved; non_turnaround_role_unchanged
PTC,PTC Inc.,US,Information Technology,Software,16.0,N,EXTENDED,KEEP_EXTENDED,MARKET_CAP_BELOW_THRESHOLD; METADATA_ONLY_AUDIT; below core threshold but retained for extended monitoring,EXTENDED,KEEP_EXTENDED,NON_TURNAROUND_ROLE_UNCHANGED; Gate 3 metrics recorded for v0.4 evidence only; legacy_reason=MARKET_CAP_BELOW_THRESHOLD; METADATA_ONLY_AUDIT; below core threshold but retained for extended monitoring,OBSERVATION_ONLY,N,FAIL,FAIL,FAIL,-34.3001,Y,6.6097,N,141.8830,172.5889,N,1509161.90,1135042.06,Y,-34.3001,N,N,4.2885,Y,1509161.90,1241458.73,Y,INSUFFICIENT_GATE2_DATA,INSUFFICIENT_DATA,yfinance,2026-05-27,2026-05-27,,v0_1_legacy_columns_preserved; non_turnaround_role_unchanged
TSCO,Tractor Supply Company,US,Consumer Discretionary,Specialty Retail,16.0,N,EXTENDED,KEEP_EXTENDED,MARKET_CAP_BELOW_THRESHOLD; METADATA_ONLY_AUDIT; below core threshold but retained for extended monitoring,EXTENDED,KEEP_EXTENDED,NON_TURNAROUND_ROLE_UNCHANGED; Gate 3 metrics recorded for v0.4 evidence only; legacy_reason=MARKET_CAP_BELOW_THRESHOLD; METADATA_ONLY_AUDIT; below core threshold but retained for extended monitoring,OBSERVATION_ONLY,N,FAIL,FAIL,FAIL,-51.0455,Y,2.9195,N,38.9080,50.7589,N,13465985.71,8013385.71,Y,-51.0455,N,N,-14.0174,N,13465985.71,9384680.95,Y,INSUFFICIENT_GATE2_DATA,INSUFFICIENT_DATA,yfinance,2026-05-27,2026-05-27,,v0_1_legacy_columns_preserved; non_turnaround_role_unchanged
BEN,Franklin Resources Inc.,US,Financials,Capital Markets,16.0,N,EXTENDED,KEEP_EXTENDED,MARKET_CAP_BELOW_THRESHOLD; METADATA_ONLY_AUDIT; below core threshold but retained for extended monitoring,EXTENDED,KEEP_EXTENDED,NON_TURNAROUND_ROLE_UNCHANGED; Gate 3 metrics recorded for v0.4 evidence only; legacy_reason=MARKET_CAP_BELOW_THRESHOLD; METADATA_ONLY_AUDIT; below core threshold but retained for extended monitoring,OBSERVATION_ONLY,N,FAIL,FAIL,FAIL,-2.1020,N,43.7585,Y,27.5142,25.2310,Y,5036033.33,4969092.86,Y,-2.1020,N,Y,14.8712,Y,5036033.33,5124115.87,N,INSUFFICIENT_GATE2_DATA,INSUFFICIENT_DATA,yfinance,2026-05-27,2026-05-27,,v0_1_legacy_columns_preserved; non_turnaround_role_unchanged
WY,Weyerhaeuser Company,US,Real Estate,Specialized REITs,16.0,N,EXTENDED,KEEP_EXTENDED,MARKET_CAP_BELOW_THRESHOLD; METADATA_ONLY_AUDIT; below core threshold but retained for extended monitoring,EXTENDED,KEEP_EXTENDED,NON_TURNAROUND_ROLE_UNCHANGED; Gate 3 metrics recorded for v0.4 evidence only; legacy_reason=MARKET_CAP_BELOW_THRESHOLD; METADATA_ONLY_AUDIT; below core threshold but retained for extended monitoring,OBSERVATION_ONLY,N,FAIL,FAIL,FAIL,-11.1313,N,14.5327,N,24.0152,24.3470,N,5373780.95,6240503.97,N,-11.1313,Y,N,-2.0384,N,5373780.95,5313885.71,Y,INSUFFICIENT_GATE2_DATA,INSUFFICIENT_DATA,yfinance,2026-05-27,2026-05-27,,v0_1_legacy_columns_preserved; non_turnaround_role_unchanged
ZBH,Zimmer Biomet Holdings Inc.,US,Health Care,Health Care Equipment,16.0,N,EXTENDED,KEEP_EXTENDED,MARKET_CAP_BELOW_THRESHOLD; METADATA_ONLY_AUDIT; below core threshold but retained for extended monitoring,EXTENDED,KEEP_EXTENDED,NON_TURNAROUND_ROLE_UNCHANGED; Gate 3 metrics recorded for v0.4 evidence only; legacy_reason=MARKET_CAP_BELOW_THRESHOLD; METADATA_ONLY_AUDIT; below core threshold but retained for extended monitoring,OBSERVATION_ONLY,N,FAIL,FAIL,FAIL,-23.3497,Y,3.7447,N,88.0648,93.9549,N,2814080.95,2236653.17,Y,-23.3497,N,N,-10.8327,N,2814080.95,2280615.87,Y,INSUFFICIENT_GATE2_DATA,INSUFFICIENT_DATA,yfinance,2026-05-27,2026-05-27,,v0_1_legacy_columns_preserved; non_turnaround_role_unchanged
IP,International Paper Company,US,Materials,Containers & Packaging,16.0,N,EXTENDED,KEEP_EXTENDED,MARKET_CAP_BELOW_THRESHOLD; METADATA_ONLY_AUDIT; below core threshold but retained for extended monitoring,EXTENDED,KEEP_EXTENDED,NON_TURNAROUND_ROLE_UNCHANGED; Gate 3 metrics recorded for v0.4 evidence only; legacy_reason=MARKET_CAP_BELOW_THRESHOLD; METADATA_ONLY_AUDIT; below core threshold but retained for extended monitoring,OBSERVATION_ONLY,N,FAIL,FAIL,FAIL,-41.7744,Y,10.3472,N,33.9758,40.8853,N,7252404.76,6573085.71,Y,-41.7744,N,N,-0.7045,N,7252404.76,6854304.76,Y,INSUFFICIENT_GATE2_DATA,INSUFFICIENT_DATA,yfinance,2026-05-27,2026-05-27,,v0_1_legacy_columns_preserved; non_turnaround_role_unchanged
KIM,Kimco Realty Corporation,US,Real Estate,Retail REITs,15.0,N,EXTENDED,KEEP_EXTENDED,MARKET_CAP_BELOW_THRESHOLD; METADATA_ONLY_AUDIT; below core threshold but retained for extended monitoring,EXTENDED,KEEP_EXTENDED,NON_TURNAROUND_ROLE_UNCHANGED; Gate 3 metrics recorded for v0.4 evidence only; legacy_reason=MARKET_CAP_BELOW_THRESHOLD; METADATA_ONLY_AUDIT; below core threshold but retained for extended monitoring,OBSERVATION_ONLY,N,FAIL,FAIL,FAIL,-0.4890,N,23.4580,Y,23.2942,21.8984,Y,4350333.33,5155827.78,N,-0.4890,N,Y,2.2613,N,4350333.33,5047917.46,N,INSUFFICIENT_GATE2_DATA,INSUFFICIENT_DATA,yfinance,2026-05-27,2026-05-27,,v0_1_legacy_columns_preserved; non_turnaround_role_unchanged
TXT,Textron Inc.,US,Industrials,Aerospace & Defense,15.0,N,EXTENDED,KEEP_EXTENDED,MARKET_CAP_BELOW_THRESHOLD; METADATA_ONLY_AUDIT; below core threshold but retained for extended monitoring,EXTENDED,KEEP_EXTENDED,NON_TURNAROUND_ROLE_UNCHANGED; Gate 3 metrics recorded for v0.4 evidence only; legacy_reason=MARKET_CAP_BELOW_THRESHOLD; METADATA_ONLY_AUDIT; below core threshold but retained for extended monitoring,OBSERVATION_ONLY,N,FAIL,INSUFFICIENT_DATA,MANUAL_REVIEW,-8.3854,N,12.5854,N,90.3734,87.6050,Y,1394547.62,1557649.21,N,-8.3854,Y,Y,4.3400,Y,1394547.62,1383158.73,Y,INSUFFICIENT_GATE2_DATA,INSUFFICIENT_DATA,yfinance,2026-05-27,2026-05-27,,v0_1_legacy_columns_preserved; non_turnaround_role_unchanged
LDOS,Leidos Holdings Inc.,US,Industrials,IT Services,15.0,N,EXTENDED,KEEP_EXTENDED,MARKET_CAP_BELOW_THRESHOLD; METADATA_ONLY_AUDIT; below core threshold but retained for extended monitoring,EXTENDED,KEEP_EXTENDED,NON_TURNAROUND_ROLE_UNCHANGED; Gate 3 metrics recorded for v0.4 evidence only; legacy_reason=MARKET_CAP_BELOW_THRESHOLD; METADATA_ONLY_AUDIT; below core threshold but retained for extended monitoring,OBSERVATION_ONLY,N,FAIL,FAIL,FAIL,-34.5427,Y,6.1606,N,146.7882,175.9907,N,1372138.10,1062367.46,Y,-34.5427,N,N,-9.4426,N,1372138.10,1162977.78,Y,INSUFFICIENT_GATE2_DATA,INSUFFICIENT_DATA,yfinance,2026-05-27,2026-05-27,,v0_1_legacy_columns_preserved; non_turnaround_role_unchanged
IEX,IDEX Corporation,US,Industrials,Machinery,15.0,N,EXTENDED,KEEP_EXTENDED,MARKET_CAP_BELOW_THRESHOLD; METADATA_ONLY_AUDIT; below core threshold but retained for extended monitoring,EXTENDED,KEEP_EXTENDED,NON_TURNAROUND_ROLE_UNCHANGED; Gate 3 metrics recorded for v0.4 evidence only; legacy_reason=MARKET_CAP_BELOW_THRESHOLD; METADATA_ONLY_AUDIT; below core threshold but retained for extended monitoring,OBSERVATION_ONLY,N,FAIL,FAIL,FAIL,-2.9516,N,24.6248,Y,202.8374,184.5878,Y,726714.29,757220.63,N,-2.9516,N,Y,2.1023,N,726714.29,761400.00,N,INSUFFICIENT_GATE2_DATA,INSUFFICIENT_DATA,yfinance,2026-05-27,2026-05-27,,v0_1_legacy_columns_preserved; non_turnaround_role_unchanged
NDSN,Nordson Corporation,US,Industrials,Machinery,15.0,N,EXTENDED,KEEP_EXTENDED,MARKET_CAP_BELOW_THRESHOLD; METADATA_ONLY_AUDIT; below core threshold but retained for extended monitoring,EXTENDED,KEEP_EXTENDED,NON_TURNAROUND_ROLE_UNCHANGED; Gate 3 metrics recorded for v0.4 evidence only; legacy_reason=MARKET_CAP_BELOW_THRESHOLD; METADATA_ONLY_AUDIT; below core threshold but retained for extended monitoring,OBSERVATION_ONLY,N,FAIL,FAIL,FAIL,-3.5250,N,23.9015,Y,276.4306,253.7490,Y,407309.52,420819.84,N,-3.5250,Y,Y,1.8735,N,407309.52,360258.73,Y,INSUFFICIENT_GATE2_DATA,INSUFFICIENT_DATA,yfinance,2026-05-27,2026-05-27,,v0_1_legacy_columns_preserved; non_turnaround_role_unchanged
NVR,NVR Inc.,US,Consumer Discretionary,Household Durables,15.0,N,EXTENDED,KEEP_EXTENDED,MARKET_CAP_BELOW_THRESHOLD; METADATA_ONLY_AUDIT; below core threshold but retained for extended monitoring,EXTENDED,KEEP_EXTENDED,NON_TURNAROUND_ROLE_UNCHANGED; Gate 3 metrics recorded for v0.4 evidence only; legacy_reason=MARKET_CAP_BELOW_THRESHOLD; METADATA_ONLY_AUDIT; below core threshold but retained for extended monitoring,OBSERVATION_ONLY,N,FAIL,FAIL,FAIL,-28.6190,Y,9.6063,N,6365.1822,7318.0201,N,25014.29,25593.65,N,-28.6190,N,N,-5.9306,N,25014.29,24815.87,Y,INSUFFICIENT_GATE2_DATA,INSUFFICIENT_DATA,yfinance,2026-05-27,2026-05-27,,v0_1_legacy_columns_preserved; non_turnaround_role_unchanged
MAA,Mid-America Apartment Communities Inc.,US,Real Estate,Residential REITs,15.0,N,EXTENDED,KEEP_EXTENDED,MARKET_CAP_BELOW_THRESHOLD; METADATA_ONLY_AUDIT; below core threshold but retained for extended monitoring,EXTENDED,KEEP_EXTENDED,NON_TURNAROUND_ROLE_UNCHANGED; Gate 3 metrics recorded for v0.4 evidence only; legacy_reason=MARKET_CAP_BELOW_THRESHOLD; METADATA_ONLY_AUDIT; below core threshold but retained for extended monitoring,OBSERVATION_ONLY,N,FAIL,FAIL,FAIL,-16.6422,N,8.3022,N,126.5804,133.2668,N,923928.57,961938.89,N,-16.6422,N,N,4.1391,Y,923928.57,918473.02,Y,INSUFFICIENT_GATE2_DATA,INSUFFICIENT_DATA,yfinance,2026-05-27,2026-05-27,,v0_1_legacy_columns_preserved; non_turnaround_role_unchanged
HST,Host Hotels & Resorts Inc.,US,Real Estate,Hotel & Resort REITs,15.0,N,EXTENDED,KEEP_EXTENDED,MARKET_CAP_BELOW_THRESHOLD; METADATA_ONLY_AUDIT; below core threshold but retained for extended monitoring,EXTENDED,KEEP_EXTENDED,NON_TURNAROUND_ROLE_UNCHANGED; Gate 3 metrics recorded for v0.4 evidence only; legacy_reason=MARKET_CAP_BELOW_THRESHOLD; METADATA_ONLY_AUDIT; below core threshold but retained for extended monitoring,OBSERVATION_ONLY,N,FAIL,FAIL,FAIL,0.0000,N,37.3099,Y,20.6588,18.5192,Y,8370790.48,8296862.70,Y,0.0000,N,Y,12.4521,Y,8370790.48,8683944.44,N,INSUFFICIENT_GATE2_DATA,INSUFFICIENT_DATA,yfinance,2026-05-27,2026-05-27,,v0_1_legacy_columns_preserved; non_turnaround_role_unchanged
NWS,News Corporation Class B,US,Communication Services,Media,15.0,N,EXTENDED,KEEP_EXTENDED,MARKET_CAP_BELOW_THRESHOLD; METADATA_ONLY_AUDIT; below core threshold but retained for extended monitoring,EXTENDED,KEEP_EXTENDED,NON_TURNAROUND_ROLE_UNCHANGED; Gate 3 metrics recorded for v0.4 evidence only; legacy_reason=MARKET_CAP_BELOW_THRESHOLD; METADATA_ONLY_AUDIT; below core threshold but retained for extended monitoring,OBSERVATION_ONLY,N,FAIL,FAIL,FAIL,-13.3637,N,18.7914,Y,29.3094,30.0082,N,1379700.00,1332021.43,Y,-13.3637,Y,N,-0.2619,N,1379700.00,1477358.73,N,INSUFFICIENT_GATE2_DATA,INSUFFICIENT_DATA,yfinance,2026-05-27,2026-05-27,,v0_1_legacy_columns_preserved; non_turnaround_role_unchanged
GNRC,Generac Holdings Inc.,US,Industrials,Electrical Equipment,14.0,N,EXTENDED,KEEP_EXTENDED,MARKET_CAP_BELOW_THRESHOLD; METADATA_ONLY_AUDIT; below core threshold but retained for extended monitoring,EXTENDED,KEEP_EXTENDED,NON_TURNAROUND_ROLE_UNCHANGED; Gate 3 metrics recorded for v0.4 evidence only; legacy_reason=MARKET_CAP_BELOW_THRESHOLD; METADATA_ONLY_AUDIT; below core threshold but retained for extended monitoring,OBSERVATION_ONLY,N,FAIL,FAIL,FAIL,0.0000,N,105.7124,Y,228.2862,189.5462,Y,917571.43,1022876.19,N,0.0000,N,Y,27.3400,Y,917571.43,902357.14,Y,INSUFFICIENT_GATE2_DATA,INSUFFICIENT_DATA,yfinance,2026-05-27,2026-05-27,,v0_1_legacy_columns_preserved; non_turnaround_role_unchanged
BALL,Ball Corporation,US,Materials,Containers & Packaging,14.0,N,EXTENDED,KEEP_EXTENDED,MARKET_CAP_BELOW_THRESHOLD; METADATA_ONLY_AUDIT; below core threshold but retained for extended monitoring,EXTENDED,KEEP_EXTENDED,NON_TURNAROUND_ROLE_UNCHANGED; Gate 3 metrics recorded for v0.4 evidence only; legacy_reason=MARKET_CAP_BELOW_THRESHOLD; METADATA_ONLY_AUDIT; below core threshold but retained for extended monitoring,OBSERVATION_ONLY,N,FAIL,FAIL,FAIL,-16.6027,N,20.5675,Y,59.7414,55.1971,Y,2868266.67,2426581.75,Y,-16.6027,N,Y,-7.4668,N,2868266.67,2419261.90,Y,INSUFFICIENT_GATE2_DATA,INSUFFICIENT_DATA,yfinance,2026-05-27,2026-05-27,,v0_1_legacy_columns_preserved; non_turnaround_role_unchanged
GEN,Gen Digital Inc.,US,Information Technology,Software,14.0,N,EXTENDED,KEEP_EXTENDED,MARKET_CAP_BELOW_THRESHOLD; METADATA_ONLY_AUDIT; below core threshold but retained for extended monitoring,EXTENDED,KEEP_EXTENDED,NON_TURNAROUND_ROLE_UNCHANGED; Gate 3 metrics recorded for v0.4 evidence only; legacy_reason=MARKET_CAP_BELOW_THRESHOLD; METADATA_ONLY_AUDIT; below core threshold but retained for extended monitoring,OBSERVATION_ONLY,N,FAIL,FAIL,FAIL,-23.5075,Y,37.5070,Y,20.5920,25.1229,N,8657642.86,6557033.33,Y,-23.5075,N,N,29.3375,Y,8657642.86,7535784.13,Y,INSUFFICIENT_GATE2_DATA,INSUFFICIENT_DATA,yfinance,2026-05-27,2026-05-27,,v0_1_legacy_columns_preserved; non_turnaround_role_unchanged
REG,Regency Centers Corporation,US,Real Estate,Retail REITs,14.0,N,EXTENDED,KEEP_EXTENDED,MARKET_CAP_BELOW_THRESHOLD; METADATA_ONLY_AUDIT; below core threshold but retained for extended monitoring,EXTENDED,KEEP_EXTENDED,NON_TURNAROUND_ROLE_UNCHANGED; Gate 3 metrics recorded for v0.4 evidence only; legacy_reason=MARKET_CAP_BELOW_THRESHOLD; METADATA_ONLY_AUDIT; below core threshold but retained for extended monitoring,OBSERVATION_ONLY,N,FAIL,FAIL,FAIL,-2.6751,N,17.5551,Y,77.7950,73.3830,Y,1484409.52,1352079.37,Y,-2.6751,N,Y,-1.2508,N,1484409.52,1401519.05,Y,INSUFFICIENT_GATE2_DATA,INSUFFICIENT_DATA,yfinance,2026-05-27,2026-05-27,,v0_1_legacy_columns_preserved; non_turnaround_role_unchanged
NWSA,News Corporation Class A,US,Communication Services,Media,14.0,N,EXTENDED,KEEP_EXTENDED,MARKET_CAP_BELOW_THRESHOLD; METADATA_ONLY_AUDIT; below core threshold but retained for extended monitoring,EXTENDED,KEEP_EXTENDED,NON_TURNAROUND_ROLE_UNCHANGED; Gate 3 metrics recorded for v0.4 evidence only; legacy_reason=MARKET_CAP_BELOW_THRESHOLD; METADATA_ONLY_AUDIT; below core threshold but retained for extended monitoring,OBSERVATION_ONLY,N,FAIL,FAIL,FAIL,-14.2443,N,18.7946,Y,25.5248,26.3629,N,4673366.67,4136158.73,Y,-14.2443,Y,N,0.7573,N,4673366.67,4418322.22,Y,INSUFFICIENT_GATE2_DATA,INSUFFICIENT_DATA,yfinance,2026-05-27,2026-05-27,,v0_1_legacy_columns_preserved; non_turnaround_role_unchanged
APA,APA Corporation,US,Energy,Oil Gas & Consumable Fuels,14.0,N,EXTENDED,KEEP_EXTENDED,MARKET_CAP_BELOW_THRESHOLD; METADATA_ONLY_AUDIT; below core threshold but retained for extended monitoring,EXTENDED,KEEP_EXTENDED,NON_TURNAROUND_ROLE_UNCHANGED; Gate 3 metrics recorded for v0.4 evidence only; legacy_reason=MARKET_CAP_BELOW_THRESHOLD; METADATA_ONLY_AUDIT; below core threshold but retained for extended monitoring,OBSERVATION_ONLY,N,FAIL,FAIL,FAIL,-17.5039,N,56.5626,Y,39.1004,28.5802,Y,6795966.67,7243879.37,N,-17.5039,N,Y,-4.7099,N,6795966.67,8589585.71,N,INSUFFICIENT_GATE2_DATA,INSUFFICIENT_DATA,yfinance,2026-05-27,2026-05-27,,v0_1_legacy_columns_preserved; non_turnaround_role_unchanged
EG,Everest Group Ltd.,US,Financials,Insurance,14.0,N,EXTENDED,KEEP_EXTENDED,MARKET_CAP_BELOW_THRESHOLD; METADATA_ONLY_AUDIT; below core threshold but retained for extended monitoring,EXTENDED,KEEP_EXTENDED,NON_TURNAROUND_ROLE_UNCHANGED; Gate 3 metrics recorded for v0.4 evidence only; legacy_reason=MARKET_CAP_BELOW_THRESHOLD; METADATA_ONLY_AUDIT; below core threshold but retained for extended monitoring,OBSERVATION_ONLY,N,FAIL,FAIL,FAIL,-5.9009,N,11.3262,N,340.4600,334.7550,Y,320580.95,356279.37,N,-5.9009,Y,Y,-0.0553,N,320580.95,332561.90,N,INSUFFICIENT_GATE2_DATA,INSUFFICIENT_DATA,yfinance,2026-05-27,2026-05-27,,v0_1_legacy_columns_preserved; non_turnaround_role_unchanged
LULU,lululemon athletica inc.,US,Consumer Discretionary,Textiles & Apparel,13.0,N,EXTENDED,KEEP_EXTENDED,MARKET_CAP_BELOW_THRESHOLD; METADATA_ONLY_AUDIT; below core threshold but retained for extended monitoring,EXTENDED,KEEP_EXTENDED,NON_TURNAROUND_ROLE_UNCHANGED; Gate 3 metrics recorded for v0.4 evidence only; legacy_reason=MARKET_CAP_BELOW_THRESHOLD; METADATA_ONLY_AUDIT; below core threshold but retained for extended monitoring,OBSERVATION_ONLY,N,FAIL,FAIL,FAIL,-60.9058,Y,9.9882,N,145.8010,173.6728,N,3212333.33,3357932.54,N,-60.9058,N,N,-10.8207,N,3212333.33,3008812.70,Y,INSUFFICIENT_GATE2_DATA,INSUFFICIENT_DATA,yfinance,2026-05-27,2026-05-27,,v0_1_legacy_columns_preserved; non_turnaround_role_unchanged
DOC,Healthpeak Properties Inc.,US,Real Estate,Health Care REITs,13.0,N,EXTENDED,KEEP_EXTENDED,MARKET_CAP_BELOW_THRESHOLD; METADATA_ONLY_AUDIT; below core threshold but retained for extended monitoring,EXTENDED,KEEP_EXTENDED,NON_TURNAROUND_ROLE_UNCHANGED; Gate 3 metrics recorded for v0.4 evidence only; legacy_reason=MARKET_CAP_BELOW_THRESHOLD; METADATA_ONLY_AUDIT; below core threshold but retained for extended monitoring,OBSERVATION_ONLY,N,FAIL,FAIL,FAIL,-0.7988,N,25.9189,Y,17.5888,17.5645,Y,9003280.95,8626961.11,Y,-0.7988,N,Y,22.6543,Y,9003280.95,8228739.68,Y,INSUFFICIENT_GATE2_DATA,INSUFFICIENT_DATA,yfinance,2026-05-27,2026-05-27,,v0_1_legacy_columns_preserved; non_turnaround_role_unchanged
CSGP,CoStar Group Inc.,US,Industrials,Professional Services,13.0,N,EXTENDED,KEEP_EXTENDED,MARKET_CAP_BELOW_THRESHOLD; METADATA_ONLY_AUDIT; below core threshold but retained for extended monitoring,EXTENDED,KEEP_EXTENDED,NON_TURNAROUND_ROLE_UNCHANGED; Gate 3 metrics recorded for v0.4 evidence only; legacy_reason=MARKET_CAP_BELOW_THRESHOLD; METADATA_ONLY_AUDIT; below core threshold but retained for extended monitoring,OBSERVATION_ONLY,N,FAIL,FAIL,FAIL,-66.6219,Y,1.4757,N,37.2654,61.3750,N,8716147.62,6480369.84,Y,-66.6219,N,N,-10.8168,N,8716147.62,6917858.73,Y,INSUFFICIENT_GATE2_DATA,INSUFFICIENT_DATA,yfinance,2026-05-27,2026-05-27,,v0_1_legacy_columns_preserved; non_turnaround_role_unchanged
TYL,Tyler Technologies Inc.,US,Information Technology,Software,13.0,N,EXTENDED,KEEP_EXTENDED,MARKET_CAP_BELOW_THRESHOLD; METADATA_ONLY_AUDIT; below core threshold but retained for extended monitoring,EXTENDED,KEEP_EXTENDED,NON_TURNAROUND_ROLE_UNCHANGED; Gate 3 metrics recorded for v0.4 evidence only; legacy_reason=MARKET_CAP_BELOW_THRESHOLD; METADATA_ONLY_AUDIT; below core threshold but retained for extended monitoring,OBSERVATION_ONLY,N,FAIL,FAIL,FAIL,-50.5443,Y,5.4034,N,330.4488,428.9874,N,783219.05,592482.54,Y,-50.5443,N,N,-10.3768,N,783219.05,598585.71,Y,INSUFFICIENT_GATE2_DATA,INSUFFICIENT_DATA,yfinance,2026-05-27,2026-05-27,,v0_1_legacy_columns_preserved; non_turnaround_role_unchanged
DECK,Deckers Outdoor Corporation,US,Consumer Discretionary,Textiles & Apparel,13.0,N,EXTENDED,KEEP_EXTENDED,MARKET_CAP_BELOW_THRESHOLD; METADATA_ONLY_AUDIT; below core threshold but retained for extended monitoring,EXTENDED,KEEP_EXTENDED,NON_TURNAROUND_ROLE_UNCHANGED; Gate 3 metrics recorded for v0.4 evidence only; legacy_reason=MARKET_CAP_BELOW_THRESHOLD; METADATA_ONLY_AUDIT; below core threshold but retained for extended monitoring,OBSERVATION_ONLY,N,FAIL,FAIL,FAIL,-7.6991,N,37.5797,Y,102.6806,103.0581,Y,2315042.86,2543786.51,N,-7.6991,Y,N,7.1181,Y,2315042.86,2069984.13,Y,INSUFFICIENT_GATE2_DATA,INSUFFICIENT_DATA,yfinance,2026-05-27,2026-05-27,,v0_1_legacy_columns_preserved; non_turnaround_role_unchanged
J,Jacobs Solutions Inc.,US,Industrials,Construction & Engineering,13.0,N,EXTENDED,KEEP_EXTENDED,MARKET_CAP_BELOW_THRESHOLD; METADATA_ONLY_AUDIT; below core threshold but retained for extended monitoring,EXTENDED,KEEP_EXTENDED,NON_TURNAROUND_ROLE_UNCHANGED; Gate 3 metrics recorded for v0.4 evidence only; legacy_reason=MARKET_CAP_BELOW_THRESHOLD; METADATA_ONLY_AUDIT; below core threshold but retained for extended monitoring,OBSERVATION_ONLY,N,FAIL,FAIL,FAIL,-29.5184,Y,8.0451,N,124.2018,138.9138,N,1496971.43,1032166.67,Y,-29.5184,N,N,-7.8843,N,1496971.43,1071201.59,Y,INSUFFICIENT_GATE2_DATA,INSUFFICIENT_DATA,yfinance,2026-05-27,2026-05-27,,v0_1_legacy_columns_preserved; non_turnaround_role_unchanged
UDR,UDR Inc.,US,Real Estate,Residential REITs,13.0,N,EXTENDED,KEEP_EXTENDED,MARKET_CAP_BELOW_THRESHOLD; METADATA_ONLY_AUDIT; below core threshold but retained for extended monitoring,EXTENDED,KEEP_EXTENDED,NON_TURNAROUND_ROLE_UNCHANGED; Gate 3 metrics recorded for v0.4 evidence only; legacy_reason=MARKET_CAP_BELOW_THRESHOLD; METADATA_ONLY_AUDIT; below core threshold but retained for extended monitoring,OBSERVATION_ONLY,N,FAIL,FAIL,FAIL,-9.3445,N,13.2519,N,35.6980,36.4886,N,3976890.48,3736998.41,Y,-9.3445,Y,N,10.1042,Y,3976890.48,3549234.92,Y,INSUFFICIENT_GATE2_DATA,INSUFFICIENT_DATA,yfinance,2026-05-27,2026-05-27,,v0_1_legacy_columns_preserved; non_turnaround_role_unchanged
CDW,CDW Corporation,US,Information Technology,Electronic Equipment,13.0,N,EXTENDED,KEEP_EXTENDED,MARKET_CAP_BELOW_THRESHOLD; METADATA_ONLY_AUDIT; below core threshold but retained for extended monitoring,EXTENDED,KEEP_EXTENDED,NON_TURNAROUND_ROLE_UNCHANGED; Gate 3 metrics recorded for v0.4 evidence only; legacy_reason=MARKET_CAP_BELOW_THRESHOLD; METADATA_ONLY_AUDIT; below core threshold but retained for extended monitoring,OBSERVATION_ONLY,N,FAIL,FAIL,FAIL,-38.5150,Y,14.9950,N,121.4038,139.1387,N,2324176.19,1795301.59,Y,-38.5150,N,N,-14.2138,N,2324176.19,1808511.11,Y,INSUFFICIENT_GATE2_DATA,INSUFFICIENT_DATA,yfinance,2026-05-27,2026-05-27,,v0_1_legacy_columns_preserved; non_turnaround_role_unchanged
HAS,Hasbro Inc.,US,Consumer Discretionary,Leisure Products,13.0,N,EXTENDED,KEEP_EXTENDED,MARKET_CAP_BELOW_THRESHOLD; METADATA_ONLY_AUDIT; below core threshold but retained for extended monitoring,EXTENDED,KEEP_EXTENDED,NON_TURNAROUND_ROLE_UNCHANGED; Gate 3 metrics recorded for v0.4 evidence only; legacy_reason=MARKET_CAP_BELOW_THRESHOLD; METADATA_ONLY_AUDIT; below core threshold but retained for extended monitoring,OBSERVATION_ONLY,N,FAIL,FAIL,FAIL,-16.9436,N,10.8885,N,92.9858,85.8889,Y,2011042.86,1850604.76,Y,-16.9436,N,Y,-7.0757,N,2011042.86,1840850.79,Y,INSUFFICIENT_GATE2_DATA,INSUFFICIENT_DATA,yfinance,2026-05-27,2026-05-27,,v0_1_legacy_columns_preserved; non_turnaround_role_unchanged
SOLV,Solventum Corporation,US,Health Care,Health Care Equipment,13.0,N,EXTENDED,KEEP_EXTENDED,MARKET_CAP_BELOW_THRESHOLD; METADATA_ONLY_AUDIT; below core threshold but retained for extended monitoring,EXTENDED,KEEP_EXTENDED,NON_TURNAROUND_ROLE_UNCHANGED; Gate 3 metrics recorded for v0.4 evidence only; legacy_reason=MARKET_CAP_BELOW_THRESHOLD; METADATA_ONLY_AUDIT; below core threshold but retained for extended monitoring,OBSERVATION_ONLY,N,FAIL,FAIL,FAIL,-11.8992,N,21.4434,Y,69.1190,73.9385,N,1716314.29,1257150.00,Y,-11.8992,Y,N,8.7561,Y,1716314.29,1468746.03,Y,INSUFFICIENT_GATE2_DATA,INSUFFICIENT_DATA,yfinance,2026-05-27,2026-05-27,,v0_1_legacy_columns_preserved; non_turnaround_role_unchanged
MAS,Masco Corporation,US,Industrials,Building Products,13.0,N,EXTENDED,KEEP_EXTENDED,MARKET_CAP_BELOW_THRESHOLD; METADATA_ONLY_AUDIT; below core threshold but retained for extended monitoring,EXTENDED,KEEP_EXTENDED,NON_TURNAROUND_ROLE_UNCHANGED; Gate 3 metrics recorded for v0.4 evidence only; legacy_reason=MARKET_CAP_BELOW_THRESHOLD; METADATA_ONLY_AUDIT; below core threshold but retained for extended monitoring,OBSERVATION_ONLY,N,FAIL,FAIL,FAIL,-10.2801,N,19.1468,Y,65.9252,67.6999,N,2752476.19,2744836.51,Y,-10.2801,Y,N,-5.9537,N,2752476.19,2877725.40,N,INSUFFICIENT_GATE2_DATA,INSUFFICIENT_DATA,yfinance,2026-05-27,2026-05-27,,v0_1_legacy_columns_preserved; non_turnaround_role_unchanged
HII,Huntington Ingalls Industries Inc.,US,Industrials,Aerospace & Defense,12.0,N,EXTENDED,KEEP_EXTENDED,MARKET_CAP_BELOW_THRESHOLD; METADATA_ONLY_AUDIT; below core threshold but retained for extended monitoring,EXTENDED,KEEP_EXTENDED,NON_TURNAROUND_ROLE_UNCHANGED; Gate 3 metrics recorded for v0.4 evidence only; legacy_reason=MARKET_CAP_BELOW_THRESHOLD; METADATA_ONLY_AUDIT; below core threshold but retained for extended monitoring,OBSERVATION_ONLY,N,FAIL,FAIL,FAIL,-30.0112,Y,4.2616,N,367.9914,343.9765,Y,574185.71,525578.57,Y,-30.0112,N,Y,-11.3951,N,574185.71,501717.46,Y,INSUFFICIENT_GATE2_DATA,INSUFFICIENT_DATA,yfinance,2026-05-27,2026-05-27,,v0_1_legacy_columns_preserved; non_turnaround_role_unchanged
TRMB,Trimble Inc.,US,Information Technology,Electronic Equipment,12.0,N,EXTENDED,KEEP_EXTENDED,MARKET_CAP_BELOW_THRESHOLD; METADATA_ONLY_AUDIT; below core threshold but retained for extended monitoring,EXTENDED,KEEP_EXTENDED,NON_TURNAROUND_ROLE_UNCHANGED; Gate 3 metrics recorded for v0.4 evidence only; legacy_reason=MARKET_CAP_BELOW_THRESHOLD; METADATA_ONLY_AUDIT; below core threshold but retained for extended monitoring,OBSERVATION_ONLY,N,FAIL,FAIL,FAIL,-35.6171,Y,0.5865,N,63.6600,73.6605,N,2509052.38,1910746.83,Y,-35.6171,N,N,-18.2969,N,2509052.38,2005553.97,Y,INSUFFICIENT_GATE2_DATA,INSUFFICIENT_DATA,yfinance,2026-05-27,2026-05-27,,v0_1_legacy_columns_preserved; non_turnaround_role_unchanged
GPC,Genuine Parts Company,US,Consumer Discretionary,Distributors,12.0,N,EXTENDED,KEEP_EXTENDED,MARKET_CAP_BELOW_THRESHOLD; METADATA_ONLY_AUDIT; below core threshold but retained for extended monitoring,EXTENDED,KEEP_EXTENDED,NON_TURNAROUND_ROLE_UNCHANGED; Gate 3 metrics recorded for v0.4 evidence only; legacy_reason=MARKET_CAP_BELOW_THRESHOLD; METADATA_ONLY_AUDIT; below core threshold but retained for extended monitoring,OBSERVATION_ONLY,N,FAIL,FAIL,FAIL,-34.0748,Y,6.4129,N,103.9212,124.4204,N,1472952.38,1563430.16,N,-34.0748,N,N,-7.6577,N,1472952.38,1862439.68,N,INSUFFICIENT_GATE2_DATA,INSUFFICIENT_DATA,yfinance,2026-05-27,2026-05-27,,v0_1_legacy_columns_preserved; non_turnaround_role_unchanged
DVA,DaVita Inc.,US,Health Care,Health Care Providers,12.0,N,EXTENDED,KEEP_EXTENDED,MARKET_CAP_BELOW_THRESHOLD; METADATA_ONLY_AUDIT; below core threshold but retained for extended monitoring,EXTENDED,KEEP_EXTENDED,NON_TURNAROUND_ROLE_UNCHANGED; Gate 3 metrics recorded for v0.4 evidence only; legacy_reason=MARKET_CAP_BELOW_THRESHOLD; METADATA_ONLY_AUDIT; below core threshold but retained for extended monitoring,OBSERVATION_ONLY,N,FAIL,FAIL,FAIL,-2.8024,N,87.6576,Y,164.9632,137.2732,Y,1060938.10,979837.30,Y,-2.8024,N,Y,29.9034,Y,1060938.10,878368.25,Y,INSUFFICIENT_GATE2_DATA,INSUFFICIENT_DATA,yfinance,2026-05-27,2026-05-27,,v0_1_legacy_columns_preserved; non_turnaround_role_unchanged
AIZ,Assurant Inc.,US,Financials,Insurance,12.0,N,EXTENDED,KEEP_EXTENDED,MARKET_CAP_BELOW_THRESHOLD; METADATA_ONLY_AUDIT; below core threshold but retained for extended monitoring,EXTENDED,KEEP_EXTENDED,NON_TURNAROUND_ROLE_UNCHANGED; Gate 3 metrics recorded for v0.4 evidence only; legacy_reason=MARKET_CAP_BELOW_THRESHOLD; METADATA_ONLY_AUDIT; below core threshold but retained for extended monitoring,OBSERVATION_ONLY,N,FAIL,FAIL,FAIL,-2.3667,N,18.9748,Y,230.9190,225.1971,Y,469066.67,384183.33,Y,-2.3667,N,Y,8.3104,Y,469066.67,384850.79,Y,INSUFFICIENT_GATE2_DATA,INSUFFICIENT_DATA,yfinance,2026-05-27,2026-05-27,,v0_1_legacy_columns_preserved; non_turnaround_role_unchanged
MKC,McCormick & Company Incorporated,US,Consumer Staples,Food Products,12.0,N,EXTENDED,KEEP_EXTENDED,MARKET_CAP_BELOW_THRESHOLD; METADATA_ONLY_AUDIT; below core threshold but retained for extended monitoring,EXTENDED,KEEP_EXTENDED,NON_TURNAROUND_ROLE_UNCHANGED; Gate 3 metrics recorded for v0.4 evidence only; legacy_reason=MARKET_CAP_BELOW_THRESHOLD; METADATA_ONLY_AUDIT; below core threshold but retained for extended monitoring,OBSERVATION_ONLY,N,FAIL,FAIL,FAIL,-38.7005,Y,4.2763,N,50.5242,62.7218,N,3542357.14,3822804.76,N,-38.7005,N,N,-5.6548,N,3542357.14,4133244.44,N,INSUFFICIENT_GATE2_DATA,INSUFFICIENT_DATA,yfinance,2026-05-27,2026-05-27,,v0_1_legacy_columns_preserved; non_turnaround_role_unchanged
ZBRA,Zebra Technologies Corporation,US,Information Technology,Electronic Equipment,12.0,N,EXTENDED,KEEP_EXTENDED,MARKET_CAP_BELOW_THRESHOLD; METADATA_ONLY_AUDIT; below core threshold but retained for extended monitoring,EXTENDED,KEEP_EXTENDED,NON_TURNAROUND_ROLE_UNCHANGED; Gate 3 metrics recorded for v0.4 evidence only; legacy_reason=MARKET_CAP_BELOW_THRESHOLD; METADATA_ONLY_AUDIT; below core threshold but retained for extended monitoring,OBSERVATION_ONLY,N,FAIL,FAIL,FAIL,-26.0282,Y,26.6984,Y,225.9064,258.9707,N,1058909.52,775789.68,Y,-26.0282,N,N,14.2579,Y,1058909.52,857190.48,Y,INSUFFICIENT_GATE2_DATA,INSUFFICIENT_DATA,yfinance,2026-05-27,2026-05-27,,v0_1_legacy_columns_preserved; non_turnaround_role_unchanged
GL,Globe Life Inc.,US,Financials,Insurance,12.0,N,EXTENDED,KEEP_EXTENDED,MARKET_CAP_BELOW_THRESHOLD; METADATA_ONLY_AUDIT; below core threshold but retained for extended monitoring,EXTENDED,KEEP_EXTENDED,NON_TURNAROUND_ROLE_UNCHANGED; Gate 3 metrics recorded for v0.4 evidence only; legacy_reason=MARKET_CAP_BELOW_THRESHOLD; METADATA_ONLY_AUDIT; below core threshold but retained for extended monitoring,OBSERVATION_ONLY,N,FAIL,FAIL,FAIL,-1.8812,N,18.0171,Y,148.3638,141.3007,Y,582004.76,515870.63,Y,-1.8812,N,Y,1.5256,N,582004.76,523536.51,Y,INSUFFICIENT_GATE2_DATA,INSUFFICIENT_DATA,yfinance,2026-05-27,2026-05-27,,v0_1_legacy_columns_preserved; non_turnaround_role_unchanged
BBY,Best Buy Co. Inc.,US,Consumer Discretionary,Specialty Retail,12.0,N,EXTENDED,KEEP_EXTENDED,MARKET_CAP_BELOW_THRESHOLD; METADATA_ONLY_AUDIT; below core threshold but retained for extended monitoring,EXTENDED,KEEP_EXTENDED,NON_TURNAROUND_ROLE_UNCHANGED; Gate 3 metrics recorded for v0.4 evidence only; legacy_reason=MARKET_CAP_BELOW_THRESHOLD; METADATA_ONLY_AUDIT; below core threshold but retained for extended monitoring,OBSERVATION_ONLY,N,FAIL,FAIL,FAIL,-23.1667,Y,16.2464,Y,61.5640,69.7087,N,3742804.76,4486265.87,N,-23.1667,N,N,8.8915,Y,3742804.76,4359257.14,N,INSUFFICIENT_GATE2_DATA,INSUFFICIENT_DATA,yfinance,2026-05-27,2026-05-27,,v0_1_legacy_columns_preserved; non_turnaround_role_unchanged
IVZ,Invesco Ltd.,US,Financials,Capital Markets,12.0,N,EXTENDED,KEEP_EXTENDED,MARKET_CAP_BELOW_THRESHOLD; METADATA_ONLY_AUDIT; below core threshold but retained for extended monitoring,EXTENDED,KEEP_EXTENDED,NON_TURNAROUND_ROLE_UNCHANGED; Gate 3 metrics recorded for v0.4 evidence only; legacy_reason=MARKET_CAP_BELOW_THRESHOLD; METADATA_ONLY_AUDIT; below core threshold but retained for extended monitoring,OBSERVATION_ONLY,N,FAIL,FAIL,FAIL,-6.2160,N,21.2560,Y,25.3648,24.7751,Y,4804928.57,5565055.56,N,-6.2160,Y,Y,8.3595,Y,4804928.57,5408487.30,N,INSUFFICIENT_GATE2_DATA,INSUFFICIENT_DATA,yfinance,2026-05-27,2026-05-27,,v0_1_legacy_columns_preserved; non_turnaround_role_unchanged
GDDY,GoDaddy Inc.,US,Information Technology,Software,12.0,N,EXTENDED,KEEP_EXTENDED,MARKET_CAP_BELOW_THRESHOLD; METADATA_ONLY_AUDIT; below core threshold but retained for extended monitoring,EXTENDED,KEEP_EXTENDED,NON_TURNAROUND_ROLE_UNCHANGED; Gate 3 metrics recorded for v0.4 evidence only; legacy_reason=MARKET_CAP_BELOW_THRESHOLD; METADATA_ONLY_AUDIT; below core threshold but retained for extended monitoring,OBSERVATION_ONLY,N,FAIL,FAIL,FAIL,-52.2438,Y,10.4272,N,85.2856,113.1668,N,2147438.10,1984023.81,Y,-52.2438,N,N,3.5680,Y,2147438.10,2183933.33,N,INSUFFICIENT_GATE2_DATA,INSUFFICIENT_DATA,yfinance,2026-05-27,2026-05-27,,v0_1_legacy_columns_preserved; non_turnaround_role_unchanged
PNW,Pinnacle West Capital Corporation,US,Utilities,Electric Utilities,12.0,N,EXTENDED,KEEP_EXTENDED,MARKET_CAP_BELOW_THRESHOLD; METADATA_ONLY_AUDIT; below core threshold but retained for extended monitoring,EXTENDED,KEEP_EXTENDED,NON_TURNAROUND_ROLE_UNCHANGED; Gate 3 metrics recorded for v0.4 evidence only; legacy_reason=MARKET_CAP_BELOW_THRESHOLD; METADATA_ONLY_AUDIT; below core threshold but retained for extended monitoring,OBSERVATION_ONLY,N,FAIL,FAIL,FAIL,-1.5797,N,18.7753,Y,101.3492,93.9773,Y,1265519.05,1225536.51,Y,-1.5797,N,Y,0.3906,N,1265519.05,1224120.63,Y,INSUFFICIENT_GATE2_DATA,INSUFFICIENT_DATA,yfinance,2026-05-27,2026-05-27,,v0_1_legacy_columns_preserved; non_turnaround_role_unchanged
BF.B,Brown-Forman Corporation,US,Consumer Staples,Beverages,12.0,N,EXTENDED,KEEP_EXTENDED,MARKET_CAP_BELOW_THRESHOLD; METADATA_ONLY_AUDIT; below core threshold but retained for extended monitoring,EXTENDED,KEEP_EXTENDED,NON_TURNAROUND_ROLE_UNCHANGED; Gate 3 metrics recorded for v0.4 evidence only; legacy_reason=MARKET_CAP_BELOW_THRESHOLD; METADATA_ONLY_AUDIT; below core threshold but retained for extended monitoring,OBSERVATION_ONLY,N,FAIL,FAIL,FAIL,-24.9421,Y,13.7719,N,26.5692,27.6721,N,4003000.00,5369331.75,N,-24.9421,N,N,-5.9804,N,4003000.00,5792476.19,N,INSUFFICIENT_GATE2_DATA,INSUFFICIENT_DATA,yfinance,2026-05-27,2026-05-27,,v0_1_legacy_columns_preserved; non_turnaround_role_unchanged
AVY,Avery Dennison Corporation,US,Materials,Containers & Packaging,12.0,N,EXTENDED,KEEP_EXTENDED,MARKET_CAP_BELOW_THRESHOLD; METADATA_ONLY_AUDIT; below core threshold but retained for extended monitoring,EXTENDED,KEEP_EXTENDED,NON_TURNAROUND_ROLE_UNCHANGED; Gate 3 metrics recorded for v0.4 evidence only; legacy_reason=MARKET_CAP_BELOW_THRESHOLD; METADATA_ONLY_AUDIT; below core threshold but retained for extended monitoring,OBSERVATION_ONLY,N,FAIL,FAIL,FAIL,-18.7035,N,4.0581,N,165.5118,173.9419,N,697804.76,665246.03,Y,-18.7035,N,N,-2.7034,N,697804.76,654373.02,Y,INSUFFICIENT_GATE2_DATA,INSUFFICIENT_DATA,yfinance,2026-05-27,2026-05-27,,v0_1_legacy_columns_preserved; non_turnaround_role_unchanged
COO,The Cooper Companies Inc.,US,Health Care,Health Care Equipment,11.0,N,EXTENDED,KEEP_EXTENDED,MARKET_CAP_BELOW_THRESHOLD; METADATA_ONLY_AUDIT; below core threshold but retained for extended monitoring,EXTENDED,KEEP_EXTENDED,NON_TURNAROUND_ROLE_UNCHANGED; Gate 3 metrics recorded for v0.4 evidence only; legacy_reason=MARKET_CAP_BELOW_THRESHOLD; METADATA_ONLY_AUDIT; below core threshold but retained for extended monitoring,OBSERVATION_ONLY,N,FAIL,FAIL,FAIL,-27.8937,Y,3.0858,N,66.2004,73.2458,N,2343571.43,2343862.70,N,-27.8937,N,N,-5.5020,N,2343571.43,2176061.90,Y,INSUFFICIENT_GATE2_DATA,INSUFFICIENT_DATA,yfinance,2026-05-27,2026-05-27,,v0_1_legacy_columns_preserved; non_turnaround_role_unchanged
PNR,Pentair plc,US,Industrials,Machinery,11.0,N,EXTENDED,KEEP_EXTENDED,MARKET_CAP_BELOW_THRESHOLD; METADATA_ONLY_AUDIT; below core threshold but retained for extended monitoring,EXTENDED,KEEP_EXTENDED,NON_TURNAROUND_ROLE_UNCHANGED; Gate 3 metrics recorded for v0.4 evidence only; legacy_reason=MARKET_CAP_BELOW_THRESHOLD; METADATA_ONLY_AUDIT; below core threshold but retained for extended monitoring,OBSERVATION_ONLY,N,FAIL,FAIL,FAIL,-35.6515,Y,0.6390,N,83.4290,99.6783,N,2240752.38,1693445.24,Y,-35.6515,N,N,-21.4804,N,2240752.38,1772825.40,Y,INSUFFICIENT_GATE2_DATA,INSUFFICIENT_DATA,yfinance,2026-05-27,2026-05-27,,v0_1_legacy_columns_preserved; non_turnaround_role_unchanged
SWK,Stanley Black & Decker Inc.,US,Consumer Discretionary,Household Durables,11.0,N,EXTENDED,KEEP_EXTENDED,MARKET_CAP_BELOW_THRESHOLD; METADATA_ONLY_AUDIT; below core threshold but retained for extended monitoring,EXTENDED,KEEP_EXTENDED,NON_TURNAROUND_ROLE_UNCHANGED; Gate 3 metrics recorded for v0.4 evidence only; legacy_reason=MARKET_CAP_BELOW_THRESHOLD; METADATA_ONLY_AUDIT; below core threshold but retained for extended monitoring,OBSERVATION_ONLY,N,FAIL,FAIL,FAIL,-13.5929,N,18.2792,Y,74.0088,75.2718,Y,1888890.48,1887342.86,Y,-13.5929,Y,N,-0.5009,N,1888890.48,1986463.49,N,INSUFFICIENT_GATE2_DATA,INSUFFICIENT_DATA,yfinance,2026-05-27,2026-05-27,,v0_1_legacy_columns_preserved; non_turnaround_role_unchanged
ERIE,Erie Indemnity Company,US,Financials,Insurance,11.0,N,EXTENDED,KEEP_EXTENDED,MARKET_CAP_BELOW_THRESHOLD; METADATA_ONLY_AUDIT; below core threshold but retained for extended monitoring,EXTENDED,KEEP_EXTENDED,NON_TURNAROUND_ROLE_UNCHANGED; Gate 3 metrics recorded for v0.4 evidence only; legacy_reason=MARKET_CAP_BELOW_THRESHOLD; METADATA_ONLY_AUDIT; below core threshold but retained for extended monitoring,OBSERVATION_ONLY,N,FAIL,FAIL,FAIL,-40.6199,Y,4.7757,N,235.0046,283.9322,N,209880.95,208296.83,Y,-40.6199,N,N,-4.5455,N,209880.95,231412.70,N,INSUFFICIENT_GATE2_DATA,INSUFFICIENT_DATA,yfinance,2026-05-27,2026-05-27,,v0_1_legacy_columns_preserved; non_turnaround_role_unchanged
ALGN,Align Technology Inc.,US,Health Care,Health Care Equipment,11.0,N,EXTENDED,KEEP_EXTENDED,MARKET_CAP_BELOW_THRESHOLD; METADATA_ONLY_AUDIT; below core threshold but retained for extended monitoring,EXTENDED,KEEP_EXTENDED,NON_TURNAROUND_ROLE_UNCHANGED; Gate 3 metrics recorded for v0.4 evidence only; legacy_reason=MARKET_CAP_BELOW_THRESHOLD; METADATA_ONLY_AUDIT; below core threshold but retained for extended monitoring,OBSERVATION_ONLY,N,FAIL,FAIL,FAIL,-21.3862,Y,13.4025,N,174.0780,157.7263,Y,1045838.10,1224971.43,N,-21.3862,N,Y,-11.8137,N,1045838.10,1146617.46,N,INSUFFICIENT_GATE2_DATA,INSUFFICIENT_DATA,yfinance,2026-05-27,2026-05-27,,v0_1_legacy_columns_preserved; non_turnaround_role_unchanged
CLX,The Clorox Company,US,Consumer Staples,Household Products,11.0,N,EXTENDED,KEEP_EXTENDED,MARKET_CAP_BELOW_THRESHOLD; METADATA_ONLY_AUDIT; below core threshold but retained for extended monitoring,EXTENDED,KEEP_EXTENDED,NON_TURNAROUND_ROLE_UNCHANGED; Gate 3 metrics recorded for v0.4 evidence only; legacy_reason=MARKET_CAP_BELOW_THRESHOLD; METADATA_ONLY_AUDIT; below core threshold but retained for extended monitoring,OBSERVATION_ONLY,N,FAIL,FAIL,FAIL,-26.3649,Y,12.7613,N,98.6800,110.2013,N,3651880.95,2490274.60,Y,-26.3649,N,N,0.4655,N,3651880.95,2700634.92,Y,INSUFFICIENT_GATE2_DATA,INSUFFICIENT_DATA,yfinance,2026-05-27,2026-05-27,,v0_1_legacy_columns_preserved; non_turnaround_role_unchanged
APTV,Aptiv PLC,US,Consumer Discretionary,Automobile Components,11.0,N,EXTENDED,KEEP_EXTENDED,MARKET_CAP_BELOW_THRESHOLD; METADATA_ONLY_AUDIT; below core threshold but retained for extended monitoring,EXTENDED,KEEP_EXTENDED,NON_TURNAROUND_ROLE_UNCHANGED; Gate 3 metrics recorded for v0.4 evidence only; legacy_reason=MARKET_CAP_BELOW_THRESHOLD; METADATA_ONLY_AUDIT; below core threshold but retained for extended monitoring,OBSERVATION_ONLY,N,FAIL,FAIL,FAIL,-30.1906,Y,17.7478,Y,60.8088,75.0134,N,3741547.62,2586684.92,Y,-30.1906,N,N,3.0464,Y,3741547.62,3007763.49,Y,INSUFFICIENT_GATE2_DATA,INSUFFICIENT_DATA,yfinance,2026-05-27,2026-05-27,,v0_1_legacy_columns_preserved; non_turnaround_role_unchanged
HRL,Hormel Foods Corporation,US,Consumer Staples,Food Products,11.0,N,EXTENDED,KEEP_EXTENDED,MARKET_CAP_BELOW_THRESHOLD; METADATA_ONLY_AUDIT; below core threshold but retained for extended monitoring,EXTENDED,KEEP_EXTENDED,NON_TURNAROUND_ROLE_UNCHANGED; Gate 3 metrics recorded for v0.4 evidence only; legacy_reason=MARKET_CAP_BELOW_THRESHOLD; METADATA_ONLY_AUDIT; below core threshold but retained for extended monitoring,OBSERVATION_ONLY,N,FAIL,FAIL,FAIL,-33.5447,Y,6.1803,N,21.3570,23.5897,N,4955100.00,4891477.78,Y,-33.5447,N,N,-2.3754,N,4955100.00,4770828.57,Y,INSUFFICIENT_GATE2_DATA,INSUFFICIENT_DATA,yfinance,2026-05-27,2026-05-27,,v0_1_legacy_columns_preserved; non_turnaround_role_unchanged
SJM,The J. M. Smucker Company,US,Consumer Staples,Food Products,11.0,N,EXTENDED,KEEP_EXTENDED,MARKET_CAP_BELOW_THRESHOLD; METADATA_ONLY_AUDIT; below core threshold but retained for extended monitoring,EXTENDED,KEEP_EXTENDED,NON_TURNAROUND_ROLE_UNCHANGED; Gate 3 metrics recorded for v0.4 evidence only; legacy_reason=MARKET_CAP_BELOW_THRESHOLD; METADATA_ONLY_AUDIT; below core threshold but retained for extended monitoring,OBSERVATION_ONLY,N,FAIL,FAIL,FAIL,-11.2241,N,15.0229,Y,97.4180,103.7380,N,1945390.48,1927737.30,Y,-11.2241,Y,N,8.0248,Y,1945390.48,2175174.60,N,INSUFFICIENT_GATE2_DATA,INSUFFICIENT_DATA,yfinance,2026-05-27,2026-05-27,,v0_1_legacy_columns_preserved; non_turnaround_role_unchanged
ALLE,Allegion plc,US,Industrials,Building Products,11.0,N,EXTENDED,KEEP_EXTENDED,MARKET_CAP_BELOW_THRESHOLD; METADATA_ONLY_AUDIT; below core threshold but retained for extended monitoring,EXTENDED,KEEP_EXTENDED,NON_TURNAROUND_ROLE_UNCHANGED; Gate 3 metrics recorded for v0.4 evidence only; legacy_reason=MARKET_CAP_BELOW_THRESHOLD; METADATA_ONLY_AUDIT; below core threshold but retained for extended monitoring,OBSERVATION_ONLY,N,FAIL,FAIL,FAIL,-27.0067,Y,4.4329,N,139.3630,159.8496,N,1137819.05,928967.46,Y,-27.0067,N,N,-11.5768,N,1137819.05,971193.65,Y,INSUFFICIENT_GATE2_DATA,INSUFFICIENT_DATA,yfinance,2026-05-27,2026-05-27,,v0_1_legacy_columns_preserved; non_turnaround_role_unchanged
PSKY,Paramount Skydance Corporation,US,Communication Services,Entertainment,11.0,N,EXTENDED,KEEP_EXTENDED,MARKET_CAP_BELOW_THRESHOLD; METADATA_ONLY_AUDIT; below core threshold but retained for extended monitoring,EXTENDED,KEEP_EXTENDED,NON_TURNAROUND_ROLE_UNCHANGED; Gate 3 metrics recorded for v0.4 evidence only; legacy_reason=MARKET_CAP_BELOW_THRESHOLD; METADATA_ONLY_AUDIT; below core threshold but retained for extended monitoring,OBSERVATION_ONLY,N,FAIL,FAIL,FAIL,-46.1733,Y,20.8191,Y,10.3338,13.3116,N,10106895.24,11165472.22,N,-46.1733,N,N,0.2833,N,10106895.24,13377357.14,N,INSUFFICIENT_GATE2_DATA,INSUFFICIENT_DATA,yfinance,2026-05-27,2026-05-27,,v0_1_legacy_columns_preserved; non_turnaround_role_unchanged
CPT,Camden Property Trust,US,Real Estate,Residential REITs,10.0,N,EXTENDED,KEEP_EXTENDED,MARKET_CAP_BELOW_THRESHOLD; METADATA_ONLY_AUDIT; below core threshold but retained for extended monitoring,EXTENDED,KEEP_EXTENDED,NON_TURNAROUND_ROLE_UNCHANGED; Gate 3 metrics recorded for v0.4 evidence only; legacy_reason=MARKET_CAP_BELOW_THRESHOLD; METADATA_ONLY_AUDIT; below core threshold but retained for extended monitoring,OBSERVATION_ONLY,N,FAIL,FAIL,FAIL,-8.7771,N,11.4790,N,102.4158,105.2979,N,1214933.33,1268776.19,N,-8.7771,Y,N,6.3878,Y,1214933.33,1142958.73,Y,INSUFFICIENT_GATE2_DATA,INSUFFICIENT_DATA,yfinance,2026-05-27,2026-05-27,,v0_1_legacy_columns_preserved; non_turnaround_role_unchanged
BXP,BXP Inc.,US,Real Estate,Office REITs,10.0,N,EXTENDED,KEEP_EXTENDED,MARKET_CAP_BELOW_THRESHOLD; METADATA_ONLY_AUDIT; below core threshold but retained for extended monitoring,EXTENDED,KEEP_EXTENDED,NON_TURNAROUND_ROLE_UNCHANGED; Gate 3 metrics recorded for v0.4 evidence only; legacy_reason=MARKET_CAP_BELOW_THRESHOLD; METADATA_ONLY_AUDIT; below core threshold but retained for extended monitoring,OBSERVATION_ONLY,N,FAIL,FAIL,FAIL,-23.0711,Y,19.0122,Y,56.3022,65.2728,N,1562823.81,2082315.08,N,-23.0711,N,N,4.6355,Y,1562823.81,2266184.13,N,INSUFFICIENT_GATE2_DATA,INSUFFICIENT_DATA,yfinance,2026-05-27,2026-05-27,,v0_1_legacy_columns_preserved; non_turnaround_role_unchanged
RVTY,Revvity Inc.,US,Health Care,Life Sciences Tools,10.0,N,EXTENDED,KEEP_EXTENDED,MARKET_CAP_BELOW_THRESHOLD; METADATA_ONLY_AUDIT; below core threshold but retained for extended monitoring,EXTENDED,KEEP_EXTENDED,NON_TURNAROUND_ROLE_UNCHANGED; Gate 3 metrics recorded for v0.4 evidence only; legacy_reason=MARKET_CAP_BELOW_THRESHOLD; METADATA_ONLY_AUDIT; below core threshold but retained for extended monitoring,OBSERVATION_ONLY,N,FAIL,FAIL,FAIL,-17.8004,N,17.6635,Y,91.0506,94.6579,N,1483090.48,1365659.52,Y,-17.8004,N,N,11.5092,Y,1483090.48,1203793.65,Y,INSUFFICIENT_GATE2_DATA,INSUFFICIENT_DATA,yfinance,2026-05-27,2026-05-27,,v0_1_legacy_columns_preserved; non_turnaround_role_unchanged
SWKS,Skyworks Solutions Inc.,US,Information Technology,Semiconductors,10.0,N,EXTENDED,KEEP_EXTENDED,MARKET_CAP_BELOW_THRESHOLD; METADATA_ONLY_AUDIT; below core threshold but retained for extended monitoring,EXTENDED,KEEP_EXTENDED,NON_TURNAROUND_ROLE_UNCHANGED; Gate 3 metrics recorded for v0.4 evidence only; legacy_reason=MARKET_CAP_BELOW_THRESHOLD; METADATA_ONLY_AUDIT; below core threshold but retained for extended monitoring,OBSERVATION_ONLY,N,FAIL,FAIL,FAIL,-5.6821,N,49.8667,Y,62.3946,66.3576,N,5526652.38,3677957.94,Y,-5.6821,Y,N,26.6581,Y,5526652.38,3908815.87,Y,INSUFFICIENT_GATE2_DATA,INSUFFICIENT_DATA,yfinance,2026-05-27,2026-05-27,,v0_1_legacy_columns_preserved; non_turnaround_role_unchanged
PODD,Insulet Corporation,US,Health Care,Health Care Equipment,10.0,N,EXTENDED,KEEP_EXTENDED,MARKET_CAP_BELOW_THRESHOLD; METADATA_ONLY_AUDIT; below core threshold but retained for extended monitoring,EXTENDED,KEEP_EXTENDED,NON_TURNAROUND_ROLE_UNCHANGED; Gate 3 metrics recorded for v0.4 evidence only; legacy_reason=MARKET_CAP_BELOW_THRESHOLD; METADATA_ONLY_AUDIT; below core threshold but retained for extended monitoring,OBSERVATION_ONLY,N,FAIL,FAIL,FAIL,-58.6163,Y,0.0000,N,186.7584,270.6842,N,1842580.95,1056861.11,Y,-58.6163,N,N,-22.4630,N,1842580.95,1224628.57,Y,INSUFFICIENT_GATE2_DATA,INSUFFICIENT_DATA,yfinance,2026-05-27,2026-05-27,,v0_1_legacy_columns_preserved; non_turnaround_role_unchanged
TTD,The Trade Desk Inc.,US,Information Technology,Software,10.0,N,EXTENDED,KEEP_EXTENDED,MARKET_CAP_BELOW_THRESHOLD; METADATA_ONLY_AUDIT; below core threshold but retained for extended monitoring,EXTENDED,KEEP_EXTENDED,NON_TURNAROUND_ROLE_UNCHANGED; Gate 3 metrics recorded for v0.4 evidence only; legacy_reason=MARKET_CAP_BELOW_THRESHOLD; METADATA_ONLY_AUDIT; below core threshold but retained for extended monitoring,OBSERVATION_ONLY,N,FAIL,FAIL,FAIL,-75.1671,Y,10.9507,N,22.4502,36.3715,N,19345785.71,17276392.06,Y,-75.1671,N,N,-3.6733,N,19345785.71,20733350.79,N,INSUFFICIENT_GATE2_DATA,INSUFFICIENT_DATA,yfinance,2026-05-27,2026-05-27,,v0_1_legacy_columns_preserved; non_turnaround_role_unchanged
IT,Gartner Inc.,US,Information Technology,IT Services,10.0,N,EXTENDED,KEEP_EXTENDED,MARKET_CAP_BELOW_THRESHOLD; METADATA_ONLY_AUDIT; below core threshold but retained for extended monitoring,EXTENDED,KEEP_EXTENDED,NON_TURNAROUND_ROLE_UNCHANGED; Gate 3 metrics recorded for v0.4 evidence only; legacy_reason=MARKET_CAP_BELOW_THRESHOLD; METADATA_ONLY_AUDIT; below core threshold but retained for extended monitoring,OBSERVATION_ONLY,N,FAIL,FAIL,FAIL,-64.0404,Y,13.7362,N,153.5992,207.4534,N,1640614.29,1438744.44,Y,-64.0404,N,N,7.5212,Y,1640614.29,1527065.08,Y,INSUFFICIENT_GATE2_DATA,INSUFFICIENT_DATA,yfinance,2026-05-27,2026-05-27,,v0_1_legacy_columns_preserved; non_turnaround_role_unchanged
AES,The AES Corporation,US,Utilities,Independent Power Producers,10.0,N,EXTENDED,KEEP_EXTENDED,MARKET_CAP_BELOW_THRESHOLD; METADATA_ONLY_AUDIT; below core threshold but retained for extended monitoring,EXTENDED,KEEP_EXTENDED,NON_TURNAROUND_ROLE_UNCHANGED; Gate 3 metrics recorded for v0.4 evidence only; legacy_reason=MARKET_CAP_BELOW_THRESHOLD; METADATA_ONLY_AUDIT; below core threshold but retained for extended monitoring,OBSERVATION_ONLY,N,FAIL,FAIL,FAIL,-15.0463,N,8.9021,N,14.3700,14.2247,Y,12317452.38,11064234.92,Y,-15.0463,N,Y,1.3113,N,12317452.38,13917069.84,N,INSUFFICIENT_GATE2_DATA,INSUFFICIENT_DATA,yfinance,2026-05-27,2026-05-27,,v0_1_legacy_columns_preserved; non_turnaround_role_unchanged
UHS,Universal Health Services Inc.,US,Health Care,Health Care Providers,10.0,N,EXTENDED,KEEP_EXTENDED,MARKET_CAP_BELOW_THRESHOLD; METADATA_ONLY_AUDIT; below core threshold but retained for extended monitoring,EXTENDED,KEEP_EXTENDED,NON_TURNAROUND_ROLE_UNCHANGED; Gate 3 metrics recorded for v0.4 evidence only; legacy_reason=MARKET_CAP_BELOW_THRESHOLD; METADATA_ONLY_AUDIT; below core threshold but retained for extended monitoring,OBSERVATION_ONLY,N,FAIL,FAIL,FAIL,-36.8130,Y,0.0000,N,175.7026,200.6795,N,1050400.00,784995.24,Y,-36.8130,N,N,-14.0494,N,1050400.00,857388.89,Y,INSUFFICIENT_GATE2_DATA,INSUFFICIENT_DATA,yfinance,2026-05-27,2026-05-27,,v0_1_legacy_columns_preserved; non_turnaround_role_unchanged
DPZ,Domino's Pizza Inc.,US,Consumer Discretionary,Hotels Restaurants,10.0,N,EXTENDED,KEEP_EXTENDED,MARKET_CAP_BELOW_THRESHOLD; METADATA_ONLY_AUDIT; below core threshold but retained for extended monitoring,EXTENDED,KEEP_EXTENDED,NON_TURNAROUND_ROLE_UNCHANGED; Gate 3 metrics recorded for v0.4 evidence only; legacy_reason=MARKET_CAP_BELOW_THRESHOLD; METADATA_ONLY_AUDIT; below core threshold but retained for extended monitoring,OBSERVATION_ONLY,N,FAIL,FAIL,FAIL,-35.7980,Y,3.1195,N,347.5276,400.9138,N,921952.38,859070.63,Y,-35.7980,N,N,-7.0325,N,921952.38,981528.57,N,INSUFFICIENT_GATE2_DATA,INSUFFICIENT_DATA,yfinance,2026-05-27,2026-05-27,,v0_1_legacy_columns_preserved; non_turnaround_role_unchanged
FRT,Federal Realty Investment Trust,US,Real Estate,Retail REITs,10.0,N,EXTENDED,KEEP_EXTENDED,MARKET_CAP_BELOW_THRESHOLD; METADATA_ONLY_AUDIT; below core threshold but retained for extended monitoring,EXTENDED,KEEP_EXTENDED,NON_TURNAROUND_ROLE_UNCHANGED; Gate 3 metrics recorded for v0.4 evidence only; legacy_reason=MARKET_CAP_BELOW_THRESHOLD; METADATA_ONLY_AUDIT; below core threshold but retained for extended monitoring,OBSERVATION_ONLY,N,FAIL,FAIL,FAIL,0.0000,N,26.7379,Y,110.8710,103.1357,Y,935161.90,809284.92,Y,0.0000,N,Y,8.8963,Y,935161.90,859563.49,Y,INSUFFICIENT_GATE2_DATA,INSUFFICIENT_DATA,yfinance,2026-05-27,2026-05-27,,v0_1_legacy_columns_preserved; non_turnaround_role_unchanged
JKHY,Jack Henry & Associates Inc.,US,Financials,Financial Services,10.0,N,EXTENDED,KEEP_EXTENDED,MARKET_CAP_BELOW_THRESHOLD; METADATA_ONLY_AUDIT; below core threshold but retained for extended monitoring,EXTENDED,KEEP_EXTENDED,NON_TURNAROUND_ROLE_UNCHANGED; Gate 3 metrics recorded for v0.4 evidence only; legacy_reason=MARKET_CAP_BELOW_THRESHOLD; METADATA_ONLY_AUDIT; below core threshold but retained for extended monitoring,OBSERVATION_ONLY,N,FAIL,FAIL,FAIL,-29.2523,Y,1.6638,N,151.2252,163.0997,N,1324300.00,982374.60,Y,-29.2523,N,N,-9.7676,N,1324300.00,1063058.73,Y,INSUFFICIENT_GATE2_DATA,INSUFFICIENT_DATA,yfinance,2026-05-27,2026-05-27,,v0_1_legacy_columns_preserved; non_turnaround_role_unchanged
WYNN,Wynn Resorts Limited,US,Consumer Discretionary,Hotels Restaurants,10.0,N,EXTENDED,KEEP_EXTENDED,MARKET_CAP_BELOW_THRESHOLD; METADATA_ONLY_AUDIT; below core threshold but retained for extended monitoring,EXTENDED,KEEP_EXTENDED,NON_TURNAROUND_ROLE_UNCHANGED; Gate 3 metrics recorded for v0.4 evidence only; legacy_reason=MARKET_CAP_BELOW_THRESHOLD; METADATA_ONLY_AUDIT; below core threshold but retained for extended monitoring,OBSERVATION_ONLY,N,FAIL,FAIL,FAIL,-24.0888,Y,6.7947,N,102.3698,114.7660,N,1550676.19,1580248.41,N,-24.0888,N,N,-4.0660,N,1550676.19,1667455.56,N,INSUFFICIENT_GATE2_DATA,INSUFFICIENT_DATA,yfinance,2026-05-27,2026-05-27,,v0_1_legacy_columns_preserved; non_turnaround_role_unchanged
MGM,MGM Resorts International,US,Consumer Discretionary,Hotels Restaurants,9.0,N,EXTENDED,KEEP_EXTENDED,MARKET_CAP_BELOW_THRESHOLD; METADATA_ONLY_AUDIT; sub-10B row retained outside core classification,EXTENDED,KEEP_EXTENDED,NON_TURNAROUND_ROLE_UNCHANGED; Gate 3 metrics recorded for v0.4 evidence only; legacy_reason=MARKET_CAP_BELOW_THRESHOLD; METADATA_ONLY_AUDIT; sub-10B row retained outside core classification,OBSERVATION_ONLY,N,FAIL,FAIL,FAIL,0.0000,N,29.5553,Y,37.7798,35.6942,Y,5207642.86,4657526.98,Y,0.0000,N,Y,3.4525,Y,5207642.86,4791560.32,Y,INSUFFICIENT_GATE2_DATA,INSUFFICIENT_DATA,yfinance,2026-05-27,2026-05-27,,v0_1_legacy_columns_preserved; non_turnaround_role_unchanged
BAX,Baxter International Inc.,US,Health Care,Health Care Equipment,9.0,Y,EXCLUDE_CANDIDATE,EXCLUSION_REVIEW,TURNAROUND_IN_PROGRESS; MARKET_CAP_BELOW_THRESHOLD; NO_FINANCIAL_DATA_AVAILABLE; turnaround healthcare row below 10B metadata threshold,EXCLUDE_CANDIDATE,EXCLUSION_REVIEW,legacy EXCLUDE preserved due to non-turnaround exclusion reasons; turnaround_flag used as Recovery Track input only; legacy_reason=TURNAROUND_IN_PROGRESS; MARKET_CAP_BELOW_THRESHOLD; NO_FINANCIAL_DATA_AVAILABLE; turnaround healthcare row below 10B metadata threshold,RECOVERY,Y,FAIL,FAIL,FAIL,-39.0605,Y,22.3418,Y,17.5416,20.0494,N,8284314.29,8807307.14,N,-39.0605,N,N,4.5430,Y,8284314.29,8688271.43,N,INSUFFICIENT_GATE2_DATA,INSUFFICIENT_DATA,yfinance,2026-05-27,2026-05-27,,v0_1_legacy_columns_preserved; turnaround_gate3_recovery_applied
HSIC,Henry Schein Inc.,US,Health Care,Health Care Providers,8.0,N,HIGH_RISK_REVIEW,REVIEW_BEFORE_SCORING,SECTOR_VOLATILITY; MARKET_CAP_BELOW_THRESHOLD; METADATA_ONLY_AUDIT; sub-10B metadata row needs review before scoring,HIGH_RISK_REVIEW,REVIEW_BEFORE_SCORING,NON_TURNAROUND_ROLE_UNCHANGED; Gate 3 metrics recorded for v0.4 evidence only; legacy_reason=SECTOR_VOLATILITY; MARKET_CAP_BELOW_THRESHOLD; METADATA_ONLY_AUDIT; sub-10B metadata row needs review before scoring,OBSERVATION_ONLY,N,FAIL,FAIL,FAIL,-9.2142,N,9.6826,N,74.2724,72.8511,Y,1806023.81,1350574.60,Y,-9.2142,Y,Y,-1.9819,N,1806023.81,1380752.38,Y,INSUFFICIENT_GATE2_DATA,INSUFFICIENT_DATA,yfinance,2026-05-27,2026-05-27,,v0_1_legacy_columns_preserved; non_turnaround_role_unchanged
FDS,FactSet Research Systems Inc.,US,Financials,Capital Markets,8.0,N,EXTENDED,KEEP_EXTENDED,MARKET_CAP_BELOW_THRESHOLD; METADATA_ONLY_AUDIT; sub-10B row retained outside core classification,EXTENDED,KEEP_EXTENDED,NON_TURNAROUND_ROLE_UNCHANGED; Gate 3 metrics recorded for v0.4 evidence only; legacy_reason=MARKET_CAP_BELOW_THRESHOLD; METADATA_ONLY_AUDIT; sub-10B row retained outside core classification,OBSERVATION_ONLY,N,FAIL,FAIL,FAIL,-49.3674,Y,24.0293,Y,220.3012,267.8941,N,843914.29,939928.57,N,-49.3674,N,N,4.6155,Y,843914.29,946304.76,N,INSUFFICIENT_GATE2_DATA,INSUFFICIENT_DATA,yfinance,2026-05-27,2026-05-27,,v0_1_legacy_columns_preserved; non_turnaround_role_unchanged
ARE,Alexandria Real Estate Equities Inc.,US,Real Estate,Office REITs,8.0,N,EXTENDED,KEEP_EXTENDED,MARKET_CAP_BELOW_THRESHOLD; METADATA_ONLY_AUDIT; sub-10B row retained outside core classification,EXTENDED,KEEP_EXTENDED,NON_TURNAROUND_ROLE_UNCHANGED; Gate 3 metrics recorded for v0.4 evidence only; legacy_reason=MARKET_CAP_BELOW_THRESHOLD; METADATA_ONLY_AUDIT; sub-10B row retained outside core classification,OBSERVATION_ONLY,N,FAIL,FAIL,FAIL,-42.9045,Y,23.5585,Y,45.9460,58.5256,N,2263919.05,2559761.90,N,-42.9045,N,N,9.5917,Y,2263919.05,2408709.52,N,INSUFFICIENT_GATE2_DATA,INSUFFICIENT_DATA,yfinance,2026-05-27,2026-05-27,,v0_1_legacy_columns_preserved; non_turnaround_role_unchanged
TAP,Molson Coors Beverage Company,US,Consumer Staples,Beverages,8.0,N,EXTENDED,KEEP_EXTENDED,MARKET_CAP_BELOW_THRESHOLD; METADATA_ONLY_AUDIT; sub-10B row retained outside core classification,EXTENDED,KEEP_EXTENDED,NON_TURNAROUND_ROLE_UNCHANGED; Gate 3 metrics recorded for v0.4 evidence only; legacy_reason=MARKET_CAP_BELOW_THRESHOLD; METADATA_ONLY_AUDIT; sub-10B row retained outside core classification,OBSERVATION_ONLY,N,FAIL,FAIL,FAIL,-23.0048,Y,2.7989,N,42.7054,46.4271,N,3467947.62,3226456.35,Y,-23.0048,N,N,-1.6905,N,3467947.62,3066095.24,Y,INSUFFICIENT_GATE2_DATA,INSUFFICIENT_DATA,yfinance,2026-05-27,2026-05-27,,v0_1_legacy_columns_preserved; non_turnaround_role_unchanged
AOS,A. O. Smith Corporation,US,Industrials,Building Products,8.0,N,EXTENDED,KEEP_EXTENDED,MARKET_CAP_BELOW_THRESHOLD; METADATA_ONLY_AUDIT; sub-10B row retained outside core classification,EXTENDED,KEEP_EXTENDED,NON_TURNAROUND_ROLE_UNCHANGED; Gate 3 metrics recorded for v0.4 evidence only; legacy_reason=MARKET_CAP_BELOW_THRESHOLD; METADATA_ONLY_AUDIT; sub-10B row retained outside core classification,OBSERVATION_ONLY,N,FAIL,FAIL,FAIL,-27.9110,Y,3.6819,N,62.4790,68.6874,N,1850219.05,1461118.25,Y,-27.9110,N,N,-10.3123,N,1850219.05,1589347.62,Y,INSUFFICIENT_GATE2_DATA,INSUFFICIENT_DATA,yfinance,2026-05-27,2026-05-27,,v0_1_legacy_columns_preserved; non_turnaround_role_unchanged
BLDR,Builders FirstSource Inc.,US,Industrials,Building Products,8.0,N,EXTENDED,KEEP_EXTENDED,MARKET_CAP_BELOW_THRESHOLD; METADATA_ONLY_AUDIT; sub-10B row retained outside core classification,EXTENDED,KEEP_EXTENDED,NON_TURNAROUND_ROLE_UNCHANGED; Gate 3 metrics recorded for v0.4 evidence only; legacy_reason=MARKET_CAP_BELOW_THRESHOLD; METADATA_ONLY_AUDIT; sub-10B row retained outside core classification,OBSERVATION_ONLY,N,FAIL,FAIL,FAIL,-48.0799,Y,16.6893,Y,81.0640,108.4822,N,3033895.24,2275250.79,Y,-48.0799,N,N,-13.8073,N,3033895.24,2539214.29,Y,INSUFFICIENT_GATE2_DATA,INSUFFICIENT_DATA,yfinance,2026-05-27,2026-05-27,,v0_1_legacy_columns_preserved; non_turnaround_role_unchanged
CRL,Charles River Laboratories International Inc.,US,Health Care,Life Sciences Tools,7.0,N,HIGH_RISK_REVIEW,REVIEW_BEFORE_SCORING,SECTOR_VOLATILITY; MARKET_CAP_BELOW_THRESHOLD; METADATA_ONLY_AUDIT; sub-10B metadata row needs review before scoring,HIGH_RISK_REVIEW,REVIEW_BEFORE_SCORING,NON_TURNAROUND_ROLE_UNCHANGED; Gate 3 metrics recorded for v0.4 evidence only; legacy_reason=SECTOR_VOLATILITY; MARKET_CAP_BELOW_THRESHOLD; METADATA_ONLY_AUDIT; sub-10B metadata row needs review before scoring,OBSERVATION_ONLY,N,FAIL,FAIL,FAIL,-27.4639,Y,9.7112,N,168.0396,175.9853,N,936023.81,892981.75,Y,-27.4639,N,N,-3.9362,N,936023.81,906114.29,Y,INSUFFICIENT_GATE2_DATA,INSUFFICIENT_DATA,yfinance,2026-05-27,2026-05-27,,v0_1_legacy_columns_preserved; non_turnaround_role_unchanged
NCLH,Norwegian Cruise Line Holdings Ltd.,US,Consumer Discretionary,Hotels Restaurants,7.0,N,EXTENDED,KEEP_EXTENDED,MARKET_CAP_BELOW_THRESHOLD; METADATA_ONLY_AUDIT; sub-10B row retained outside core classification,EXTENDED,KEEP_EXTENDED,NON_TURNAROUND_ROLE_UNCHANGED; Gate 3 metrics recorded for v0.4 evidence only; legacy_reason=MARKET_CAP_BELOW_THRESHOLD; METADATA_ONLY_AUDIT; sub-10B row retained outside core classification,OBSERVATION_ONLY,N,FAIL,FAIL,FAIL,-32.6281,Y,22.7181,Y,18.4000,21.4562,N,26309823.81,21227874.60,Y,-32.6281,N,N,-0.2199,N,26309823.81,23524974.60,Y,INSUFFICIENT_GATE2_DATA,INSUFFICIENT_DATA,yfinance,2026-05-27,2026-05-27,,v0_1_legacy_columns_preserved; non_turnaround_role_unchanged
TECH,Bio-Techne Corporation,US,Health Care,Life Sciences Tools,7.0,N,HIGH_RISK_REVIEW,REVIEW_BEFORE_SCORING,SECTOR_VOLATILITY; MARKET_CAP_BELOW_THRESHOLD; METADATA_ONLY_AUDIT; sub-10B metadata row needs review before scoring,HIGH_RISK_REVIEW,REVIEW_BEFORE_SCORING,NON_TURNAROUND_ROLE_UNCHANGED; Gate 3 metrics recorded for v0.4 evidence only; legacy_reason=SECTOR_VOLATILITY; MARKET_CAP_BELOW_THRESHOLD; METADATA_ONLY_AUDIT; sub-10B metadata row needs review before scoring,OBSERVATION_ONLY,N,FAIL,FAIL,FAIL,-32.6282,Y,11.0624,N,52.2416,57.5795,N,3385476.19,2366815.08,Y,-32.6282,N,N,-12.7382,N,3385476.19,2567963.49,Y,INSUFFICIENT_GATE2_DATA,INSUFFICIENT_DATA,yfinance,2026-05-27,2026-05-27,,v0_1_legacy_columns_preserved; non_turnaround_role_unchanged
MOS,The Mosaic Company,US,Materials,Chemicals,7.0,N,EXTENDED,KEEP_EXTENDED,MARKET_CAP_BELOW_THRESHOLD; METADATA_ONLY_AUDIT; sub-10B row retained outside core classification,EXTENDED,KEEP_EXTENDED,NON_TURNAROUND_ROLE_UNCHANGED; Gate 3 metrics recorded for v0.4 evidence only; legacy_reason=MARKET_CAP_BELOW_THRESHOLD; METADATA_ONLY_AUDIT; sub-10B row retained outside core classification,OBSERVATION_ONLY,N,FAIL,FAIL,FAIL,-37.2653,Y,10.8411,N,24.0968,27.5920,N,8664990.48,8572541.27,Y,-37.2653,N,N,2.1533,N,8664990.48,10054214.29,N,INSUFFICIENT_GATE2_DATA,INSUFFICIENT_DATA,yfinance,2026-05-27,2026-05-27,,v0_1_legacy_columns_preserved; non_turnaround_role_unchanged
POOL,Pool Corporation,US,Consumer Discretionary,Distributors,7.0,N,EXTENDED,KEEP_EXTENDED,MARKET_CAP_BELOW_THRESHOLD; METADATA_ONLY_AUDIT; sub-10B row retained outside core classification,EXTENDED,KEEP_EXTENDED,NON_TURNAROUND_ROLE_UNCHANGED; Gate 3 metrics recorded for v0.4 evidence only; legacy_reason=MARKET_CAP_BELOW_THRESHOLD; METADATA_ONLY_AUDIT; sub-10B row retained outside core classification,OBSERVATION_ONLY,N,FAIL,FAIL,FAIL,-44.7245,Y,5.2328,N,203.0884,251.9649,N,941576.19,819586.51,Y,-44.7245,N,N,-18.1419,N,941576.19,803679.37,Y,INSUFFICIENT_GATE2_DATA,INSUFFICIENT_DATA,yfinance,2026-05-27,2026-05-27,,v0_1_legacy_columns_preserved; non_turnaround_role_unchanged
CAG,Conagra Brands Inc.,US,Consumer Staples,Food Products,7.0,N,EXTENDED,KEEP_EXTENDED,MARKET_CAP_BELOW_THRESHOLD; METADATA_ONLY_AUDIT; sub-10B row retained outside core classification,EXTENDED,KEEP_EXTENDED,NON_TURNAROUND_ROLE_UNCHANGED; Gate 3 metrics recorded for v0.4 evidence only; legacy_reason=MARKET_CAP_BELOW_THRESHOLD; METADATA_ONLY_AUDIT; sub-10B row retained outside core classification,OBSERVATION_ONLY,N,FAIL,FAIL,FAIL,-41.7904,Y,1.3688,N,14.6052,17.2775,N,14263433.33,13442121.43,Y,-41.7904,N,N,-5.5949,N,14263433.33,15068763.49,N,INSUFFICIENT_GATE2_DATA,INSUFFICIENT_DATA,yfinance,2026-05-27,2026-05-27,,v0_1_legacy_columns_preserved; non_turnaround_role_unchanged
CPB,The Campbell's Company,US,Consumer Staples,Food Products,6.0,N,EXTENDED,KEEP_EXTENDED,MARKET_CAP_BELOW_THRESHOLD; METADATA_ONLY_AUDIT; sub-10B row retained outside core classification,EXTENDED,KEEP_EXTENDED,NON_TURNAROUND_ROLE_UNCHANGED; Gate 3 metrics recorded for v0.4 evidence only; legacy_reason=MARKET_CAP_BELOW_THRESHOLD; METADATA_ONLY_AUDIT; sub-10B row retained outside core classification,OBSERVATION_ONLY,N,FAIL,FAIL,FAIL,-40.5452,Y,2.5000,N,20.8412,27.3836,N,6955000.00,7932383.33,N,-40.5452,N,N,-0.2433,N,6955000.00,8863741.27,N,INSUFFICIENT_GATE2_DATA,INSUFFICIENT_DATA,yfinance,2026-05-27,2026-05-27,,v0_1_legacy_columns_preserved; non_turnaround_role_unchanged
EPAM,EPAM Systems Inc.,US,Information Technology,IT Services,5.0,N,EXTENDED,KEEP_EXTENDED,MARKET_CAP_BELOW_THRESHOLD; METADATA_ONLY_AUDIT; sub-10B row retained outside core classification,EXTENDED,KEEP_EXTENDED,NON_TURNAROUND_ROLE_UNCHANGED; Gate 3 metrics recorded for v0.4 evidence only; legacy_reason=MARKET_CAP_BELOW_THRESHOLD; METADATA_ONLY_AUDIT; sub-10B row retained outside core classification,OBSERVATION_ONLY,N,FAIL,FAIL,FAIL,-54.0741,Y,13.3683,N,119.1850,160.6533,N,1898909.52,1245282.54,Y,-54.0741,N,N,-12.5785,N,1898909.52,1506111.11,Y,INSUFFICIENT_GATE2_DATA,INSUFFICIENT_DATA,yfinance,2026-05-27,2026-05-27,,v0_1_legacy_columns_preserved; non_turnaround_role_unchanged
ASML,ASML Holding N.V.,US,Information Technology,Semiconductor Equipment,597.0,N,CORE,KEEP_CORE,ADR_LISTING_RISK; METADATA_ONLY_AUDIT; large-cap metadata row without forced review marker,CORE,KEEP_CORE,NON_TURNAROUND_ROLE_UNCHANGED; Gate 3 metrics recorded for v0.4 evidence only; legacy_reason=ADR_LISTING_RISK; METADATA_ONLY_AUDIT; large-cap metadata row without forced review marker,OBSERVATION_ONLY,N,FAIL,FAIL,FAIL,-2.1453,N,61.7572,Y,1446.1920,1186.4733,Y,1657176.19,1696307.94,N,-2.1453,N,Y,11.5488,Y,1657176.19,1736393.65,N,INSUFFICIENT_GATE2_DATA,INSUFFICIENT_DATA,yfinance,2026-05-27,2026-05-27,,v0_1_legacy_columns_preserved; non_turnaround_role_unchanged
ARM,Arm Holdings plc,US,Information Technology,Semiconductors,235.0,N,CORE,KEEP_CORE,ADR_LISTING_RISK; METADATA_ONLY_AUDIT; large-cap metadata row without forced review marker,CORE,KEEP_CORE,NON_TURNAROUND_ROLE_UNCHANGED; Gate 3 metrics recorded for v0.4 evidence only; legacy_reason=ADR_LISTING_RISK; METADATA_ONLY_AUDIT; large-cap metadata row without forced review marker,OBSERVATION_ONLY,N,FAIL,INSUFFICIENT_DATA,MANUAL_REVIEW,-5.7624,N,189.5361,Y,189.7793,148.8162,Y,11766514.29,7339650.00,Y,-5.7624,Y,Y,40.2214,Y,11766514.29,8987265.08,Y,INSUFFICIENT_GATE2_DATA,INSUFFICIENT_DATA,yfinance,2026-05-27,2026-05-27,,v0_1_legacy_columns_preserved; non_turnaround_role_unchanged
PDD,PDD Holdings Inc.,US,Consumer Discretionary,Broadline Retail,141.0,N,CORE,KEEP_CORE,ADR_LISTING_RISK; METADATA_ONLY_AUDIT; large-cap metadata row without forced review marker,CORE,KEEP_CORE,NON_TURNAROUND_ROLE_UNCHANGED; Gate 3 metrics recorded for v0.4 evidence only; legacy_reason=ADR_LISTING_RISK; METADATA_ONLY_AUDIT; large-cap metadata row without forced review marker,OBSERVATION_ONLY,N,FAIL,FAIL,FAIL,-37.2982,Y,0.0000,N,99.1684,113.5424,N,8373185.71,7927054.76,Y,-37.2982,N,N,-12.0443,N,8373185.71,7620922.22,Y,INSUFFICIENT_GATE2_DATA,INSUFFICIENT_DATA,yfinance,2026-05-27,2026-05-27,,v0_1_legacy_columns_preserved; non_turnaround_role_unchanged
SHOP,Shopify Inc.,US,Information Technology,Software,123.0,N,CORE,KEEP_CORE,ADR_LISTING_RISK; METADATA_ONLY_AUDIT; large-cap metadata row without forced review marker,CORE,KEEP_CORE,NON_TURNAROUND_ROLE_UNCHANGED; Gate 3 metrics recorded for v0.4 evidence only; legacy_reason=ADR_LISTING_RISK; METADATA_ONLY_AUDIT; large-cap metadata row without forced review marker,OBSERVATION_ONLY,N,FAIL,FAIL,FAIL,-40.4503,Y,11.7400,N,115.7740,139.9390,N,13693519.05,10329814.29,Y,-40.4503,N,N,-14.1914,N,13693519.05,10177312.70,Y,INSUFFICIENT_GATE2_DATA,INSUFFICIENT_DATA,yfinance,2026-05-27,2026-05-27,,v0_1_legacy_columns_preserved; non_turnaround_role_unchanged
MELI,MercadoLibre Inc.,US,Consumer Discretionary,Broadline Retail,79.0,N,CORE,KEEP_CORE,ADR_LISTING_RISK; METADATA_ONLY_AUDIT; large-cap metadata row without forced review marker,CORE,KEEP_CORE,NON_TURNAROUND_ROLE_UNCHANGED; Gate 3 metrics recorded for v0.4 evidence only; legacy_reason=ADR_LISTING_RISK; METADATA_ONLY_AUDIT; large-cap metadata row without forced review marker,OBSERVATION_ONLY,N,FAIL,FAIL,FAIL,-35.1029,Y,9.6560,N,1725.7206,2032.6766,N,714476.19,560426.98,Y,-35.1029,N,N,-7.7808,N,714476.19,564996.83,Y,INSUFFICIENT_GATE2_DATA,INSUFFICIENT_DATA,yfinance,2026-05-27,2026-05-27,,v0_1_legacy_columns_preserved; non_turnaround_role_unchanged
MSTR,Strategy Inc,US,Information Technology,Software,62.0,N,CORE,KEEP_CORE,METADATA_ONLY_AUDIT; large-cap metadata row without forced review marker,CORE,KEEP_CORE,NON_TURNAROUND_ROLE_UNCHANGED; Gate 3 metrics recorded for v0.4 evidence only; legacy_reason=METADATA_ONLY_AUDIT; large-cap metadata row without forced review marker,OBSERVATION_ONLY,N,FAIL,FAIL,FAIL,-66.1768,Y,44.1256,Y,155.3826,210.1176,N,14659495.24,20333152.38,N,-66.1768,N,N,-8.8652,N,14659495.24,18269828.57,N,INSUFFICIENT_GATE2_DATA,INSUFFICIENT_DATA,yfinance,2026-05-27,2026-05-27,,v0_1_legacy_columns_preserved; non_turnaround_role_unchanged
FER,Ferrovial N.V.,US,Industrials,Construction & Engineering,48.0,N,EXTENDED,KEEP_EXTENDED,ADR_LISTING_RISK; MARKET_CAP_BELOW_THRESHOLD; METADATA_ONLY_AUDIT; below core threshold but retained for extended monitoring,EXTENDED,KEEP_EXTENDED,NON_TURNAROUND_ROLE_UNCHANGED; Gate 3 metrics recorded for v0.4 evidence only; legacy_reason=ADR_LISTING_RISK; MARKET_CAP_BELOW_THRESHOLD; METADATA_ONLY_AUDIT; below core threshold but retained for extended monitoring,OBSERVATION_ONLY,N,FAIL,FAIL,FAIL,-6.5340,N,12.7839,N,67.8172,64.7020,Y,1456319.05,1855696.83,N,-6.5340,Y,Y,2.6580,N,1456319.05,1366382.54,Y,INSUFFICIENT_GATE2_DATA,INSUFFICIENT_DATA,yfinance,2026-05-27,2026-05-27,,v0_1_legacy_columns_preserved; non_turnaround_role_unchanged
CCEP,Coca-Cola Europacific Partners PLC,US,Consumer Staples,Beverages,40.0,N,EXTENDED,KEEP_EXTENDED,ADR_LISTING_RISK; MARKET_CAP_BELOW_THRESHOLD; METADATA_ONLY_AUDIT; below core threshold but retained for extended monitoring,EXTENDED,KEEP_EXTENDED,NON_TURNAROUND_ROLE_UNCHANGED; Gate 3 metrics recorded for v0.4 evidence only; legacy_reason=ADR_LISTING_RISK; MARKET_CAP_BELOW_THRESHOLD; METADATA_ONLY_AUDIT; below core threshold but retained for extended monitoring,OBSERVATION_ONLY,N,FAIL,FAIL,FAIL,-14.2443,N,10.8510,N,94.3708,92.8329,Y,1695428.57,1731845.24,N,-14.2443,Y,Y,-1.5081,N,1695428.57,1826542.86,N,INSUFFICIENT_GATE2_DATA,INSUFFICIENT_DATA,yfinance,2026-05-27,2026-05-27,,v0_1_legacy_columns_preserved; non_turnaround_role_unchanged
ALNY,Alnylam Pharmaceuticals Inc.,US,Health Care,Biotechnology,38.0,N,HIGH_RISK_REVIEW,REVIEW_BEFORE_SCORING,BIOTECH_CLINICAL_RISK; METADATA_ONLY_AUDIT; mid-large biotechnology row needs review before scoring,HIGH_RISK_REVIEW,REVIEW_BEFORE_SCORING,NON_TURNAROUND_ROLE_UNCHANGED; Gate 3 metrics recorded for v0.4 evidence only; legacy_reason=BIOTECH_CLINICAL_RISK; METADATA_ONLY_AUDIT; mid-large biotechnology row needs review before scoring,OBSERVATION_ONLY,N,FAIL,FAIL,FAIL,-39.8172,Y,3.7881,N,309.4932,386.9307,N,1027147.62,1311107.94,N,-39.8172,N,N,-4.1749,N,1027147.62,1087006.35,N,INSUFFICIENT_GATE2_DATA,INSUFFICIENT_DATA,yfinance,2026-05-27,2026-05-27,,v0_1_legacy_columns_preserved; non_turnaround_role_unchanged
TRI,Thomson Reuters Corporation,US,Industrials,Professional Services,35.0,N,EXTENDED,KEEP_EXTENDED,ADR_LISTING_RISK; MARKET_CAP_BELOW_THRESHOLD; METADATA_ONLY_AUDIT; below core threshold but retained for extended monitoring,EXTENDED,KEEP_EXTENDED,NON_TURNAROUND_ROLE_UNCHANGED; Gate 3 metrics recorded for v0.4 evidence only; legacy_reason=ADR_LISTING_RISK; MARKET_CAP_BELOW_THRESHOLD; METADATA_ONLY_AUDIT; below core threshold but retained for extended monitoring,OBSERVATION_ONLY,N,FAIL,FAIL,FAIL,-61.6404,Y,3.9600,N,89.6930,125.3564,N,2192738.10,2135004.76,Y,-61.6404,N,N,-7.7156,N,2192738.10,2276106.35,N,INSUFFICIENT_GATE2_DATA,INSUFFICIENT_DATA,yfinance,2026-05-27,2026-05-27,,v0_1_legacy_columns_preserved; non_turnaround_role_unchanged
INSM,Insmed Incorporated,US,Health Care,Biotechnology,25.0,N,HIGH_RISK_REVIEW,REVIEW_BEFORE_SCORING,BIOTECH_CLINICAL_RISK; MARKET_CAP_BELOW_THRESHOLD; METADATA_ONLY_AUDIT; biotechnology row below 30B metadata threshold,HIGH_RISK_REVIEW,REVIEW_BEFORE_SCORING,NON_TURNAROUND_ROLE_UNCHANGED; Gate 3 metrics recorded for v0.4 evidence only; legacy_reason=BIOTECH_CLINICAL_RISK; MARKET_CAP_BELOW_THRESHOLD; METADATA_ONLY_AUDIT; biotechnology row below 30B metadata threshold,OBSERVATION_ONLY,N,FAIL,FAIL,FAIL,-49.6713,Y,4.9827,N,135.9384,155.9745,N,4037385.71,2976319.05,Y,-49.6713,N,N,-21.7532,N,4037385.71,2837473.02,Y,INSUFFICIENT_GATE2_DATA,INSUFFICIENT_DATA,yfinance,2026-05-27,2026-05-27,,v0_1_legacy_columns_preserved; non_turnaround_role_unchanged
ZS,Zscaler Inc.,US,Information Technology,Software,24.0,N,EXTENDED,KEEP_EXTENDED,MARKET_CAP_BELOW_THRESHOLD; METADATA_ONLY_AUDIT; below core threshold but retained for extended monitoring,EXTENDED,KEEP_EXTENDED,NON_TURNAROUND_ROLE_UNCHANGED; Gate 3 metrics recorded for v0.4 evidence only; legacy_reason=MARKET_CAP_BELOW_THRESHOLD; METADATA_ONLY_AUDIT; below core threshold but retained for extended monitoring,OBSERVATION_ONLY,N,FAIL,FAIL,FAIL,-62.4082,Y,7.0817,N,144.4252,222.9230,N,4865495.24,2998868.25,Y,-62.4082,N,N,-5.7416,N,4865495.24,3693903.17,Y,INSUFFICIENT_GATE2_DATA,INSUFFICIENT_DATA,yfinance,2026-05-27,2026-05-27,,v0_1_legacy_columns_preserved; non_turnaround_role_unchanged
MRVL,Marvell Technology Inc.,US,Information Technology,Semiconductors,155.0,N,CORE,KEEP_CORE,METADATA_ONLY_AUDIT; large-cap metadata row without forced review marker,CORE,KEEP_CORE,NON_TURNAROUND_ROLE_UNCHANGED; Gate 3 metrics recorded for v0.4 evidence only; legacy_reason=METADATA_ONLY_AUDIT; large-cap metadata row without forced review marker,OBSERVATION_ONLY,N,FAIL,FAIL,FAIL,-4.5904,N,169.4968,Y,142.0500,97.1758,Y,25503009.52,21018573.02,Y,-4.5904,Y,Y,25.5926,Y,25503009.52,26427726.98,N,INSUFFICIENT_GATE2_DATA,INSUFFICIENT_DATA,yfinance,2026-05-27,2026-05-27,,v0_1_legacy_columns_preserved; non_turnaround_role_unchanged
TEAM,Atlassian Corporation,US,Information Technology,Software,20.0,N,EXTENDED,KEEP_EXTENDED,ADR_LISTING_RISK; MARKET_CAP_BELOW_THRESHOLD; METADATA_ONLY_AUDIT; below core threshold but retained for extended monitoring,EXTENDED,KEEP_EXTENDED,NON_TURNAROUND_ROLE_UNCHANGED; Gate 3 metrics recorded for v0.4 evidence only; legacy_reason=ADR_LISTING_RISK; MARKET_CAP_BELOW_THRESHOLD; METADATA_ONLY_AUDIT; below core threshold but retained for extended monitoring,OBSERVATION_ONLY,N,FAIL,FAIL,FAIL,-59.6768,Y,55.8530,Y,75.0659,125.5934,N,8082476.19,6015267.46,Y,-59.6768,N,N,28.6767,Y,8082476.19,7426860.32,Y,INSUFFICIENT_GATE2_DATA,INSUFFICIENT_DATA,yfinance,2026-05-27,2026-05-27,,v0_1_legacy_columns_preserved; non_turnaround_role_unchanged
TSM,Taiwan Semiconductor Manufacturing Company Limited,US,Information Technology,Semiconductors,1100.0,N,CORE,KEEP_CORE,ADR_LISTING_RISK; METADATA_ONLY_AUDIT; large-cap metadata row without forced review marker,CORE,KEEP_CORE,NON_TURNAROUND_ROLE_UNCHANGED; Gate 3 metrics recorded for v0.4 evidence only; legacy_reason=ADR_LISTING_RISK; METADATA_ONLY_AUDIT; large-cap metadata row without forced review marker,OBSERVATION_ONLY,N,FAIL,FAIL,FAIL,0.0000,N,52.6322,Y,376.2408,319.5952,Y,13124719.05,13159634.13,N,0.0000,N,Y,4.3829,Y,13124719.05,13734950.79,N,INSUFFICIENT_GATE2_DATA,INSUFFICIENT_DATA,yfinance,2026-05-27,2026-05-27,,v0_1_legacy_columns_preserved; non_turnaround_role_unchanged
NVO,Novo Nordisk A/S,US,Health Care,Pharmaceuticals,180.0,N,CORE,KEEP_CORE,ADR_LISTING_RISK; METADATA_ONLY_AUDIT; large-cap metadata row without forced review marker,CORE,KEEP_CORE,NON_TURNAROUND_ROLE_UNCHANGED; Gate 3 metrics recorded for v0.4 evidence only; legacy_reason=ADR_LISTING_RISK; METADATA_ONLY_AUDIT; large-cap metadata row without forced review marker,OBSERVATION_ONLY,N,FAIL,FAIL,FAIL,-45.0339,Y,26.2397,Y,40.8058,49.0085,N,15941404.76,20553253.97,N,-45.0339,N,N,8.1311,Y,15941404.76,17619400.00,N,INSUFFICIENT_GATE2_DATA,INSUFFICIENT_DATA,yfinance,2026-05-27,2026-05-27,,v0_1_legacy_columns_preserved; non_turnaround_role_unchanged
NVS,Novartis AG,US,Health Care,Pharmaceuticals,250.0,N,CORE,KEEP_CORE,ADR_LISTING_RISK; METADATA_ONLY_AUDIT; large-cap metadata row without forced review marker,CORE,KEEP_CORE,NON_TURNAROUND_ROLE_UNCHANGED; Gate 3 metrics recorded for v0.4 evidence only; legacy_reason=ADR_LISTING_RISK; METADATA_ONLY_AUDIT; large-cap metadata row without forced review marker,OBSERVATION_ONLY,N,FAIL,FAIL,FAIL,-10.3784,N,19.4247,Y,149.5710,140.2955,Y,1309414.29,1877787.30,N,-10.3784,Y,Y,4.8062,Y,1309414.29,1801342.86,N,INSUFFICIENT_GATE2_DATA,INSUFFICIENT_DATA,yfinance,2026-05-27,2026-05-27,,v0_1_legacy_columns_preserved; non_turnaround_role_unchanged
AZN,AstraZeneca PLC,US,Health Care,Pharmaceuticals,230.0,N,CORE,KEEP_CORE,ADR_LISTING_RISK; METADATA_ONLY_AUDIT; large-cap metadata row without forced review marker,CORE,KEEP_CORE,NON_TURNAROUND_ROLE_UNCHANGED; Gate 3 metrics recorded for v0.4 evidence only; legacy_reason=ADR_LISTING_RISK; METADATA_ONLY_AUDIT; large-cap metadata row without forced review marker,OBSERVATION_ONLY,N,FAIL,FAIL,FAIL,-11.3758,N,3.3456,N,191.0504,180.6219,Y,2021395.24,2587131.35,N,-11.3758,Y,Y,-0.9919,N,2021395.24,1942352.38,Y,INSUFFICIENT_GATE2_DATA,INSUFFICIENT_DATA,yfinance,2026-05-27,2026-05-27,,v0_1_legacy_columns_preserved; non_turnaround_role_unchanged
SAP,SAP SE,US,Information Technology,Software,320.0,N,CORE,KEEP_CORE,ADR_LISTING_RISK; METADATA_ONLY_AUDIT; large-cap metadata row without forced review marker,CORE,KEEP_CORE,NON_TURNAROUND_ROLE_UNCHANGED; Gate 3 metrics recorded for v0.4 evidence only; legacy_reason=ADR_LISTING_RISK; METADATA_ONLY_AUDIT; large-cap metadata row without forced review marker,OBSERVATION_ONLY,N,FAIL,FAIL,FAIL,-44.1734,Y,8.2825,N,172.6004,226.4302,N,3386109.52,2871215.08,Y,-44.1734,N,N,0.4036,N,3386109.52,3398934.92,N,INSUFFICIENT_GATE2_DATA,INSUFFICIENT_DATA,yfinance,2026-05-27,2026-05-27,,v0_1_legacy_columns_preserved; non_turnaround_role_unchanged
BABA,Alibaba Group Holding Limited,US,Consumer Discretionary,Broadline Retail,280.0,N,CORE,KEEP_CORE,ADR_LISTING_RISK; METADATA_ONLY_AUDIT; large-cap metadata row without forced review marker,CORE,KEEP_CORE,NON_TURNAROUND_ROLE_UNCHANGED; Gate 3 metrics recorded for v0.4 evidence only; legacy_reason=ADR_LISTING_RISK; METADATA_ONLY_AUDIT; large-cap metadata row without forced review marker,OBSERVATION_ONLY,N,FAIL,FAIL,FAIL,-32.5235,Y,6.7157,N,131.4802,149.5763,N,11880509.52,11395326.19,Y,-32.5235,N,N,-3.5919,N,11880509.52,11526420.63,Y,INSUFFICIENT_GATE2_DATA,INSUFFICIENT_DATA,yfinance,2026-05-27,2026-05-27,,v0_1_legacy_columns_preserved; non_turnaround_role_unchanged
TM,Toyota Motor Corporation,US,Consumer Discretionary,Automobiles,250.0,N,CORE,KEEP_CORE,ADR_LISTING_RISK; METADATA_ONLY_AUDIT; large-cap metadata row without forced review marker,CORE,KEEP_CORE,NON_TURNAROUND_ROLE_UNCHANGED; Gate 3 metrics recorded for v0.4 evidence only; legacy_reason=ADR_LISTING_RISK; METADATA_ONLY_AUDIT; large-cap metadata row without forced review marker,OBSERVATION_ONLY,N,FAIL,FAIL,FAIL,-23.4323,Y,4.6458,N,199.8296,207.8339,N,441476.19,343505.56,Y,-23.4323,N,N,-1.0720,N,441476.19,380130.16,Y,INSUFFICIENT_GATE2_DATA,INSUFFICIENT_DATA,yfinance,2026-05-27,2026-05-27,,v0_1_legacy_columns_preserved; non_turnaround_role_unchanged
SHEL,Shell plc,US,Energy,Oil Gas & Consumable Fuels,230.0,N,CORE,KEEP_CORE,ADR_LISTING_RISK; METADATA_ONLY_AUDIT; large-cap metadata row without forced review marker,CORE,KEEP_CORE,NON_TURNAROUND_ROLE_UNCHANGED; Gate 3 metrics recorded for v0.4 evidence only; legacy_reason=ADR_LISTING_RISK; METADATA_ONLY_AUDIT; large-cap metadata row without forced review marker,OBSERVATION_ONLY,N,FAIL,FAIL,FAIL,-10.9825,N,19.2007,Y,89.2844,78.5051,Y,8562098.33,6512901.10,Y,-10.9825,Y,Y,-3.5669,N,8562098.33,8114044.95,Y,INSUFFICIENT_GATE2_DATA,INSUFFICIENT_DATA,yfinance,2026-05-27,2026-05-27,,v0_1_legacy_columns_preserved; non_turnaround_role_unchanged
TTE,TotalEnergies SE,US,Energy,Oil Gas & Consumable Fuels,150.0,N,CORE,KEEP_CORE,ADR_LISTING_RISK; METADATA_ONLY_AUDIT; large-cap metadata row without forced review marker,CORE,KEEP_CORE,NON_TURNAROUND_ROLE_UNCHANGED; Gate 3 metrics recorded for v0.4 evidence only; legacy_reason=ADR_LISTING_RISK; METADATA_ONLY_AUDIT; large-cap metadata row without forced review marker,OBSERVATION_ONLY,N,FAIL,FAIL,FAIL,-7.4145,N,38.1256,Y,90.4294,72.3742,Y,1291857.14,1663641.27,N,-7.4145,Y,Y,-2.3439,N,1291857.14,2001742.86,N,INSUFFICIENT_GATE2_DATA,INSUFFICIENT_DATA,yfinance,2026-05-27,2026-05-27,,v0_1_legacy_columns_preserved; non_turnaround_role_unchanged
HSBC,HSBC Holdings plc,US,Financials,Banks,180.0,N,CORE,KEEP_CORE,ADR_LISTING_RISK; METADATA_ONLY_AUDIT; large-cap metadata row without forced review marker,CORE,KEEP_CORE,NON_TURNAROUND_ROLE_UNCHANGED; Gate 3 metrics recorded for v0.4 evidence only; legacy_reason=ADR_LISTING_RISK; METADATA_ONLY_AUDIT; large-cap metadata row without forced review marker,OBSERVATION_ONLY,N,FAIL,FAIL,FAIL,0.0000,N,37.3169,Y,87.8218,78.3203,Y,1594419.05,1950355.56,N,0.0000,N,Y,5.2468,Y,1594419.05,1968793.65,N,INSUFFICIENT_GATE2_DATA,INSUFFICIENT_DATA,yfinance,2026-05-27,2026-05-27,,v0_1_legacy_columns_preserved; non_turnaround_role_unchanged
MUFG,Mitsubishi UFJ Financial Group Inc.,US,Financials,Banks,130.0,N,CORE,KEEP_CORE,ADR_LISTING_RISK; METADATA_ONLY_AUDIT; large-cap metadata row without forced review marker,CORE,KEEP_CORE,NON_TURNAROUND_ROLE_UNCHANGED; Gate 3 metrics recorded for v0.4 evidence only; legacy_reason=ADR_LISTING_RISK; METADATA_ONLY_AUDIT; large-cap metadata row without forced review marker,OBSERVATION_ONLY,N,FAIL,FAIL,FAIL,-3.8013,N,23.4070,Y,17.8710,16.7218,Y,3131952.38,3614837.30,N,-3.8013,Y,Y,8.8303,Y,3131952.38,3610080.95,N,INSUFFICIENT_GATE2_DATA,INSUFFICIENT_DATA,yfinance,2026-05-27,2026-05-27,,v0_1_legacy_columns_preserved; non_turnaround_role_unchanged
BHP,BHP Group Limited,US,Materials,Metals & Mining,130.0,N,CORE,KEEP_CORE,ADR_LISTING_RISK; METADATA_ONLY_AUDIT; large-cap metadata row without forced review marker,CORE,KEEP_CORE,NON_TURNAROUND_ROLE_UNCHANGED; Gate 3 metrics recorded for v0.4 evidence only; legacy_reason=ADR_LISTING_RISK; METADATA_ONLY_AUDIT; large-cap metadata row without forced review marker,OBSERVATION_ONLY,N,FAIL,FAIL,FAIL,-3.2816,N,65.9361,Y,78.2350,65.3014,Y,2470766.67,3488869.84,N,-3.2816,Y,Y,10.0075,Y,2470766.67,3116496.83,N,INSUFFICIENT_GATE2_DATA,INSUFFICIENT_DATA,yfinance,2026-05-27,2026-05-27,,v0_1_legacy_columns_preserved; non_turnaround_role_unchanged
RIO,Rio Tinto Group,US,Materials,Metals & Mining,105.0,N,CORE,KEEP_CORE,ADR_LISTING_RISK; METADATA_ONLY_AUDIT; large-cap metadata row without forced review marker,CORE,KEEP_CORE,NON_TURNAROUND_ROLE_UNCHANGED; Gate 3 metrics recorded for v0.4 evidence only; legacy_reason=ADR_LISTING_RISK; METADATA_ONLY_AUDIT; large-cap metadata row without forced review marker,OBSERVATION_ONLY,N,FAIL,FAIL,FAIL,-4.8465,N,51.2842,Y,98.1500,81.8791,Y,2584352.38,3324287.30,N,-4.8465,Y,Y,6.6633,Y,2584352.38,2833569.84,N,INSUFFICIENT_GATE2_DATA,INSUFFICIENT_DATA,yfinance,2026-05-27,2026-05-27,,v0_1_legacy_columns_preserved; non_turnaround_role_unchanged
UL,Unilever PLC,US,Consumer Staples,Personal Care Products,140.0,N,CORE,KEEP_CORE,ADR_LISTING_RISK; METADATA_ONLY_AUDIT; large-cap metadata row without forced review marker,CORE,KEEP_CORE,NON_TURNAROUND_ROLE_UNCHANGED; Gate 3 metrics recorded for v0.4 evidence only; legacy_reason=ADR_LISTING_RISK; METADATA_ONLY_AUDIT; large-cap metadata row without forced review marker,OBSERVATION_ONLY,N,FAIL,FAIL,FAIL,-22.2416,Y,4.5987,N,58.3796,65.7885,N,3926528.57,3830713.50,Y,-22.2416,N,N,0.8696,N,3926528.57,4511876.19,N,INSUFFICIENT_GATE2_DATA,INSUFFICIENT_DATA,yfinance,2026-05-27,2026-05-27,,v0_1_legacy_columns_preserved; non_turnaround_role_unchanged
BTI,British American Tobacco p.l.c.,US,Consumer Staples,Tobacco,88.0,N,CORE,KEEP_CORE,ADR_LISTING_RISK; METADATA_ONLY_AUDIT; large-cap metadata row without forced review marker,CORE,KEEP_CORE,NON_TURNAROUND_ROLE_UNCHANGED; Gate 3 metrics recorded for v0.4 evidence only; legacy_reason=ADR_LISTING_RISK; METADATA_ONLY_AUDIT; large-cap metadata row without forced review marker,OBSERVATION_ONLY,N,FAIL,FAIL,FAIL,-3.9880,N,20.1726,Y,59.7098,57.3152,Y,3914476.19,4320602.38,N,-3.9880,Y,Y,11.7237,Y,3914476.19,4500955.56,N,INSUFFICIENT_GATE2_DATA,INSUFFICIENT_DATA,yfinance,2026-05-27,2026-05-27,,v0_1_legacy_columns_preserved; non_turnaround_role_unchanged
BUD,Anheuser-Busch InBev SA/NV,US,Consumer Staples,Beverages,115.0,N,CORE,KEEP_CORE,ADR_LISTING_RISK; METADATA_ONLY_AUDIT; large-cap metadata row without forced review marker,CORE,KEEP_CORE,NON_TURNAROUND_ROLE_UNCHANGED; Gate 3 metrics recorded for v0.4 evidence only; legacy_reason=ADR_LISTING_RISK; METADATA_ONLY_AUDIT; large-cap metadata row without forced review marker,OBSERVATION_ONLY,N,FAIL,FAIL,FAIL,0.0000,N,38.9146,Y,75.2132,67.7815,Y,1933928.57,2067212.70,N,0.0000,N,Y,14.5274,Y,1933928.57,1962555.56,N,INSUFFICIENT_GATE2_DATA,INSUFFICIENT_DATA,yfinance,2026-05-27,2026-05-27,,v0_1_legacy_columns_preserved; non_turnaround_role_unchanged
DEO,Diageo plc,US,Consumer Staples,Beverages,75.0,N,CORE,KEEP_CORE,ADR_LISTING_RISK; METADATA_ONLY_AUDIT; large-cap metadata row without forced review marker,CORE,KEEP_CORE,NON_TURNAROUND_ROLE_UNCHANGED; Gate 3 metrics recorded for v0.4 evidence only; legacy_reason=ADR_LISTING_RISK; METADATA_ONLY_AUDIT; large-cap metadata row without forced review marker,OBSERVATION_ONLY,N,FAIL,FAIL,FAIL,-24.9458,Y,19.4425,Y,79.2090,90.8476,N,1316600.00,1748000.00,N,-24.9458,N,N,9.5696,Y,1316600.00,1691180.95,N,INSUFFICIENT_GATE2_DATA,INSUFFICIENT_DATA,yfinance,2026-05-27,2026-05-27,,v0_1_legacy_columns_preserved; non_turnaround_role_unchanged
SONY,Sony Group Corporation,US,Consumer Discretionary,Household Durables,110.0,N,CORE,KEEP_CORE,ADR_LISTING_RISK; METADATA_ONLY_AUDIT; large-cap metadata row without forced review marker,CORE,KEEP_CORE,NON_TURNAROUND_ROLE_UNCHANGED; Gate 3 metrics recorded for v0.4 evidence only; legacy_reason=ADR_LISTING_RISK; METADATA_ONLY_AUDIT; large-cap metadata row without forced review marker,OBSERVATION_ONLY,N,FAIL,FAIL,FAIL,-27.7594,Y,11.3035,N,21.0092,25.0783,N,8662590.48,5876546.83,Y,-27.7594,N,N,8.5402,Y,8662590.48,6345498.41,Y,INSUFFICIENT_GATE2_DATA,INSUFFICIENT_DATA,yfinance,2026-05-27,2026-05-27,,v0_1_legacy_columns_preserved; non_turnaround_role_unchanged
HMC,Honda Motor Co. Ltd.,US,Consumer Discretionary,Automobiles,50.0,N,CORE,KEEP_CORE,ADR_LISTING_RISK; METADATA_ONLY_AUDIT; large-cap metadata row without forced review marker,CORE,KEEP_CORE,NON_TURNAROUND_ROLE_UNCHANGED; Gate 3 metrics recorded for v0.4 evidence only; legacy_reason=ADR_LISTING_RISK; METADATA_ONLY_AUDIT; large-cap metadata row without forced review marker,OBSERVATION_ONLY,N,FAIL,FAIL,FAIL,-22.8694,Y,14.4317,N,24.6730,29.4324,N,1922704.76,1479631.75,Y,-22.8694,N,N,10.2995,Y,1922704.76,1891342.86,Y,INSUFFICIENT_GATE2_DATA,INSUFFICIENT_DATA,yfinance,2026-05-27,2026-05-27,,v0_1_legacy_columns_preserved; non_turnaround_role_unchanged
BP,BP p.l.c.,US,Energy,Oil Gas & Consumable Fuels,90.0,N,CORE,KEEP_CORE,ADR_LISTING_RISK; METADATA_ONLY_AUDIT; large-cap metadata row without forced review marker,CORE,KEEP_CORE,NON_TURNAROUND_ROLE_UNCHANGED; Gate 3 metrics recorded for v0.4 evidence only; legacy_reason=ADR_LISTING_RISK; METADATA_ONLY_AUDIT; large-cap metadata row without forced review marker,OBSERVATION_ONLY,N,FAIL,FAIL,FAIL,-12.5551,N,25.0375,Y,45.5422,38.2709,Y,9446733.33,11347211.90,N,-12.5551,Y,Y,-9.3974,N,9446733.33,14049328.57,N,INSUFFICIENT_GATE2_DATA,INSUFFICIENT_DATA,yfinance,2026-05-27,2026-05-27,,v0_1_legacy_columns_preserved; non_turnaround_role_unchanged
E,Eni S.p.A.,US,Energy,Oil Gas & Consumable Fuels,50.0,N,CORE,KEEP_CORE,ADR_LISTING_RISK; METADATA_ONLY_AUDIT; large-cap metadata row without forced review marker,CORE,KEEP_CORE,NON_TURNAROUND_ROLE_UNCHANGED; Gate 3 metrics recorded for v0.4 evidence only; legacy_reason=ADR_LISTING_RISK; METADATA_ONLY_AUDIT; large-cap metadata row without forced review marker,OBSERVATION_ONLY,N,FAIL,FAIL,FAIL,-8.9394,N,43.7260,Y,54.8578,42.4908,Y,407961.90,423989.68,N,-8.9394,Y,Y,-2.4363,N,407961.90,577101.59,N,INSUFFICIENT_GATE2_DATA,INSUFFICIENT_DATA,yfinance,2026-05-27,2026-05-27,,v0_1_legacy_columns_preserved; non_turnaround_role_unchanged
RELX,RELX PLC,US,Industrials,Professional Services,90.0,N,CORE,KEEP_CORE,ADR_LISTING_RISK; METADATA_ONLY_AUDIT; large-cap metadata row without forced review marker,CORE,KEEP_CORE,NON_TURNAROUND_ROLE_UNCHANGED; Gate 3 metrics recorded for v0.4 evidence only; legacy_reason=ADR_LISTING_RISK; METADATA_ONLY_AUDIT; large-cap metadata row without forced review marker,OBSERVATION_ONLY,N,FAIL,FAIL,FAIL,-40.9810,Y,18.4638,Y,34.2110,39.6070,N,2432952.38,3263942.06,N,-40.9810,N,N,-9.7279,N,2432952.38,3195538.10,N,INSUFFICIENT_GATE2_DATA,INSUFFICIENT_DATA,yfinance,2026-05-27,2026-05-27,,v0_1_legacy_columns_preserved; non_turnaround_role_unchanged
ASR,Grupo Aeroportuario del Sureste,US,Industrials,Transportation Infrastructure,8.0,N,EXTENDED,KEEP_EXTENDED,MARKET_CAP_BELOW_THRESHOLD; METADATA_ONLY_AUDIT; sub-10B row retained outside core classification,EXTENDED,KEEP_EXTENDED,NON_TURNAROUND_ROLE_UNCHANGED; Gate 3 metrics recorded for v0.4 evidence only; legacy_reason=MARKET_CAP_BELOW_THRESHOLD; METADATA_ONLY_AUDIT; sub-10B row retained outside core classification,OBSERVATION_ONLY,N,FAIL,FAIL,FAIL,-19.8263,N,3.1911,N,321.1398,325.4387,Y,83052.38,65188.89,Y,-19.8263,N,N,-0.8276,N,83052.38,75655.56,Y,INSUFFICIENT_GATE2_DATA,INSUFFICIENT_DATA,yfinance,2026-05-27,2026-05-27,,v0_1_legacy_columns_preserved; non_turnaround_role_unchanged
BSAC,Banco Santander-Chile,US,Financials,Banks,8.0,N,EXTENDED,KEEP_EXTENDED,MARKET_CAP_BELOW_THRESHOLD; METADATA_ONLY_AUDIT; sub-10B row retained outside core classification,EXTENDED,KEEP_EXTENDED,NON_TURNAROUND_ROLE_UNCHANGED; Gate 3 metrics recorded for v0.4 evidence only; legacy_reason=MARKET_CAP_BELOW_THRESHOLD; METADATA_ONLY_AUDIT; sub-10B row retained outside core classification,OBSERVATION_ONLY,N,FAIL,FAIL,FAIL,-14.2285,N,9.2486,N,32.4592,30.4974,Y,516971.43,386904.76,Y,-14.2285,Y,Y,-3.8600,N,516971.43,471722.22,Y,INSUFFICIENT_GATE2_DATA,INSUFFICIENT_DATA,yfinance,2026-05-27,2026-05-27,,v0_1_legacy_columns_preserved; non_turnaround_role_unchanged
ABEV,Ambev S.A.,US,Consumer Staples,Beverages,35.0,N,EXTENDED,KEEP_EXTENDED,ADR_LISTING_RISK; MARKET_CAP_BELOW_THRESHOLD; METADATA_ONLY_AUDIT; below core threshold but retained for extended monitoring,EXTENDED,KEEP_EXTENDED,NON_TURNAROUND_ROLE_UNCHANGED; Gate 3 metrics recorded for v0.4 evidence only; legacy_reason=ADR_LISTING_RISK; MARKET_CAP_BELOW_THRESHOLD; METADATA_ONLY_AUDIT; below core threshold but retained for extended monitoring,OBSERVATION_ONLY,N,FAIL,INSUFFICIENT_DATA,MANUAL_REVIEW,-4.6647,N,42.1739,Y,3.0400,2.6423,Y,30302185.71,26939874.60,Y,-4.6647,Y,Y,13.1488,Y,30302185.71,26657896.83,Y,INSUFFICIENT_GATE2_DATA,INSUFFICIENT_DATA,yfinance,2026-05-27,2026-05-27,,v0_1_legacy_columns_preserved; non_turnaround_role_unchanged
VALE,Vale S.A.,US,Materials,Metals & Mining,50.0,N,CORE,KEEP_CORE,ADR_LISTING_RISK; METADATA_ONLY_AUDIT; large-cap metadata row without forced review marker,CORE,KEEP_CORE,NON_TURNAROUND_ROLE_UNCHANGED; Gate 3 metrics recorded for v0.4 evidence only; legacy_reason=ADR_LISTING_RISK; METADATA_ONLY_AUDIT; large-cap metadata row without forced review marker,OBSERVATION_ONLY,N,FAIL,FAIL,FAIL,-7.3513,N,36.5591,Y,16.3228,13.7818,Y,24691261.90,32477047.62,N,-7.3513,Y,Y,-3.2806,N,24691261.90,27753298.41,N,INSUFFICIENT_GATE2_DATA,INSUFFICIENT_DATA,yfinance,2026-05-27,2026-05-27,,v0_1_legacy_columns_preserved; non_turnaround_role_unchanged
ITUB,Itaú Unibanco Holding S.A.,US,Financials,Banks,70.0,N,CORE,KEEP_CORE,ADR_LISTING_RISK; METADATA_ONLY_AUDIT; large-cap metadata row without forced review marker,CORE,KEEP_CORE,NON_TURNAROUND_ROLE_UNCHANGED; Gate 3 metrics recorded for v0.4 evidence only; legacy_reason=ADR_LISTING_RISK; METADATA_ONLY_AUDIT; large-cap metadata row without forced review marker,OBSERVATION_ONLY,N,FAIL,FAIL,FAIL,-16.8234,N,16.4602,Y,8.4350,7.7259,Y,25380919.05,24725041.06,Y,-16.8234,N,Y,-9.5455,N,25380919.05,25369315.87,Y,INSUFFICIENT_GATE2_DATA,INSUFFICIENT_DATA,yfinance,2026-05-27,2026-05-27,,v0_1_legacy_columns_preserved; non_turnaround_role_unchanged
BBD,Banco Bradesco S.A.,US,Financials,Banks,32.0,N,EXTENDED,KEEP_EXTENDED,ADR_LISTING_RISK; MARKET_CAP_BELOW_THRESHOLD; METADATA_ONLY_AUDIT; below core threshold but retained for extended monitoring,EXTENDED,KEEP_EXTENDED,NON_TURNAROUND_ROLE_UNCHANGED; Gate 3 metrics recorded for v0.4 evidence only; legacy_reason=ADR_LISTING_RISK; MARKET_CAP_BELOW_THRESHOLD; METADATA_ONLY_AUDIT; below core threshold but retained for extended monitoring,OBSERVATION_ONLY,N,FAIL,FAIL,FAIL,-15.4394,N,8.8685,N,3.7466,3.5484,Y,29212890.48,37103893.65,N,-15.4394,N,Y,-8.9514,N,29212890.48,37342376.19,N,INSUFFICIENT_GATE2_DATA,INSUFFICIENT_DATA,yfinance,2026-05-27,2026-05-27,,v0_1_legacy_columns_preserved; non_turnaround_role_unchanged
PBR,Petróleo Brasileiro S.A.,US,Energy,Oil Gas & Consumable Fuels,95.0,N,CORE,KEEP_CORE,ADR_LISTING_RISK; METADATA_ONLY_AUDIT; large-cap metadata row without forced review marker,CORE,KEEP_CORE,NON_TURNAROUND_ROLE_UNCHANGED; Gate 3 metrics recorded for v0.4 evidence only; legacy_reason=ADR_LISTING_RISK; METADATA_ONLY_AUDIT; large-cap metadata row without forced review marker,OBSERVATION_ONLY,N,FAIL,FAIL,FAIL,-13.9355,N,64.2981,Y,20.5518,15.0721,Y,17879966.67,24701326.19,N,-13.9355,Y,Y,-9.5420,N,17879966.67,27862138.10,N,INSUFFICIENT_GATE2_DATA,INSUFFICIENT_DATA,yfinance,2026-05-27,2026-05-27,,v0_1_legacy_columns_preserved; non_turnaround_role_unchanged
VEEV,Veeva Systems Inc.,US,Health Care,Health Care Technology,26.1,N,EXTENDED,KEEP_EXTENDED,RECENT_INDEX_INCLUSION; MARKET_CAP_BELOW_THRESHOLD; METADATA_ONLY_AUDIT; below core threshold but retained for extended monitoring,EXTENDED,KEEP_EXTENDED,NON_TURNAROUND_ROLE_UNCHANGED; Gate 3 metrics recorded for v0.4 evidence only; legacy_reason=RECENT_INDEX_INCLUSION; MARKET_CAP_BELOW_THRESHOLD; METADATA_ONLY_AUDIT; below core threshold but retained for extended monitoring,OBSERVATION_ONLY,N,FAIL,FAIL,FAIL,-48.2431,Y,4.6622,N,167.1544,227.0929,N,4266928.57,2412930.95,Y,-48.2431,N,N,-1.2216,N,4266928.57,2877200.00,Y,INSUFFICIENT_GATE2_DATA,INSUFFICIENT_DATA,yfinance,2026-05-27,2026-05-27,,v0_1_legacy_columns_preserved; non_turnaround_role_unchanged
005930.KS,삼성전자,KR,Information Technology,Semiconductors,1248.6,N,CORE,KEEP_CORE,METADATA_ONLY_AUDIT; large-cap metadata row without forced review marker,CORE,KEEP_CORE,NON_TURNAROUND_ROLE_UNCHANGED; Gate 3 metrics recorded for v0.4 evidence only; legacy_reason=METADATA_ONLY_AUDIT; large-cap metadata row without forced review marker,OBSERVATION_ONLY,N,FAIL,FAIL,FAIL,0.0000,N,223.8397,Y,226961.0000,142278.5000,Y,31373625.62,27967687.79,Y,0.0000,N,Y,36.7483,Y,31373625.62,30428424.25,Y,INSUFFICIENT_GATE2_DATA,INSUFFICIENT_DATA,yfinance,2026-05-27,2026-05-27,,v0_1_legacy_columns_preserved; non_turnaround_role_unchanged
000660.KS,SK하이닉스,KR,Information Technology,Semiconductors,1044.6,N,CORE,KEEP_CORE,METADATA_ONLY_AUDIT; large-cap metadata row without forced review marker,CORE,KEEP_CORE,NON_TURNAROUND_ROLE_UNCHANGED; Gate 3 metrics recorded for v0.4 evidence only; legacy_reason=METADATA_ONLY_AUDIT; large-cap metadata row without forced review marker,OBSERVATION_ONLY,N,FAIL,FAIL,FAIL,0.0000,N,332.1773,Y,1302200.0000,748232.5000,Y,5433531.76,4479403.18,Y,0.0000,N,Y,83.1020,Y,5433531.76,4842177.54,Y,INSUFFICIENT_GATE2_DATA,INSUFFICIENT_DATA,yfinance,2026-05-27,2026-05-27,,v0_1_legacy_columns_preserved; non_turnaround_role_unchanged
373220.KS,LG에너지솔루션,KR,Industrials,Electrical Equipment,66.8,N,CORE,KEEP_CORE,METADATA_ONLY_AUDIT; large-cap metadata row without forced review marker,CORE,KEEP_CORE,NON_TURNAROUND_ROLE_UNCHANGED; Gate 3 metrics recorded for v0.4 evidence only; legacy_reason=METADATA_ONLY_AUDIT; large-cap metadata row without forced review marker,OBSERVATION_ONLY,N,FAIL,FAIL,FAIL,-25.3891,Y,10.3597,N,420260.0000,405137.5000,Y,441557.67,410888.69,Y,-25.3891,N,Y,-17.7921,N,441557.67,447455.49,N,INSUFFICIENT_GATE2_DATA,INSUFFICIENT_DATA,yfinance,2026-05-27,2026-05-27,,v0_1_legacy_columns_preserved; non_turnaround_role_unchanged
207940.KS,삼성바이오로직스,KR,Health Care,Biotechnology,47.1,N,EXTENDED,KEEP_EXTENDED,MARKET_CAP_BELOW_THRESHOLD; METADATA_ONLY_AUDIT; below core threshold but retained for extended monitoring,EXTENDED,KEEP_EXTENDED,NON_TURNAROUND_ROLE_UNCHANGED; Gate 3 metrics recorded for v0.4 evidence only; legacy_reason=MARKET_CAP_BELOW_THRESHOLD; METADATA_ONLY_AUDIT; below core threshold but retained for extended monitoring,OBSERVATION_ONLY,N,FAIL,FAIL,FAIL,-29.5674,Y,3.5153,N,1517540.0000,1655753.8325,N,67843.38,60266.78,Y,-29.5674,N,N,-8.5865,N,67843.38,55770.11,Y,INSUFFICIENT_GATE2_DATA,INSUFFICIENT_DATA,yfinance,2026-05-27,2026-05-27,,v0_1_legacy_columns_preserved; non_turnaround_role_unchanged
402340.KS,SK스퀘어,KR,Financials,Diversified Financial Services,111.3,N,CORE,KEEP_CORE,HOLDING_COMPANY_NATURE; METADATA_ONLY_AUDIT; large-cap metadata row without forced review marker,CORE,KEEP_CORE,NON_TURNAROUND_ROLE_UNCHANGED; Gate 3 metrics recorded for v0.4 evidence only; legacy_reason=HOLDING_COMPANY_NATURE; METADATA_ONLY_AUDIT; large-cap metadata row without forced review marker,OBSERVATION_ONLY,N,FAIL,FAIL,FAIL,0.0000,N,379.6992,Y,782220.0000,436472.5000,Y,954903.71,638518.85,Y,0.0000,N,Y,75.2747,Y,954903.71,724336.78,Y,INSUFFICIENT_GATE2_DATA,INSUFFICIENT_DATA,yfinance,2026-05-27,2026-05-27,,v0_1_legacy_columns_preserved; non_turnaround_role_unchanged
005935.KS,삼성전자우,KR,Information Technology,Semiconductors,107.3,N,CORE,KEEP_CORE,METADATA_ONLY_AUDIT; large-cap metadata row without forced review marker,CORE,KEEP_CORE,NON_TURNAROUND_ROLE_UNCHANGED; Gate 3 metrics recorded for v0.4 evidence only; legacy_reason=METADATA_ONLY_AUDIT; large-cap metadata row without forced review marker,OBSERVATION_ONLY,N,FAIL,FAIL,FAIL,-1.4879,N,165.5602,Y,154712.0000,102900.7500,Y,5573859.86,4227693.03,Y,-1.4879,N,Y,22.9193,Y,5573859.86,4923343.10,Y,INSUFFICIENT_GATE2_DATA,INSUFFICIENT_DATA,yfinance,2026-05-27,2026-05-27,,v0_1_legacy_columns_preserved; non_turnaround_role_unchanged
009150.KS,삼성전기,KR,Information Technology,Electronic Components,83.9,N,CORE,KEEP_CORE,METADATA_ONLY_AUDIT; large-cap metadata row without forced review marker,CORE,KEEP_CORE,NON_TURNAROUND_ROLE_UNCHANGED; Gate 3 metrics recorded for v0.4 evidence only; legacy_reason=METADATA_ONLY_AUDIT; large-cap metadata row without forced review marker,OBSERVATION_ONLY,N,FAIL,FAIL,FAIL,0.0000,N,658.1395,Y,735540.0000,368085.0000,Y,1095434.24,781781.64,Y,0.0000,N,Y,110.5943,Y,1095434.24,881806.44,Y,INSUFFICIENT_GATE2_DATA,INSUFFICIENT_DATA,yfinance,2026-05-27,2026-05-27,,v0_1_legacy_columns_preserved; non_turnaround_role_unchanged
005380.KS,현대차,KR,Consumer Discretionary,Automobiles,100.8,N,CORE,KEEP_CORE,METADATA_ONLY_AUDIT; large-cap metadata row without forced review marker,CORE,KEEP_CORE,NON_TURNAROUND_ROLE_UNCHANGED; Gate 3 metrics recorded for v0.4 evidence only; legacy_reason=METADATA_ONLY_AUDIT; large-cap metadata row without forced review marker,OBSERVATION_ONLY,N,FAIL,INSUFFICIENT_DATA,MANUAL_REVIEW,-4.3539,N,167.5835,Y,549120.0000,377565.0000,Y,2273806.52,1971967.71,Y,-4.3539,Y,Y,28.0075,Y,2273806.52,1733713.75,Y,INSUFFICIENT_GATE2_DATA,INSUFFICIENT_DATA,yfinance,2026-05-27,2026-05-27,,v0_1_legacy_columns_preserved; non_turnaround_role_unchanged
000270.KS,기아,KR,Consumer Discretionary,Automobiles,46.6,N,EXTENDED,KEEP_EXTENDED,MARKET_CAP_BELOW_THRESHOLD; METADATA_ONLY_AUDIT; below core threshold but retained for extended monitoring,EXTENDED,KEEP_EXTENDED,NON_TURNAROUND_ROLE_UNCHANGED; Gate 3 metrics recorded for v0.4 evidence only; legacy_reason=MARKET_CAP_BELOW_THRESHOLD; METADATA_ONLY_AUDIT; below core threshold but retained for extended monitoring,OBSERVATION_ONLY,N,PASS,FAIL,PASS,-20.0485,Y,48.2448,Y,158942.0000,133711.0000,Y,1742249.38,1485116.59,Y,-20.0485,N,Y,3.9773,Y,1742249.38,1534639.40,Y,INSUFFICIENT_GATE2_DATA,INSUFFICIENT_DATA,yfinance,2026-05-27,2026-05-27,,v0_1_legacy_columns_preserved; non_turnaround_role_unchanged
068270.KS,셀트리온,KR,Health Care,Biotechnology,30.9,N,EXTENDED,KEEP_EXTENDED,MARKET_CAP_BELOW_THRESHOLD; METADATA_ONLY_AUDIT; below core threshold but retained for extended monitoring,EXTENDED,KEEP_EXTENDED,NON_TURNAROUND_ROLE_UNCHANGED; Gate 3 metrics recorded for v0.4 evidence only; legacy_reason=MARKET_CAP_BELOW_THRESHOLD; METADATA_ONLY_AUDIT; below core threshold but retained for extended monitoring,OBSERVATION_ONLY,N,FAIL,FAIL,FAIL,-21.7304,Y,8.4169,N,198808.0000,192439.0000,Y,689365.90,670821.91,Y,-21.7304,N,Y,-5.5825,N,689365.90,588929.05,Y,INSUFFICIENT_GATE2_DATA,INSUFFICIENT_DATA,yfinance,2026-05-27,2026-05-27,,v0_1_legacy_columns_preserved; non_turnaround_role_unchanged
034020.KS,두산에너빌리티,KR,Industrials,Electrical Equipment,51.5,N,CORE,KEEP_CORE,METADATA_ONLY_AUDIT; large-cap metadata row without forced review marker,CORE,KEEP_CORE,NON_TURNAROUND_ROLE_UNCHANGED; Gate 3 metrics recorded for v0.4 evidence only; legacy_reason=METADATA_ONLY_AUDIT; large-cap metadata row without forced review marker,OBSERVATION_ONLY,N,FAIL,FAIL,FAIL,-20.4545,Y,49.6552,Y,110326.0000,86611.5000,Y,4167298.62,5497885.61,N,-20.4545,N,Y,-11.5008,N,4167298.62,4797330.51,N,INSUFFICIENT_GATE2_DATA,INSUFFICIENT_DATA,yfinance,2026-05-27,2026-05-27,,v0_1_legacy_columns_preserved; non_turnaround_role_unchanged
329180.KS,HD현대중공업,KR,Industrials,Machinery,55.9,N,CORE,KEEP_CORE,METADATA_ONLY_AUDIT; large-cap metadata row without forced review marker,CORE,KEEP_CORE,NON_TURNAROUND_ROLE_UNCHANGED; Gate 3 metrics recorded for v0.4 evidence only; legacy_reason=METADATA_ONLY_AUDIT; large-cap metadata row without forced review marker,OBSERVATION_ONLY,N,FAIL,FAIL,FAIL,-0.1342,N,69.4761,Y,582370.0000,551545.0000,Y,567455.29,354044.44,Y,-0.1342,N,Y,16.0686,Y,567455.29,450137.83,Y,INSUFFICIENT_GATE2_DATA,INSUFFICIENT_DATA,yfinance,2026-05-27,2026-05-27,,v0_1_legacy_columns_preserved; non_turnaround_role_unchanged
012450.KS,한화에어로스페이스,KR,Industrials,Aerospace & Defense,46.1,N,EXTENDED,KEEP_EXTENDED,MARKET_CAP_BELOW_THRESHOLD; METADATA_ONLY_AUDIT; below core threshold but retained for extended monitoring,EXTENDED,KEEP_EXTENDED,NON_TURNAROUND_ROLE_UNCHANGED; Gate 3 metrics recorded for v0.4 evidence only; legacy_reason=MARKET_CAP_BELOW_THRESHOLD; METADATA_ONLY_AUDIT; below core threshold but retained for extended monitoring,OBSERVATION_ONLY,N,FAIL,FAIL,FAIL,-19.0631,N,53.0135,Y,1377920.0000,1123805.0000,Y,225606.76,256861.27,N,-19.0631,N,Y,-12.7018,N,225606.76,278147.49,N,INSUFFICIENT_GATE2_DATA,INSUFFICIENT_DATA,yfinance,2026-05-27,2026-05-27,,v0_1_legacy_columns_preserved; non_turnaround_role_unchanged
042660.KS,한화오션,KR,Industrials,Machinery,29.5,N,EXTENDED,KEEP_EXTENDED,MARKET_CAP_BELOW_THRESHOLD; METADATA_ONLY_AUDIT; below core threshold but retained for extended monitoring,EXTENDED,KEEP_EXTENDED,NON_TURNAROUND_ROLE_UNCHANGED; Gate 3 metrics recorded for v0.4 evidence only; legacy_reason=MARKET_CAP_BELOW_THRESHOLD; METADATA_ONLY_AUDIT; below core threshold but retained for extended monitoring,OBSERVATION_ONLY,N,FAIL,FAIL,FAIL,-10.0067,N,30.3382,Y,126132.0000,122930.7500,Y,1857491.05,2080138.79,N,-10.0067,Y,Y,0.3720,N,1857491.05,1861273.57,N,INSUFFICIENT_GATE2_DATA,INSUFFICIENT_DATA,yfinance,2026-05-27,2026-05-27,,v0_1_legacy_columns_preserved; non_turnaround_role_unchanged
028260.KS,삼성물산,KR,Industrials,Industrial Conglomerates,47.6,N,EXTENDED,KEEP_EXTENDED,MARKET_CAP_BELOW_THRESHOLD; METADATA_ONLY_AUDIT; below core threshold but retained for extended monitoring,EXTENDED,KEEP_EXTENDED,NON_TURNAROUND_ROLE_UNCHANGED; Gate 3 metrics recorded for v0.4 evidence only; legacy_reason=MARKET_CAP_BELOW_THRESHOLD; METADATA_ONLY_AUDIT; below core threshold but retained for extended monitoring,OBSERVATION_ONLY,N,FAIL,INSUFFICIENT_DATA,MANUAL_REVIEW,-9.1814,N,92.7230,Y,327190.0000,256679.5000,Y,705679.81,466404.33,Y,-9.1814,Y,Y,28.2812,Y,705679.81,536630.32,Y,INSUFFICIENT_GATE2_DATA,INSUFFICIENT_DATA,yfinance,2026-05-27,2026-05-27,,v0_1_legacy_columns_preserved; non_turnaround_role_unchanged
006400.KS,삼성SDI,KR,Industrials,Electrical Equipment,37.0,N,EXTENDED,KEEP_EXTENDED,MARKET_CAP_BELOW_THRESHOLD; METADATA_ONLY_AUDIT; below core threshold but retained for extended monitoring,EXTENDED,KEEP_EXTENDED,NON_TURNAROUND_ROLE_UNCHANGED; Gate 3 metrics recorded for v0.4 evidence only; legacy_reason=MARKET_CAP_BELOW_THRESHOLD; METADATA_ONLY_AUDIT; below core threshold but retained for extended monitoring,OBSERVATION_ONLY,N,FAIL,FAIL,FAIL,-11.5169,N,140.0000,Y,539000.0000,351120.5000,Y,791323.05,842709.75,N,-11.5169,Y,Y,0.0000,N,791323.05,866919.24,N,INSUFFICIENT_GATE2_DATA,INSUFFICIENT_DATA,yfinance,2026-05-27,2026-05-27,,v0_1_legacy_columns_preserved; non_turnaround_role_unchanged
005490.KS,POSCO홀딩스,KR,Materials,Metals & Mining,25.0,N,EXTENDED,KEEP_EXTENDED,ADR_LISTING_RISK; MARKET_CAP_BELOW_THRESHOLD; METADATA_ONLY_AUDIT; below core threshold but retained for extended monitoring,EXTENDED,KEEP_EXTENDED,NON_TURNAROUND_ROLE_UNCHANGED; Gate 3 metrics recorded for v0.4 evidence only; legacy_reason=ADR_LISTING_RISK; MARKET_CAP_BELOW_THRESHOLD; METADATA_ONLY_AUDIT; below core threshold but retained for extended monitoring,OBSERVATION_ONLY,N,PASS,FAIL,PASS,-20.8411,Y,42.3529,Y,403700.0000,338650.0000,Y,670012.57,529132.71,Y,-20.8411,N,Y,3.1669,Y,670012.57,516145.35,Y,INSUFFICIENT_GATE2_DATA,INSUFFICIENT_DATA,yfinance,2026-05-27,2026-05-27,,v0_1_legacy_columns_preserved; non_turnaround_role_unchanged
035420.KS,NAVER,KR,Communication Services,Interactive Media,22.4,N,EXTENDED,KEEP_EXTENDED,MARKET_CAP_BELOW_THRESHOLD; METADATA_ONLY_AUDIT; below core threshold but retained for extended monitoring,EXTENDED,KEEP_EXTENDED,NON_TURNAROUND_ROLE_UNCHANGED; Gate 3 metrics recorded for v0.4 evidence only; legacy_reason=MARKET_CAP_BELOW_THRESHOLD; METADATA_ONLY_AUDIT; below core threshold but retained for extended monitoring,OBSERVATION_ONLY,N,FAIL,FAIL,FAIL,-31.5663,Y,3.8120,N,208608.0000,236123.2500,N,916589.14,1115471.76,N,-31.5663,N,N,-8.5977,N,916589.14,853608.14,Y,INSUFFICIENT_GATE2_DATA,INSUFFICIENT_DATA,yfinance,2026-05-27,2026-05-27,,v0_1_legacy_columns_preserved; non_turnaround_role_unchanged
267260.KS,HD현대일렉트릭,KR,Industrials,Electrical Equipment,29.6,N,EXTENDED,KEEP_EXTENDED,MARKET_CAP_BELOW_THRESHOLD; METADATA_ONLY_AUDIT; below core threshold but retained for extended monitoring,EXTENDED,KEEP_EXTENDED,NON_TURNAROUND_ROLE_UNCHANGED; Gate 3 metrics recorded for v0.4 evidence only; legacy_reason=MARKET_CAP_BELOW_THRESHOLD; METADATA_ONLY_AUDIT; below core threshold but retained for extended monitoring,OBSERVATION_ONLY,N,PASS,FAIL,PASS,-22.9577,Y,46.6488,Y,1085440.0000,836447.5000,Y,196018.14,163147.06,Y,-22.9577,N,Y,-3.1001,N,196018.14,166591.46,Y,INSUFFICIENT_GATE2_DATA,INSUFFICIENT_DATA,yfinance,2026-05-27,2026-05-27,,v0_1_legacy_columns_preserved; non_turnaround_role_unchanged
105560.KS,KB금융,KR,Financials,Banks,41.9,N,EXTENDED,KEEP_EXTENDED,HOLDING_COMPANY_NATURE; MARKET_CAP_BELOW_THRESHOLD; METADATA_ONLY_AUDIT; below core threshold but retained for extended monitoring,EXTENDED,KEEP_EXTENDED,NON_TURNAROUND_ROLE_UNCHANGED; Gate 3 metrics recorded for v0.4 evidence only; legacy_reason=HOLDING_COMPANY_NATURE; MARKET_CAP_BELOW_THRESHOLD; METADATA_ONLY_AUDIT; below core threshold but retained for extended monitoring,OBSERVATION_ONLY,N,FAIL,FAIL,FAIL,-8.8863,N,27.8470,Y,154590.0000,133257.0000,Y,1270453.19,1158337.58,Y,-8.8863,Y,Y,-2.6582,N,1270453.19,1265571.33,Y,INSUFFICIENT_GATE2_DATA,INSUFFICIENT_DATA,yfinance,2026-05-27,2026-05-27,,v0_1_legacy_columns_preserved; non_turnaround_role_unchanged
298040.KS,효성중공업,KR,Industrials,Electrical Equipment,25.5,N,EXTENDED,KEEP_EXTENDED,MARKET_CAP_BELOW_THRESHOLD; METADATA_ONLY_AUDIT; below core threshold but retained for extended monitoring,EXTENDED,KEEP_EXTENDED,NON_TURNAROUND_ROLE_UNCHANGED; Gate 3 metrics recorded for v0.4 evidence only; legacy_reason=MARKET_CAP_BELOW_THRESHOLD; METADATA_ONLY_AUDIT; below core threshold but retained for extended monitoring,OBSERVATION_ONLY,N,FAIL,FAIL,FAIL,-19.9957,N,109.5048,Y,3302740.0000,2224060.0000,Y,66022.38,58833.71,Y,-19.9957,N,Y,12.6377,Y,66022.38,53440.29,Y,INSUFFICIENT_GATE2_DATA,INSUFFICIENT_DATA,yfinance,2026-05-27,2026-05-27,,v0_1_legacy_columns_preserved; non_turnaround_role_unchanged
010120.KS,LS ELECTRIC,KR,Industrials,Electrical Equipment,30.5,N,EXTENDED,KEEP_EXTENDED,MARKET_CAP_BELOW_THRESHOLD; METADATA_ONLY_AUDIT; below core threshold but retained for extended monitoring,EXTENDED,KEEP_EXTENDED,NON_TURNAROUND_ROLE_UNCHANGED; Gate 3 metrics recorded for v0.4 evidence only; legacy_reason=MARKET_CAP_BELOW_THRESHOLD; METADATA_ONLY_AUDIT; below core threshold but retained for extended monitoring,OBSERVATION_ONLY,N,FAIL,FAIL,FAIL,-17.8964,N,199.8853,Y,213748.0000,120592.0000,Y,1507721.95,1074790.25,Y,-17.8964,N,Y,20.5069,Y,1507721.95,1101298.05,Y,INSUFFICIENT_GATE2_DATA,INSUFFICIENT_DATA,yfinance,2026-05-27,2026-05-27,,v0_1_legacy_columns_preserved; non_turnaround_role_unchanged
055550.KS,신한지주,KR,Financials,Banks,32.5,N,EXTENDED,KEEP_EXTENDED,HOLDING_COMPANY_NATURE; MARKET_CAP_BELOW_THRESHOLD; METADATA_ONLY_AUDIT; below core threshold but retained for extended monitoring,EXTENDED,KEEP_EXTENDED,NON_TURNAROUND_ROLE_UNCHANGED; Gate 3 metrics recorded for v0.4 evidence only; legacy_reason=HOLDING_COMPANY_NATURE; MARKET_CAP_BELOW_THRESHOLD; METADATA_ONLY_AUDIT; below core threshold but retained for extended monitoring,OBSERVATION_ONLY,N,FAIL,FAIL,FAIL,-10.3774,N,25.3298,Y,95844.0000,82188.0000,Y,1323773.38,1372290.79,N,-10.3774,Y,Y,-4.9049,N,1323773.38,1473505.25,N,INSUFFICIENT_GATE2_DATA,INSUFFICIENT_DATA,yfinance,2026-05-27,2026-05-27,,v0_1_legacy_columns_preserved; non_turnaround_role_unchanged
034730.KS,SK,KR,Industrials,Industrial Conglomerates,34.0,N,EXTENDED,KEEP_EXTENDED,HOLDING_COMPANY_NATURE; MARKET_CAP_BELOW_THRESHOLD; METADATA_ONLY_AUDIT; below core threshold but retained for extended monitoring,EXTENDED,KEEP_EXTENDED,NON_TURNAROUND_ROLE_UNCHANGED; Gate 3 metrics recorded for v0.4 evidence only; legacy_reason=HOLDING_COMPANY_NATURE; MARKET_CAP_BELOW_THRESHOLD; METADATA_ONLY_AUDIT; below core threshold but retained for extended monitoring,OBSERVATION_ONLY,N,FAIL,FAIL,FAIL,0.0000,N,177.5510,Y,420170.0000,299905.5000,Y,282011.71,237304.72,Y,0.0000,N,Y,71.5006,Y,282011.71,252173.44,Y,INSUFFICIENT_GATE2_DATA,INSUFFICIENT_DATA,yfinance,2026-05-27,2026-05-27,,v0_1_legacy_columns_preserved; non_turnaround_role_unchanged
012330.KS,현대모비스,KR,Consumer Discretionary,Automobile Components,43.0,N,EXTENDED,KEEP_EXTENDED,MARKET_CAP_BELOW_THRESHOLD; METADATA_ONLY_AUDIT; below core threshold but retained for extended monitoring,EXTENDED,KEEP_EXTENDED,NON_TURNAROUND_ROLE_UNCHANGED; Gate 3 metrics recorded for v0.4 evidence only; legacy_reason=MARKET_CAP_BELOW_THRESHOLD; METADATA_ONLY_AUDIT; below core threshold but retained for extended monitoring,OBSERVATION_ONLY,N,FAIL,FAIL,FAIL,0.0000,N,134.4123,Y,462420.0000,379732.5000,Y,857938.24,460862.90,Y,0.0000,N,Y,55.4802,Y,857938.24,505998.73,Y,INSUFFICIENT_GATE2_DATA,INSUFFICIENT_DATA,yfinance,2026-05-27,2026-05-27,,v0_1_legacy_columns_preserved; non_turnaround_role_unchanged
010130.KS,고려아연,KR,Materials,Metals & Mining,21.5,N,EXTENDED,KEEP_EXTENDED,MARKET_CAP_BELOW_THRESHOLD; METADATA_ONLY_AUDIT; below core threshold but retained for extended monitoring,EXTENDED,KEEP_EXTENDED,NON_TURNAROUND_ROLE_UNCHANGED; Gate 3 metrics recorded for v0.4 evidence only; legacy_reason=MARKET_CAP_BELOW_THRESHOLD; METADATA_ONLY_AUDIT; below core threshold but retained for extended monitoring,OBSERVATION_ONLY,N,FAIL,FAIL,FAIL,-33.9953,Y,29.4991,Y,1553460.0000,1321805.0000,Y,41329.57,53893.15,N,-33.9953,N,Y,-16.6069,N,41329.57,40713.62,Y,INSUFFICIENT_GATE2_DATA,INSUFFICIENT_DATA,yfinance,2026-05-27,2026-05-27,,v0_1_legacy_columns_preserved; non_turnaround_role_unchanged
051910.KS,LG화학,KR,Materials,Chemicals,17.7,N,EXTENDED,KEEP_EXTENDED,MARKET_CAP_BELOW_THRESHOLD; METADATA_ONLY_AUDIT; below core threshold but retained for extended monitoring,EXTENDED,KEEP_EXTENDED,NON_TURNAROUND_ROLE_UNCHANGED; Gate 3 metrics recorded for v0.4 evidence only; legacy_reason=MARKET_CAP_BELOW_THRESHOLD; METADATA_ONLY_AUDIT; below core threshold but retained for extended monitoring,OBSERVATION_ONLY,N,FAIL,FAIL,FAIL,-22.9336,Y,14.1379,N,353790.0000,337377.5000,Y,399529.90,353187.75,Y,-22.9336,N,Y,-15.4534,N,399529.90,396508.00,Y,INSUFFICIENT_GATE2_DATA,INSUFFICIENT_DATA,yfinance,2026-05-27,2026-05-27,,v0_1_legacy_columns_preserved; non_turnaround_role_unchanged
032830.KS,삼성생명,KR,Financials,Insurance,49.7,N,EXTENDED,KEEP_EXTENDED,MARKET_CAP_BELOW_THRESHOLD; METADATA_ONLY_AUDIT; below core threshold but retained for extended monitoring,EXTENDED,KEEP_EXTENDED,NON_TURNAROUND_ROLE_UNCHANGED; Gate 3 metrics recorded for v0.4 evidence only; legacy_reason=MARKET_CAP_BELOW_THRESHOLD; METADATA_ONLY_AUDIT; below core threshold but retained for extended monitoring,OBSERVATION_ONLY,N,FAIL,FAIL,FAIL,-2.7435,N,144.8204,Y,261110.0000,187832.5000,Y,518854.86,372310.40,Y,-2.7435,N,Y,38.7476,Y,518854.86,440712.48,Y,INSUFFICIENT_GATE2_DATA,INSUFFICIENT_DATA,yfinance,2026-05-27,2026-05-27,,v0_1_legacy_columns_preserved; non_turnaround_role_unchanged
009540.KS,HD한국조선해양,KR,Industrials,Machinery,22.5,N,EXTENDED,KEEP_EXTENDED,HOLDING_COMPANY_NATURE; MARKET_CAP_BELOW_THRESHOLD; METADATA_ONLY_AUDIT; below core threshold but retained for extended monitoring,EXTENDED,KEEP_EXTENDED,NON_TURNAROUND_ROLE_UNCHANGED; Gate 3 metrics recorded for v0.4 evidence only; legacy_reason=HOLDING_COMPANY_NATURE; MARKET_CAP_BELOW_THRESHOLD; METADATA_ONLY_AUDIT; below core threshold but retained for extended monitoring,OBSERVATION_ONLY,N,FAIL,FAIL,FAIL,-8.1335,N,28.0523,Y,416320.0000,415425.0000,Y,248167.24,228240.34,Y,-8.1335,Y,Y,-4.4469,N,248167.24,244744.02,Y,INSUFFICIENT_GATE2_DATA,INSUFFICIENT_DATA,yfinance,2026-05-27,2026-05-27,,v0_1_legacy_columns_preserved; non_turnaround_role_unchanged
000810.KS,삼성화재,KR,Financials,Insurance,18.5,N,EXTENDED,KEEP_EXTENDED,MARKET_CAP_BELOW_THRESHOLD; METADATA_ONLY_AUDIT; below core threshold but retained for extended monitoring,EXTENDED,KEEP_EXTENDED,NON_TURNAROUND_ROLE_UNCHANGED; Gate 3 metrics recorded for v0.4 evidence only; legacy_reason=MARKET_CAP_BELOW_THRESHOLD; METADATA_ONLY_AUDIT; below core threshold but retained for extended monitoring,OBSERVATION_ONLY,N,FAIL,INSUFFICIENT_DATA,MANUAL_REVIEW,-8.4127,N,30.9875,Y,486540.0000,480635.0000,Y,204589.05,125305.05,Y,-8.4127,Y,Y,24.6220,Y,204589.05,155129.83,Y,INSUFFICIENT_GATE2_DATA,INSUFFICIENT_DATA,yfinance,2026-05-27,2026-05-27,,v0_1_legacy_columns_preserved; non_turnaround_role_unchanged
079550.KS,LIG넥스원,KR,Industrials,Aerospace & Defense,14.3,N,EXTENDED,KEEP_EXTENDED,MARKET_CAP_BELOW_THRESHOLD; METADATA_ONLY_AUDIT; below core threshold but retained for extended monitoring,EXTENDED,KEEP_EXTENDED,NON_TURNAROUND_ROLE_UNCHANGED; Gate 3 metrics recorded for v0.4 evidence only; legacy_reason=MARKET_CAP_BELOW_THRESHOLD; METADATA_ONLY_AUDIT; below core threshold but retained for extended monitoring,OBSERVATION_ONLY,N,FAIL,FAIL,FAIL,-14.2157,N,140.0549,Y,844460.0000,580190.0000,Y,293921.67,312689.48,N,-14.2157,Y,Y,-9.4203,N,293921.67,478305.37,N,INSUFFICIENT_GATE2_DATA,INSUFFICIENT_DATA,yfinance,2026-05-27,2026-05-27,,v0_1_legacy_columns_preserved; non_turnaround_role_unchanged
066570.KS,LG전자,KR,Consumer Discretionary,Household Durables,27.9,N,EXTENDED,KEEP_EXTENDED,MARKET_CAP_BELOW_THRESHOLD; METADATA_ONLY_AUDIT; below core threshold but retained for extended monitoring,EXTENDED,KEEP_EXTENDED,NON_TURNAROUND_ROLE_UNCHANGED; Gate 3 metrics recorded for v0.4 evidence only; legacy_reason=MARKET_CAP_BELOW_THRESHOLD; METADATA_ONLY_AUDIT; below core threshold but retained for extended monitoring,OBSERVATION_ONLY,N,FAIL,FAIL,FAIL,-2.2869,N,179.7619,Y,143636.0000,104585.0000,Y,3542249.52,1659326.82,Y,-2.2869,N,Y,80.9084,Y,3542249.52,1903578.97,Y,INSUFFICIENT_GATE2_DATA,INSUFFICIENT_DATA,yfinance,2026-05-27,2026-05-27,,v0_1_legacy_columns_preserved; non_turnaround_role_unchanged
011200.KS,HMM,KR,Industrials,Marine Transportation,13.6,N,EXTENDED,KEEP_EXTENDED,MARKET_CAP_BELOW_THRESHOLD; METADATA_ONLY_AUDIT; below core threshold but retained for extended monitoring,EXTENDED,KEEP_EXTENDED,NON_TURNAROUND_ROLE_UNCHANGED; Gate 3 metrics recorded for v0.4 evidence only; legacy_reason=MARKET_CAP_BELOW_THRESHOLD; METADATA_ONLY_AUDIT; below core threshold but retained for extended monitoring,OBSERVATION_ONLY,N,FAIL,FAIL,FAIL,-23.9306,Y,5.7878,N,20471.4000,20946.9500,N,1391605.33,1838283.63,N,-23.9306,N,N,-4.8675,N,1391605.33,1975531.06,N,INSUFFICIENT_GATE2_DATA,INSUFFICIENT_DATA,yfinance,2026-05-27,2026-05-27,,v0_1_legacy_columns_preserved; non_turnaround_role_unchanged
011070.KS,LG이노텍,KR,Information Technology,Electronic Components,18.1,N,EXTENDED,KEEP_EXTENDED,MARKET_CAP_BELOW_THRESHOLD; METADATA_ONLY_AUDIT; below core threshold but retained for extended monitoring,EXTENDED,KEEP_EXTENDED,NON_TURNAROUND_ROLE_UNCHANGED; Gate 3 metrics recorded for v0.4 evidence only; legacy_reason=MARKET_CAP_BELOW_THRESHOLD; METADATA_ONLY_AUDIT; below core threshold but retained for extended monitoring,OBSERVATION_ONLY,N,FAIL,FAIL,FAIL,-2.2472,N,351.9481,Y,499830.0000,296772.0000,Y,383679.57,253887.67,Y,-2.2472,N,Y,108.8000,Y,383679.57,316908.48,Y,INSUFFICIENT_GATE2_DATA,INSUFFICIENT_DATA,yfinance,2026-05-27,2026-05-27,,v0_1_legacy_columns_preserved; non_turnaround_role_unchanged
042700.KS,한미반도체,KR,Information Technology,Semiconductor Equipment,22.4,N,EXTENDED,KEEP_EXTENDED,MARKET_CAP_BELOW_THRESHOLD; METADATA_ONLY_AUDIT; below core threshold but retained for extended monitoring,EXTENDED,KEEP_EXTENDED,NON_TURNAROUND_ROLE_UNCHANGED; Gate 3 metrics recorded for v0.4 evidence only; legacy_reason=MARKET_CAP_BELOW_THRESHOLD; METADATA_ONLY_AUDIT; below core threshold but retained for extended monitoring,OBSERVATION_ONLY,N,FAIL,FAIL,FAIL,-22.1001,Y,174.7631,Y,314140.0000,186409.5000,Y,1520099.90,1578520.73,N,-22.1001,N,Y,8.6882,Y,1520099.90,1366008.46,Y,INSUFFICIENT_GATE2_DATA,INSUFFICIENT_DATA,yfinance,2026-05-27,2026-05-27,,v0_1_legacy_columns_preserved; non_turnaround_role_unchanged
272210.KS,한화시스템,KR,Industrials,Aerospace & Defense,15.5,N,EXTENDED,KEEP_EXTENDED,MARKET_CAP_BELOW_THRESHOLD; METADATA_ONLY_AUDIT; below core threshold but retained for extended monitoring,EXTENDED,KEEP_EXTENDED,NON_TURNAROUND_ROLE_UNCHANGED; Gate 3 metrics recorded for v0.4 evidence only; legacy_reason=MARKET_CAP_BELOW_THRESHOLD; METADATA_ONLY_AUDIT; below core threshold but retained for extended monitoring,OBSERVATION_ONLY,N,FAIL,FAIL,FAIL,-32.6368,Y,141.6759,Y,124072.0000,83089.2500,Y,894817.81,2462268.68,N,-32.6368,N,Y,-15.7571,N,894817.81,1878645.54,N,INSUFFICIENT_GATE2_DATA,INSUFFICIENT_DATA,yfinance,2026-05-27,2026-05-27,,v0_1_legacy_columns_preserved; non_turnaround_role_unchanged
033780.KS,KT&G,KR,Consumer Staples,Tobacco,13.5,N,EXTENDED,KEEP_EXTENDED,MARKET_CAP_BELOW_THRESHOLD; METADATA_ONLY_AUDIT; below core threshold but retained for extended monitoring,EXTENDED,KEEP_EXTENDED,NON_TURNAROUND_ROLE_UNCHANGED; Gate 3 metrics recorded for v0.4 evidence only; legacy_reason=MARKET_CAP_BELOW_THRESHOLD; METADATA_ONLY_AUDIT; below core threshold but retained for extended monitoring,OBSERVATION_ONLY,N,FAIL,INSUFFICIENT_DATA,MANUAL_REVIEW,-4.9206,N,28.1740,Y,169024.0000,150137.5000,Y,328326.33,316096.83,Y,-4.9206,Y,Y,5.0877,Y,328326.33,318422.38,Y,INSUFFICIENT_GATE2_DATA,INSUFFICIENT_DATA,yfinance,2026-05-27,2026-05-27,,v0_1_legacy_columns_preserved; non_turnaround_role_unchanged
086790.KS,하나금융지주,KR,Financials,Banks,23.5,N,EXTENDED,KEEP_EXTENDED,HOLDING_COMPANY_NATURE; MARKET_CAP_BELOW_THRESHOLD; METADATA_ONLY_AUDIT; below core threshold but retained for extended monitoring,EXTENDED,KEEP_EXTENDED,NON_TURNAROUND_ROLE_UNCHANGED; Gate 3 metrics recorded for v0.4 evidence only; legacy_reason=HOLDING_COMPANY_NATURE; MARKET_CAP_BELOW_THRESHOLD; METADATA_ONLY_AUDIT; below core threshold but retained for extended monitoring,OBSERVATION_ONLY,N,FAIL,FAIL,FAIL,-9.8248,N,32.2905,Y,117936.0000,100650.0000,Y,948984.86,851580.24,Y,-9.8248,Y,Y,-2.0678,N,948984.86,942941.84,Y,INSUFFICIENT_GATE2_DATA,INSUFFICIENT_DATA,yfinance,2026-05-27,2026-05-27,,v0_1_legacy_columns_preserved; non_turnaround_role_unchanged
000150.KS,두산,KR,Industrials,Industrial Conglomerates,20.6,N,EXTENDED,KEEP_EXTENDED,HOLDING_COMPANY_NATURE; MARKET_CAP_BELOW_THRESHOLD; METADATA_ONLY_AUDIT; below core threshold but retained for extended monitoring,EXTENDED,KEEP_EXTENDED,NON_TURNAROUND_ROLE_UNCHANGED; Gate 3 metrics recorded for v0.4 evidence only; legacy_reason=HOLDING_COMPANY_NATURE; MARKET_CAP_BELOW_THRESHOLD; METADATA_ONLY_AUDIT; below core threshold but retained for extended monitoring,OBSERVATION_ONLY,N,FAIL,FAIL,FAIL,-5.6136,N,129.5850,Y,1396800.0000,942850.0000,Y,86586.86,119050.52,N,-5.6136,Y,Y,18.9320,Y,86586.86,93555.24,N,INSUFFICIENT_GATE2_DATA,INSUFFICIENT_DATA,yfinance,2026-05-27,2026-05-27,,v0_1_legacy_columns_preserved; non_turnaround_role_unchanged
259960.KS,크래프톤,KR,Communication Services,Entertainment,8.6,N,EXTENDED,KEEP_EXTENDED,MARKET_CAP_BELOW_THRESHOLD; METADATA_ONLY_AUDIT; sub-10B row retained outside core classification,EXTENDED,KEEP_EXTENDED,NON_TURNAROUND_ROLE_UNCHANGED; Gate 3 metrics recorded for v0.4 evidence only; legacy_reason=MARKET_CAP_BELOW_THRESHOLD; METADATA_ONLY_AUDIT; sub-10B row retained outside core classification,OBSERVATION_ONLY,N,FAIL,FAIL,FAIL,-33.9378,Y,20.8531,Y,257430.0000,270165.0000,N,195863.52,135118.94,Y,-33.9378,N,N,-4.3152,N,195863.52,161011.70,Y,INSUFFICIENT_GATE2_DATA,INSUFFICIENT_DATA,yfinance,2026-05-27,2026-05-27,,v0_1_legacy_columns_preserved; non_turnaround_role_unchanged
064350.KS,현대로템,KR,Industrials,Machinery,16.7,N,EXTENDED,KEEP_EXTENDED,MARKET_CAP_BELOW_THRESHOLD; METADATA_ONLY_AUDIT; below core threshold but retained for extended monitoring,EXTENDED,KEEP_EXTENDED,NON_TURNAROUND_ROLE_UNCHANGED; Gate 3 metrics recorded for v0.4 evidence only; legacy_reason=MARKET_CAP_BELOW_THRESHOLD; METADATA_ONLY_AUDIT; below core threshold but retained for extended monitoring,OBSERVATION_ONLY,N,PASS,FAIL,PASS,-23.0483,Y,22.5577,Y,210480.0000,205575.0000,Y,885332.76,848114.63,Y,-23.0483,N,Y,-12.1019,N,885332.76,946583.32,N,INSUFFICIENT_GATE2_DATA,INSUFFICIENT_DATA,yfinance,2026-05-27,2026-05-27,,v0_1_legacy_columns_preserved; non_turnaround_role_unchanged
267250.KS,HD현대,KR,Industrials,Industrial Conglomerates,16.3,N,EXTENDED,KEEP_EXTENDED,HOLDING_COMPANY_NATURE; MARKET_CAP_BELOW_THRESHOLD; METADATA_ONLY_AUDIT; below core threshold but retained for extended monitoring,EXTENDED,KEEP_EXTENDED,NON_TURNAROUND_ROLE_UNCHANGED; Gate 3 metrics recorded for v0.4 evidence only; legacy_reason=HOLDING_COMPANY_NATURE; MARKET_CAP_BELOW_THRESHOLD; METADATA_ONLY_AUDIT; below core threshold but retained for extended monitoring,OBSERVATION_ONLY,N,FAIL,FAIL,FAIL,-8.0515,N,54.9946,Y,267670.0000,214634.5000,Y,221958.81,195880.61,Y,-8.0515,Y,Y,1.9643,N,221958.81,188054.19,Y,INSUFFICIENT_GATE2_DATA,INSUFFICIENT_DATA,yfinance,2026-05-27,2026-05-27,,v0_1_legacy_columns_preserved; non_turnaround_role_unchanged
010140.KS,삼성중공업,KR,Industrials,Machinery,19.1,N,EXTENDED,KEEP_EXTENDED,MARKET_CAP_BELOW_THRESHOLD; METADATA_ONLY_AUDIT; below core threshold but retained for extended monitoring,EXTENDED,KEEP_EXTENDED,NON_TURNAROUND_ROLE_UNCHANGED; Gate 3 metrics recorded for v0.4 evidence only; legacy_reason=MARKET_CAP_BELOW_THRESHOLD; METADATA_ONLY_AUDIT; below core threshold but retained for extended monitoring,OBSERVATION_ONLY,N,FAIL,FAIL,FAIL,-14.3895,N,25.3191,Y,29347.0000,25998.5500,Y,7351483.62,5763897.29,Y,-14.3895,Y,Y,-13.3824,N,7351483.62,6536638.00,Y,INSUFFICIENT_GATE2_DATA,INSUFFICIENT_DATA,yfinance,2026-05-27,2026-05-27,,v0_1_legacy_columns_preserved; non_turnaround_role_unchanged
352820.KS,하이브,KR,Communication Services,Entertainment,7.3,N,EXTENDED,KEEP_EXTENDED,MARKET_CAP_BELOW_THRESHOLD; METADATA_ONLY_AUDIT; sub-10B row retained outside core classification,EXTENDED,KEEP_EXTENDED,NON_TURNAROUND_ROLE_UNCHANGED; Gate 3 metrics recorded for v0.4 evidence only; legacy_reason=MARKET_CAP_BELOW_THRESHOLD; METADATA_ONLY_AUDIT; sub-10B row retained outside core classification,OBSERVATION_ONLY,N,FAIL,FAIL,FAIL,-42.3980,Y,2.8698,N,267530.0000,302070.0000,N,291986.00,324759.90,N,-42.3980,N,N,-5.4767,N,291986.00,311987.46,N,INSUFFICIENT_GATE2_DATA,INSUFFICIENT_DATA,yfinance,2026-05-27,2026-05-27,,v0_1_legacy_columns_preserved; non_turnaround_role_unchanged
015760.KS,한국전력,KR,Utilities,Electric Utilities,18.5,N,EXTENDED,KEEP_EXTENDED,ADR_LISTING_RISK; MARKET_CAP_BELOW_THRESHOLD; METADATA_ONLY_AUDIT; below core threshold but retained for extended monitoring,EXTENDED,KEEP_EXTENDED,NON_TURNAROUND_ROLE_UNCHANGED; Gate 3 metrics recorded for v0.4 evidence only; legacy_reason=ADR_LISTING_RISK; MARKET_CAP_BELOW_THRESHOLD; METADATA_ONLY_AUDIT; below core threshold but retained for extended monitoring,OBSERVATION_ONLY,N,FAIL,FAIL,FAIL,-41.8262,Y,7.0461,N,43557.0000,46166.2500,N,2485139.19,3440574.68,N,-41.8262,N,N,-14.5022,N,2485139.19,2873765.60,N,INSUFFICIENT_GATE2_DATA,INSUFFICIENT_DATA,yfinance,2026-05-27,2026-05-27,,v0_1_legacy_columns_preserved; non_turnaround_role_unchanged
316140.KS,우리금융지주,KR,Financials,Banks,16.2,N,EXTENDED,KEEP_EXTENDED,HOLDING_COMPANY_NATURE; MARKET_CAP_BELOW_THRESHOLD; METADATA_ONLY_AUDIT; below core threshold but retained for extended monitoring,EXTENDED,KEEP_EXTENDED,NON_TURNAROUND_ROLE_UNCHANGED; Gate 3 metrics recorded for v0.4 evidence only; legacy_reason=HOLDING_COMPANY_NATURE; MARKET_CAP_BELOW_THRESHOLD; METADATA_ONLY_AUDIT; below core threshold but retained for extended monitoring,OBSERVATION_ONLY,N,PASS,FAIL,PASS,-24.8775,Y,19.0291,Y,32930.0000,29213.5000,Y,2525644.00,2181289.21,Y,-24.8775,N,Y,-12.0516,N,2525644.00,2396986.10,Y,INSUFFICIENT_GATE2_DATA,INSUFFICIENT_DATA,yfinance,2026-05-27,2026-05-27,,v0_1_legacy_columns_preserved; non_turnaround_role_unchanged
003670.KS,포스코퓨처엠,KR,Materials,Chemicals,15.3,N,EXTENDED,KEEP_EXTENDED,MARKET_CAP_BELOW_THRESHOLD; METADATA_ONLY_AUDIT; below core threshold but retained for extended monitoring,EXTENDED,KEEP_EXTENDED,NON_TURNAROUND_ROLE_UNCHANGED; Gate 3 metrics recorded for v0.4 evidence only; legacy_reason=MARKET_CAP_BELOW_THRESHOLD; METADATA_ONLY_AUDIT; below core threshold but retained for extended monitoring,OBSERVATION_ONLY,N,FAIL,FAIL,FAIL,-22.6351,Y,30.1876,Y,230366.0000,199231.5000,Y,424372.05,438875.93,N,-22.6351,N,Y,-6.9106,N,424372.05,429976.41,N,INSUFFICIENT_GATE2_DATA,INSUFFICIENT_DATA,yfinance,2026-05-27,2026-05-27,,v0_1_legacy_columns_preserved; non_turnaround_role_unchanged
096770.KS,SK이노베이션,KR,Energy,Oil Gas & Consumable Fuels,14.7,N,EXTENDED,KEEP_EXTENDED,MARKET_CAP_BELOW_THRESHOLD; METADATA_ONLY_AUDIT; below core threshold but retained for extended monitoring,EXTENDED,KEEP_EXTENDED,NON_TURNAROUND_ROLE_UNCHANGED; Gate 3 metrics recorded for v0.4 evidence only; legacy_reason=MARKET_CAP_BELOW_THRESHOLD; METADATA_ONLY_AUDIT; below core threshold but retained for extended monitoring,OBSERVATION_ONLY,N,PASS,FAIL,PASS,-22.9640,Y,15.7472,Y,123594.0000,115038.0000,Y,865703.00,593591.40,Y,-22.9640,N,Y,-13.3634,N,865703.00,813862.92,Y,INSUFFICIENT_GATE2_DATA,INSUFFICIENT_DATA,yfinance,2026-05-27,2026-05-27,,v0_1_legacy_columns_preserved; non_turnaround_role_unchanged
138040.KS,메리츠금융지주,KR,Financials,Insurance,12.7,N,EXTENDED,KEEP_EXTENDED,HOLDING_COMPANY_NATURE; MARKET_CAP_BELOW_THRESHOLD; METADATA_ONLY_AUDIT; below core threshold but retained for extended monitoring,EXTENDED,KEEP_EXTENDED,NON_TURNAROUND_ROLE_UNCHANGED; Gate 3 metrics recorded for v0.4 evidence only; legacy_reason=HOLDING_COMPANY_NATURE; MARKET_CAP_BELOW_THRESHOLD; METADATA_ONLY_AUDIT; below core threshold but retained for extended monitoring,OBSERVATION_ONLY,N,FAIL,FAIL,FAIL,-28.3858,Y,3.1527,N,112298.0000,114936.0000,N,301559.81,285530.16,Y,-28.3858,N,N,-10.4363,N,301559.81,285683.89,Y,INSUFFICIENT_GATE2_DATA,INSUFFICIENT_DATA,yfinance,2026-05-27,2026-05-27,,v0_1_legacy_columns_preserved; non_turnaround_role_unchanged
006260.KS,LS,KR,Industrials,Industrial Conglomerates,12.3,N,EXTENDED,KEEP_EXTENDED,HOLDING_COMPANY_NATURE; MARKET_CAP_BELOW_THRESHOLD; METADATA_ONLY_AUDIT; below core threshold but retained for extended monitoring,EXTENDED,KEEP_EXTENDED,NON_TURNAROUND_ROLE_UNCHANGED; Gate 3 metrics recorded for v0.4 evidence only; legacy_reason=HOLDING_COMPANY_NATURE; MARKET_CAP_BELOW_THRESHOLD; METADATA_ONLY_AUDIT; below core threshold but retained for extended monitoring,OBSERVATION_ONLY,N,FAIL,INSUFFICIENT_DATA,MANUAL_REVIEW,-8.1374,N,192.1219,Y,378610.0000,244432.5000,Y,302310.48,215226.94,Y,-8.1374,Y,Y,35.8289,Y,302310.48,223764.06,Y,INSUFFICIENT_GATE2_DATA,INSUFFICIENT_DATA,yfinance,2026-05-27,2026-05-27,,v0_1_legacy_columns_preserved; non_turnaround_role_unchanged
086280.KS,현대글로비스,KR,Industrials,Air Freight & Logistics,12.6,N,EXTENDED,KEEP_EXTENDED,MARKET_CAP_BELOW_THRESHOLD; METADATA_ONLY_AUDIT; below core threshold but retained for extended monitoring,EXTENDED,KEEP_EXTENDED,NON_TURNAROUND_ROLE_UNCHANGED; Gate 3 metrics recorded for v0.4 evidence only; legacy_reason=MARKET_CAP_BELOW_THRESHOLD; METADATA_ONLY_AUDIT; below core threshold but retained for extended monitoring,OBSERVATION_ONLY,N,PASS,FAIL,PASS,-20.9983,Y,44.8864,Y,228250.0000,203086.0000,Y,539585.90,346951.71,Y,-20.9983,N,Y,-0.2174,N,539585.90,329295.98,Y,INSUFFICIENT_GATE2_DATA,INSUFFICIENT_DATA,yfinance,2026-05-27,2026-05-27,,v0_1_legacy_columns_preserved; non_turnaround_role_unchanged
307950.KS,현대오토에버,KR,Information Technology,Software,12.5,N,EXTENDED,KEEP_EXTENDED,MARKET_CAP_BELOW_THRESHOLD; METADATA_ONLY_AUDIT; below core threshold but retained for extended monitoring,EXTENDED,KEEP_EXTENDED,NON_TURNAROUND_ROLE_UNCHANGED; Gate 3 metrics recorded for v0.4 evidence only; legacy_reason=MARKET_CAP_BELOW_THRESHOLD; METADATA_ONLY_AUDIT; below core threshold but retained for extended monitoring,OBSERVATION_ONLY,N,FAIL,FAIL,FAIL,0.0000,N,315.9869,Y,472220.0000,318746.5000,Y,358712.48,320774.12,Y,0.0000,N,Y,73.8636,Y,358712.48,220149.52,Y,INSUFFICIENT_GATE2_DATA,INSUFFICIENT_DATA,yfinance,2026-05-27,2026-05-27,,v0_1_legacy_columns_preserved; non_turnaround_role_unchanged
006800.KS,미래에셋증권,KR,Financials,Capital Markets,26.7,N,EXTENDED,KEEP_EXTENDED,MARKET_CAP_BELOW_THRESHOLD; METADATA_ONLY_AUDIT; below core threshold but retained for extended monitoring,EXTENDED,KEEP_EXTENDED,NON_TURNAROUND_ROLE_UNCHANGED; Gate 3 metrics recorded for v0.4 evidence only; legacy_reason=MARKET_CAP_BELOW_THRESHOLD; METADATA_ONLY_AUDIT; below core threshold but retained for extended monitoring,OBSERVATION_ONLY,N,FAIL,FAIL,FAIL,-23.0310,Y,217.7124,Y,68270.0000,39265.1499,Y,4417094.95,5444830.71,N,-23.0310,N,Y,-4.7267,N,4417094.95,4207453.35,Y,INSUFFICIENT_GATE2_DATA,INSUFFICIENT_DATA,yfinance,2026-05-27,2026-05-27,,v0_1_legacy_columns_preserved; non_turnaround_role_unchanged
003550.KS,LG,KR,Industrials,Industrial Conglomerates,13.5,N,EXTENDED,KEEP_EXTENDED,HOLDING_COMPANY_NATURE; MARKET_CAP_BELOW_THRESHOLD; METADATA_ONLY_AUDIT; below core threshold but retained for extended monitoring,EXTENDED,KEEP_EXTENDED,NON_TURNAROUND_ROLE_UNCHANGED; Gate 3 metrics recorded for v0.4 evidence only; legacy_reason=HOLDING_COMPANY_NATURE; MARKET_CAP_BELOW_THRESHOLD; METADATA_ONLY_AUDIT; below core threshold but retained for extended monitoring,OBSERVATION_ONLY,N,FAIL,INSUFFICIENT_DATA,MANUAL_REVIEW,-6.1905,N,52.1236,Y,98022.0000,86257.0000,Y,687680.67,383136.10,Y,-6.1905,Y,Y,21.3552,Y,687680.67,456607.83,Y,INSUFFICIENT_GATE2_DATA,INSUFFICIENT_DATA,yfinance,2026-05-27,2026-05-27,,v0_1_legacy_columns_preserved; non_turnaround_role_unchanged
003230.KS,삼양식품,KR,Consumer Staples,Food Products,7.0,N,EXTENDED,KEEP_EXTENDED,MARKET_CAP_BELOW_THRESHOLD; METADATA_ONLY_AUDIT; sub-10B row retained outside core classification,EXTENDED,KEEP_EXTENDED,NON_TURNAROUND_ROLE_UNCHANGED; Gate 3 metrics recorded for v0.4 evidence only; legacy_reason=MARKET_CAP_BELOW_THRESHOLD; METADATA_ONLY_AUDIT; sub-10B row retained outside core classification,OBSERVATION_ONLY,N,FAIL,FAIL,FAIL,-24.1104,Y,21.0372,Y,1269880.0000,1311335.0000,N,69479.76,62002.54,Y,-24.1104,N,N,-7.9613,N,69479.76,58856.63,Y,INSUFFICIENT_GATE2_DATA,INSUFFICIENT_DATA,yfinance,2026-05-27,2026-05-27,,v0_1_legacy_columns_preserved; non_turnaround_role_unchanged
010950.KS,S-Oil,KR,Energy,Oil Gas & Consumable Fuels,8.9,N,EXTENDED,KEEP_EXTENDED,MARKET_CAP_BELOW_THRESHOLD; METADATA_ONLY_AUDIT; sub-10B row retained outside core classification,EXTENDED,KEEP_EXTENDED,NON_TURNAROUND_ROLE_UNCHANGED; Gate 3 metrics recorded for v0.4 evidence only; legacy_reason=MARKET_CAP_BELOW_THRESHOLD; METADATA_ONLY_AUDIT; sub-10B row retained outside core classification,OBSERVATION_ONLY,N,FAIL,FAIL,FAIL,-23.4961,Y,40.9387,Y,114552.0000,89233.7500,Y,539609.24,634427.16,N,-23.4961,N,Y,-10.5132,N,539609.24,939745.13,N,INSUFFICIENT_GATE2_DATA,INSUFFICIENT_DATA,yfinance,2026-05-27,2026-05-27,,v0_1_legacy_columns_preserved; non_turnaround_role_unchanged
090430.KS,아모레퍼시픽,KR,Consumer Staples,Personal Care Products,5.0,N,EXTENDED,KEEP_EXTENDED,MARKET_CAP_BELOW_THRESHOLD; METADATA_ONLY_AUDIT; sub-10B row retained outside core classification,EXTENDED,KEEP_EXTENDED,NON_TURNAROUND_ROLE_UNCHANGED; Gate 3 metrics recorded for v0.4 evidence only; legacy_reason=MARKET_CAP_BELOW_THRESHOLD; METADATA_ONLY_AUDIT; sub-10B row retained outside core classification,OBSERVATION_ONLY,N,FAIL,FAIL,FAIL,-29.3761,Y,0.4307,N,131440.0000,128328.0000,Y,342405.00,276055.08,Y,-29.3761,N,Y,-11.8003,N,342405.00,255651.29,Y,INSUFFICIENT_GATE2_DATA,INSUFFICIENT_DATA,yfinance,2026-05-27,2026-05-27,,v0_1_legacy_columns_preserved; non_turnaround_role_unchanged
097950.KS,CJ제일제당,KR,Consumer Staples,Food Products,2.3,N,DISCOVERY_ONLY,DISCOVERY_ONLY,SMALL_CAP_KOREA; METADATA_ONLY_AUDIT; market cap metadata below core threshold,DISCOVERY_ONLY,DISCOVERY_ONLY,NON_TURNAROUND_ROLE_UNCHANGED; Gate 3 metrics recorded for v0.4 evidence only; legacy_reason=SMALL_CAP_KOREA; METADATA_ONLY_AUDIT; market cap metadata below core threshold,OBSERVATION_ONLY,N,FAIL,FAIL,FAIL,-23.3766,Y,8.6842,N,224376.0000,223194.0000,Y,71852.14,70627.98,Y,-23.3766,N,Y,-13.0526,N,71852.14,75559.54,N,INSUFFICIENT_GATE2_DATA,INSUFFICIENT_DATA,yfinance,2026-05-27,2026-05-27,,v0_1_legacy_columns_preserved; non_turnaround_role_unchanged
017670.KS,SK텔레콤,KR,Communication Services,Wireless Telecommunication,15.7,N,EXTENDED,KEEP_EXTENDED,ADR_LISTING_RISK; MARKET_CAP_BELOW_THRESHOLD; METADATA_ONLY_AUDIT; below core threshold but retained for extended monitoring,EXTENDED,KEEP_EXTENDED,NON_TURNAROUND_ROLE_UNCHANGED; Gate 3 metrics recorded for v0.4 evidence only; legacy_reason=ADR_LISTING_RISK; MARKET_CAP_BELOW_THRESHOLD; METADATA_ONLY_AUDIT; below core threshold but retained for extended monitoring,OBSERVATION_ONLY,N,FAIL,FAIL,FAIL,-5.1040,N,90.1515,Y,91434.0000,67072.5000,Y,1085397.62,1147420.48,N,-5.1040,Y,Y,1.6194,N,1085397.62,1047627.35,Y,INSUFFICIENT_GATE2_DATA,INSUFFICIENT_DATA,yfinance,2026-05-27,2026-05-27,,v0_1_legacy_columns_preserved; non_turnaround_role_unchanged
030200.KS,KT,KR,Communication Services,Wireless Telecommunication,9.8,N,EXTENDED,KEEP_EXTENDED,MARKET_CAP_BELOW_THRESHOLD; METADATA_ONLY_AUDIT; sub-10B row retained outside core classification,EXTENDED,KEEP_EXTENDED,NON_TURNAROUND_ROLE_UNCHANGED; Gate 3 metrics recorded for v0.4 evidence only; legacy_reason=MARKET_CAP_BELOW_THRESHOLD; METADATA_ONLY_AUDIT; sub-10B row retained outside core classification,OBSERVATION_ONLY,N,FAIL,FAIL,FAIL,-22.4964,Y,8.3164,N,59994.0000,55270.5000,Y,476912.48,477703.91,N,-22.4964,N,Y,-13.8710,N,476912.48,488647.56,N,INSUFFICIENT_GATE2_DATA,INSUFFICIENT_DATA,yfinance,2026-05-27,2026-05-27,,v0_1_legacy_columns_preserved; non_turnaround_role_unchanged
241560.KS,두산밥캣,KR,Industrials,Machinery,4.7,N,DISCOVERY_ONLY,DISCOVERY_ONLY,SMALL_CAP_KOREA; METADATA_ONLY_AUDIT; market cap metadata below core threshold,DISCOVERY_ONLY,DISCOVERY_ONLY,NON_TURNAROUND_ROLE_UNCHANGED; Gate 3 metrics recorded for v0.4 evidence only; legacy_reason=SMALL_CAP_KOREA; METADATA_ONLY_AUDIT; market cap metadata below core threshold,OBSERVATION_ONLY,N,FAIL,FAIL,FAIL,-11.2125,N,28.2486,Y,67332.0000,60598.0000,Y,313092.43,376781.54,N,-11.2125,Y,Y,-7.7236,N,313092.43,450166.83,N,INSUFFICIENT_GATE2_DATA,INSUFFICIENT_DATA,yfinance,2026-05-27,2026-05-27,,v0_1_legacy_columns_preserved; non_turnaround_role_unchanged
000720.KS,현대건설,KR,Industrials,Construction & Engineering,12.1,N,EXTENDED,KEEP_EXTENDED,MARKET_CAP_BELOW_THRESHOLD; METADATA_ONLY_AUDIT; below core threshold but retained for extended monitoring,EXTENDED,KEEP_EXTENDED,NON_TURNAROUND_ROLE_UNCHANGED; Gate 3 metrics recorded for v0.4 evidence only; legacy_reason=MARKET_CAP_BELOW_THRESHOLD; METADATA_ONLY_AUDIT; below core threshold but retained for extended monitoring,OBSERVATION_ONLY,N,FAIL,FAIL,FAIL,-23.9004,Y,142.1585,Y,161978.0000,100634.5000,Y,1094913.86,1790242.54,N,-23.9004,N,Y,-18.1300,N,1094913.86,1533471.65,N,INSUFFICIENT_GATE2_DATA,INSUFFICIENT_DATA,yfinance,2026-05-27,2026-05-27,,v0_1_legacy_columns_preserved; non_turnaround_role_unchanged
047810.KS,한국항공우주,KR,Industrials,Aerospace & Defense,11.8,N,EXTENDED,KEEP_EXTENDED,MARKET_CAP_BELOW_THRESHOLD; METADATA_ONLY_AUDIT; below core threshold but retained for extended monitoring,EXTENDED,KEEP_EXTENDED,NON_TURNAROUND_ROLE_UNCHANGED; Gate 3 metrics recorded for v0.4 evidence only; legacy_reason=MARKET_CAP_BELOW_THRESHOLD; METADATA_ONLY_AUDIT; below core threshold but retained for extended monitoring,OBSERVATION_ONLY,N,FAIL,FAIL,FAIL,-17.9703,N,59.4803,Y,178758.0000,136187.0000,Y,832245.38,883239.19,N,-17.9703,N,Y,-9.2055,N,832245.38,808123.06,Y,INSUFFICIENT_GATE2_DATA,INSUFFICIENT_DATA,yfinance,2026-05-27,2026-05-27,,v0_1_legacy_columns_preserved; non_turnaround_role_unchanged
018260.KS,삼성SDS,KR,Information Technology,IT Services,11.1,N,EXTENDED,KEEP_EXTENDED,MARKET_CAP_BELOW_THRESHOLD; METADATA_ONLY_AUDIT; below core threshold but retained for extended monitoring,EXTENDED,KEEP_EXTENDED,NON_TURNAROUND_ROLE_UNCHANGED; Gate 3 metrics recorded for v0.4 evidence only; legacy_reason=MARKET_CAP_BELOW_THRESHOLD; METADATA_ONLY_AUDIT; below core threshold but retained for extended monitoring,OBSERVATION_ONLY,N,FAIL,FAIL,FAIL,0.0000,N,76.3318,Y,169660.0000,167881.5000,Y,648242.19,295858.37,Y,0.0000,N,Y,46.5807,Y,648242.19,408674.03,Y,INSUFFICIENT_GATE2_DATA,INSUFFICIENT_DATA,yfinance,2026-05-27,2026-05-27,,v0_1_legacy_columns_preserved; non_turnaround_role_unchanged
009830.KS,한화솔루션,KR,Materials,Chemicals,5.5,N,EXTENDED,KEEP_EXTENDED,MARKET_CAP_BELOW_THRESHOLD; METADATA_ONLY_AUDIT; sub-10B row retained outside core classification,EXTENDED,KEEP_EXTENDED,NON_TURNAROUND_ROLE_UNCHANGED; Gate 3 metrics recorded for v0.4 evidence only; legacy_reason=MARKET_CAP_BELOW_THRESHOLD; METADATA_ONLY_AUDIT; sub-10B row retained outside core classification,OBSERVATION_ONLY,N,FAIL,FAIL,FAIL,-27.6068,Y,62.2605,Y,43526.0148,34790.3787,Y,4009565.95,4499490.22,N,-27.6068,N,Y,-9.5085,N,4009565.95,4594003.41,N,INSUFFICIENT_GATE2_DATA,INSUFFICIENT_DATA,yfinance,2026-05-27,2026-05-27,,v0_1_legacy_columns_preserved; non_turnaround_role_unchanged
336260.KS,두산퓨얼셀,KR,Industrials,Electrical Equipment,4.7,N,DISCOVERY_ONLY,DISCOVERY_ONLY,SMALL_CAP_KOREA; METADATA_ONLY_AUDIT; market cap metadata below core threshold,DISCOVERY_ONLY,DISCOVERY_ONLY,NON_TURNAROUND_ROLE_UNCHANGED; Gate 3 metrics recorded for v0.4 evidence only; legacy_reason=SMALL_CAP_KOREA; METADATA_ONLY_AUDIT; market cap metadata below core threshold,OBSERVATION_ONLY,N,FAIL,FAIL,FAIL,0.0000,N,257.3944,Y,56617.0000,38356.7500,Y,1449730.95,921284.48,Y,0.0000,N,Y,112.7883,Y,1449730.95,1137012.71,Y,INSUFFICIENT_GATE2_DATA,INSUFFICIENT_DATA,yfinance,2026-05-27,2026-05-27,,v0_1_legacy_columns_preserved; non_turnaround_role_unchanged
180640.KS,한진칼,KR,Industrials,Passenger Airlines,5.5,N,EXTENDED,KEEP_EXTENDED,MARKET_CAP_BELOW_THRESHOLD; METADATA_ONLY_AUDIT; sub-10B row retained outside core classification,EXTENDED,KEEP_EXTENDED,NON_TURNAROUND_ROLE_UNCHANGED; Gate 3 metrics recorded for v0.4 evidence only; legacy_reason=MARKET_CAP_BELOW_THRESHOLD; METADATA_ONLY_AUDIT; sub-10B row retained outside core classification,OBSERVATION_ONLY,N,PASS,FAIL,PASS,-35.0289,Y,16.5975,Y,115196.0000,114293.0000,Y,125274.86,121834.40,Y,-35.0289,N,Y,-2.5997,N,125274.86,129341.19,N,INSUFFICIENT_GATE2_DATA,INSUFFICIENT_DATA,yfinance,2026-05-27,2026-05-27,,v0_1_legacy_columns_preserved; non_turnaround_role_unchanged
024110.KS,기업은행,KR,Financials,Banks,11.9,N,EXTENDED,KEEP_EXTENDED,MARKET_CAP_BELOW_THRESHOLD; METADATA_ONLY_AUDIT; below core threshold but retained for extended monitoring,EXTENDED,KEEP_EXTENDED,NON_TURNAROUND_ROLE_UNCHANGED; Gate 3 metrics recorded for v0.4 evidence only; legacy_reason=MARKET_CAP_BELOW_THRESHOLD; METADATA_ONLY_AUDIT; below core threshold but retained for extended monitoring,OBSERVATION_ONLY,N,FAIL,FAIL,FAIL,-28.1961,Y,1.9900,N,22068.0000,21104.6000,Y,1388562.62,1247075.56,Y,-28.1961,N,Y,-8.0717,N,1388562.62,1328126.70,Y,INSUFFICIENT_GATE2_DATA,INSUFFICIENT_DATA,yfinance,2026-05-27,2026-05-27,,v0_1_legacy_columns_preserved; non_turnaround_role_unchanged
035720.KS,카카오,KR,Communication Services,Interactive Media,13.1,N,EXTENDED,KEEP_EXTENDED,MARKET_CAP_BELOW_THRESHOLD; METADATA_ONLY_AUDIT; below core threshold but retained for extended monitoring,EXTENDED,KEEP_EXTENDED,NON_TURNAROUND_ROLE_UNCHANGED; Gate 3 metrics recorded for v0.4 evidence only; legacy_reason=MARKET_CAP_BELOW_THRESHOLD; METADATA_ONLY_AUDIT; below core threshold but retained for extended monitoring,OBSERVATION_ONLY,N,FAIL,FAIL,FAIL,-42.4716,Y,0.8717,N,46736.0000,56632.7500,N,2024425.86,2276276.78,N,-42.4716,N,N,-16.3223,N,2024425.86,2048354.33,N,INSUFFICIENT_GATE2_DATA,INSUFFICIENT_DATA,yfinance,2026-05-27,2026-05-27,,v0_1_legacy_columns_preserved; non_turnaround_role_unchanged
088980.KS,맥쿼리인프라,KR,Utilities,Multi-Utilities,3.8,N,DISCOVERY_ONLY,DISCOVERY_ONLY,SMALL_CAP_KOREA; METADATA_ONLY_AUDIT; market cap metadata below core threshold,DISCOVERY_ONLY,DISCOVERY_ONLY,NON_TURNAROUND_ROLE_UNCHANGED; Gate 3 metrics recorded for v0.4 evidence only; legacy_reason=SMALL_CAP_KOREA; METADATA_ONLY_AUDIT; market cap metadata below core threshold,OBSERVATION_ONLY,N,FAIL,FAIL,FAIL,-7.9299,N,0.0000,N,11302.8000,11400.9500,N,1898322.81,1644092.39,Y,-7.9299,Y,N,-3.0756,N,1898322.81,1703977.95,Y,INSUFFICIENT_GATE2_DATA,INSUFFICIENT_DATA,yfinance,2026-05-27,2026-05-27,,v0_1_legacy_columns_preserved; non_turnaround_role_unchanged
000100.KS,유한양행,KR,Health Care,Pharmaceuticals,4.9,N,HIGH_RISK_REVIEW,REVIEW_BEFORE_SCORING,PHARMA_EVENT_RISK; MARKET_CAP_BELOW_THRESHOLD; METADATA_ONLY_AUDIT; pharmaceutical row below 10B metadata threshold,HIGH_RISK_REVIEW,REVIEW_BEFORE_SCORING,NON_TURNAROUND_ROLE_UNCHANGED; Gate 3 metrics recorded for v0.4 evidence only; legacy_reason=PHARMA_EVENT_RISK; MARKET_CAP_BELOW_THRESHOLD; METADATA_ONLY_AUDIT; pharmaceutical row below 10B metadata threshold,OBSERVATION_ONLY,N,FAIL,FAIL,FAIL,-37.2607,Y,4.7970,N,92542.0000,108672.5000,N,304943.62,322205.85,N,-37.2607,N,N,-10.0317,N,304943.62,278380.13,Y,INSUFFICIENT_GATE2_DATA,INSUFFICIENT_DATA,yfinance,2026-05-27,2026-05-27,,v0_1_legacy_columns_preserved; non_turnaround_role_unchanged
004020.KS,현대제철,KR,Materials,Metals & Mining,4.0,N,DISCOVERY_ONLY,DISCOVERY_ONLY,SMALL_CAP_KOREA; METADATA_ONLY_AUDIT; market cap metadata below core threshold,DISCOVERY_ONLY,DISCOVERY_ONLY,NON_TURNAROUND_ROLE_UNCHANGED; Gate 3 metrics recorded for v0.4 evidence only; legacy_reason=SMALL_CAP_KOREA; METADATA_ONLY_AUDIT; market cap metadata below core threshold,OBSERVATION_ONLY,N,FAIL,FAIL,FAIL,-10.9677,N,42.5129,Y,39278.0000,34639.0000,Y,1708090.90,1129372.81,Y,-10.9677,Y,Y,0.3636,N,1708090.90,1518248.16,Y,INSUFFICIENT_GATE2_DATA,INSUFFICIENT_DATA,yfinance,2026-05-27,2026-05-27,,v0_1_legacy_columns_preserved; non_turnaround_role_unchanged
032640.KS,LG유플러스,KR,Communication Services,Wireless Telecommunication,4.8,N,DISCOVERY_ONLY,DISCOVERY_ONLY,SMALL_CAP_KOREA; METADATA_ONLY_AUDIT; market cap metadata below core threshold,DISCOVERY_ONLY,DISCOVERY_ONLY,NON_TURNAROUND_ROLE_UNCHANGED; Gate 3 metrics recorded for v0.4 evidence only; legacy_reason=SMALL_CAP_KOREA; METADATA_ONLY_AUDIT; market cap metadata below core threshold,OBSERVATION_ONLY,N,FAIL,FAIL,FAIL,-14.9916,N,5.5052,N,16018.0000,15434.7000,Y,1100805.24,1083917.14,Y,-14.9916,Y,Y,-9.5579,N,1100805.24,1287046.83,N,INSUFFICIENT_GATE2_DATA,INSUFFICIENT_DATA,yfinance,2026-05-27,2026-05-27,,v0_1_legacy_columns_preserved; non_turnaround_role_unchanged
139480.KS,이마트,KR,Consumer Staples,Consumer Staples Distribution,1.8,N,DISCOVERY_ONLY,DISCOVERY_ONLY,SMALL_CAP_KOREA; METADATA_ONLY_AUDIT; market cap metadata below core threshold,DISCOVERY_ONLY,DISCOVERY_ONLY,NON_TURNAROUND_ROLE_UNCHANGED; Gate 3 metrics recorded for v0.4 evidence only; legacy_reason=SMALL_CAP_KOREA; METADATA_ONLY_AUDIT; market cap metadata below core threshold,OBSERVATION_ONLY,N,FAIL,FAIL,FAIL,-30.9561,Y,13.5309,N,99286.0000,87596.0000,Y,282164.33,293028.61,N,-30.9561,N,Y,-14.7969,N,282164.33,246678.67,Y,INSUFFICIENT_GATE2_DATA,INSUFFICIENT_DATA,yfinance,2026-05-27,2026-05-27,,v0_1_legacy_columns_preserved; non_turnaround_role_unchanged
251270.KS,넷마블,KR,Communication Services,Entertainment,2.5,N,DISCOVERY_ONLY,DISCOVERY_ONLY,SMALL_CAP_KOREA; METADATA_ONLY_AUDIT; market cap metadata below core threshold,DISCOVERY_ONLY,DISCOVERY_ONLY,NON_TURNAROUND_ROLE_UNCHANGED; Gate 3 metrics recorded for v0.4 evidence only; legacy_reason=SMALL_CAP_KOREA; METADATA_ONLY_AUDIT; market cap metadata below core threshold,OBSERVATION_ONLY,N,FAIL,FAIL,FAIL,-39.3382,Y,0.0000,N,48544.0000,53596.5000,N,274690.90,243000.87,Y,-39.3382,N,N,-16.9184,N,274690.90,287882.16,N,INSUFFICIENT_GATE2_DATA,INSUFFICIENT_DATA,yfinance,2026-05-27,2026-05-27,,v0_1_legacy_columns_preserved; non_turnaround_role_unchanged
004990.KS,롯데지주,KR,Consumer Discretionary,Multi-line Retail,1.9,N,DISCOVERY_ONLY,DISCOVERY_ONLY,SMALL_CAP_KOREA; METADATA_ONLY_AUDIT; market cap metadata below core threshold,DISCOVERY_ONLY,DISCOVERY_ONLY,NON_TURNAROUND_ROLE_UNCHANGED; Gate 3 metrics recorded for v0.4 evidence only; legacy_reason=SMALL_CAP_KOREA; METADATA_ONLY_AUDIT; market cap metadata below core threshold,OBSERVATION_ONLY,N,FAIL,FAIL,FAIL,-33.8083,Y,1.3889,N,28855.0000,29388.2500,N,336957.57,319462.27,Y,-33.8083,N,N,-10.0352,N,336957.57,312043.22,Y,INSUFFICIENT_GATE2_DATA,INSUFFICIENT_DATA,yfinance,2026-05-27,2026-05-27,,v0_1_legacy_columns_preserved; non_turnaround_role_unchanged
005830.KS,DB손해보험,KR,Financials,Insurance,7.0,N,EXTENDED,KEEP_EXTENDED,MARKET_CAP_BELOW_THRESHOLD; METADATA_ONLY_AUDIT; sub-10B row retained outside core classification,EXTENDED,KEEP_EXTENDED,NON_TURNAROUND_ROLE_UNCHANGED; Gate 3 metrics recorded for v0.4 evidence only; legacy_reason=MARKET_CAP_BELOW_THRESHOLD; METADATA_ONLY_AUDIT; sub-10B row retained outside core classification,OBSERVATION_ONLY,N,FAIL,FAIL,FAIL,-29.6837,Y,21.1232,Y,168472.0000,146363.5000,Y,231453.38,241521.21,N,-29.6837,N,Y,-16.7147,N,231453.38,265974.38,N,INSUFFICIENT_GATE2_DATA,INSUFFICIENT_DATA,yfinance,2026-05-27,2026-05-27,,v0_1_legacy_columns_preserved; non_turnaround_role_unchanged
001440.KS,대한전선,KR,Industrials,Electrical Equipment,7.5,N,EXTENDED,KEEP_EXTENDED,MARKET_CAP_BELOW_THRESHOLD; METADATA_ONLY_AUDIT; sub-10B row retained outside core classification,EXTENDED,KEEP_EXTENDED,NON_TURNAROUND_ROLE_UNCHANGED; Gate 3 metrics recorded for v0.4 evidence only; legacy_reason=MARKET_CAP_BELOW_THRESHOLD; METADATA_ONLY_AUDIT; sub-10B row retained outside core classification,OBSERVATION_ONLY,N,PASS,FAIL,PASS,-31.4661,Y,129.9304,Y,43009.0000,27602.4000,Y,12924190.81,6380366.63,Y,-31.4661,N,Y,21.2974,Y,12924190.81,8413770.79,Y,INSUFFICIENT_GATE2_DATA,INSUFFICIENT_DATA,yfinance,2026-05-27,2026-05-27,,v0_1_legacy_columns_preserved; non_turnaround_role_unchanged
009450.KS,경동나비엔,KR,Industrials,Building Products,0.7,N,DISCOVERY_ONLY,DISCOVERY_ONLY,SMALL_CAP_KOREA; METADATA_ONLY_AUDIT; market cap metadata below core threshold,DISCOVERY_ONLY,DISCOVERY_ONLY,NON_TURNAROUND_ROLE_UNCHANGED; Gate 3 metrics recorded for v0.4 evidence only; legacy_reason=SMALL_CAP_KOREA; METADATA_ONLY_AUDIT; market cap metadata below core threshold,OBSERVATION_ONLY,N,PASS,FAIL,PASS,-22.8202,Y,33.7687,Y,68426.0000,67604.0000,Y,109809.14,64412.16,Y,-22.8202,N,Y,0.9859,N,109809.14,70207.92,Y,INSUFFICIENT_GATE2_DATA,INSUFFICIENT_DATA,yfinance,2026-05-27,2026-05-27,,v0_1_legacy_columns_preserved; non_turnaround_role_unchanged
018880.KS,한온시스템,KR,Consumer Discretionary,Automobile Components,3.8,N,DISCOVERY_ONLY,DISCOVERY_ONLY,SMALL_CAP_KOREA; METADATA_ONLY_AUDIT; market cap metadata below core threshold,DISCOVERY_ONLY,DISCOVERY_ONLY,NON_TURNAROUND_ROLE_UNCHANGED; Gate 3 metrics recorded for v0.4 evidence only; legacy_reason=SMALL_CAP_KOREA; METADATA_ONLY_AUDIT; market cap metadata below core threshold,OBSERVATION_ONLY,N,FAIL,INSUFFICIENT_DATA,MANUAL_REVIEW,-7.8534,N,88.5714,Y,4346.6000,3786.7456,Y,43385098.00,19901357.83,Y,-7.8534,Y,Y,24.8227,Y,43385098.00,23787404.22,Y,INSUFFICIENT_GATE2_DATA,INSUFFICIENT_DATA,yfinance,2026-05-27,2026-05-27,,v0_1_legacy_columns_preserved; non_turnaround_role_unchanged
078930.KS,GS,KR,Industrials,Industrial Conglomerates,5.1,N,EXTENDED,KEEP_EXTENDED,MARKET_CAP_BELOW_THRESHOLD; METADATA_ONLY_AUDIT; sub-10B row retained outside core classification,EXTENDED,KEEP_EXTENDED,NON_TURNAROUND_ROLE_UNCHANGED; Gate 3 metrics recorded for v0.4 evidence only; legacy_reason=MARKET_CAP_BELOW_THRESHOLD; METADATA_ONLY_AUDIT; sub-10B row retained outside core classification,OBSERVATION_ONLY,N,FAIL,FAIL,FAIL,-8.8916,N,39.8131,Y,71918.0000,59191.0000,Y,351735.10,301136.02,Y,-8.8916,Y,Y,-2.6042,N,351735.10,331008.48,Y,INSUFFICIENT_GATE2_DATA,INSUFFICIENT_DATA,yfinance,2026-05-27,2026-05-27,,v0_1_legacy_columns_preserved; non_turnaround_role_unchanged
128940.KS,한미약품,KR,Health Care,Pharmaceuticals,4.3,N,HIGH_RISK_REVIEW,REVIEW_BEFORE_SCORING,PHARMA_EVENT_RISK; MARKET_CAP_BELOW_THRESHOLD; METADATA_ONLY_AUDIT; pharmaceutical row below 10B metadata threshold,HIGH_RISK_REVIEW,REVIEW_BEFORE_SCORING,NON_TURNAROUND_ROLE_UNCHANGED; Gate 3 metrics recorded for v0.4 evidence only; legacy_reason=PHARMA_EVENT_RISK; MARKET_CAP_BELOW_THRESHOLD; METADATA_ONLY_AUDIT; pharmaceutical row below 10B metadata threshold,OBSERVATION_ONLY,N,PASS,FAIL,PASS,-21.8850,Y,17.9735,Y,490550.0000,434427.5000,Y,123848.90,118861.41,Y,-21.8850,N,Y,-0.2041,N,123848.90,103716.05,Y,INSUFFICIENT_GATE2_DATA,INSUFFICIENT_DATA,yfinance,2026-05-27,2026-05-27,,v0_1_legacy_columns_preserved; non_turnaround_role_unchanged
CPNG,Coupang Inc.,US,Consumer Discretionary,Broadline Retail,38,N,EXTENDED,KEEP_EXTENDED,ADR_LISTING_RISK; MARKET_CAP_BELOW_THRESHOLD; METADATA_ONLY_AUDIT; below core threshold but retained for extended monitoring,EXTENDED,KEEP_EXTENDED,NON_TURNAROUND_ROLE_UNCHANGED; Gate 3 metrics recorded for v0.4 evidence only; legacy_reason=ADR_LISTING_RISK; MARKET_CAP_BELOW_THRESHOLD; METADATA_ONLY_AUDIT; below core threshold but retained for extended monitoring,OBSERVATION_ONLY,N,FAIL,FAIL,FAIL,-50.9096,Y,7.8637,N,18.7918,24.1989,N,25251119.05,22165215.87,Y,-50.9096,N,N,-19.6681,N,25251119.05,22756463.49,Y,INSUFFICIENT_GATE2_DATA,INSUFFICIENT_DATA,yfinance,2026-05-27,2026-05-27,,v0_1_legacy_columns_preserved; non_turnaround_role_unchanged
PKX,POSCO Holdings Inc. ADR,US,Materials,Metals & Mining,23,N,EXTENDED,KEEP_EXTENDED,ADR_LISTING_RISK; MARKET_CAP_BELOW_THRESHOLD; METADATA_ONLY_AUDIT; below core threshold but retained for extended monitoring,EXTENDED,KEEP_EXTENDED,NON_TURNAROUND_ROLE_UNCHANGED; Gate 3 metrics recorded for v0.4 evidence only; legacy_reason=ADR_LISTING_RISK; MARKET_CAP_BELOW_THRESHOLD; METADATA_ONLY_AUDIT; below core threshold but retained for extended monitoring,OBSERVATION_ONLY,N,PASS,FAIL,PASS,-22.1653,Y,39.9530,Y,69.4150,58.9565,Y,277952.38,202367.46,Y,-22.1653,N,Y,0.5210,N,277952.38,219855.56,Y,INSUFFICIENT_GATE2_DATA,INSUFFICIENT_DATA,yfinance,2026-05-27,2026-05-27,,v0_1_legacy_columns_preserved; non_turnaround_role_unchanged
KB,KB Financial Group Inc. ADR,US,Financials,Banks,21,N,EXTENDED,KEEP_EXTENDED,ADR_LISTING_RISK; MARKET_CAP_BELOW_THRESHOLD; METADATA_ONLY_AUDIT; below core threshold but retained for extended monitoring,EXTENDED,KEEP_EXTENDED,NON_TURNAROUND_ROLE_UNCHANGED; Gate 3 metrics recorded for v0.4 evidence only; legacy_reason=ADR_LISTING_RISK; MARKET_CAP_BELOW_THRESHOLD; METADATA_ONLY_AUDIT; below core threshold but retained for extended monitoring,OBSERVATION_ONLY,N,FAIL,FAIL,FAIL,-13.2307,N,22.9561,Y,105.2860,92.9727,Y,181585.71,209790.48,N,-13.2307,Y,Y,-3.9247,N,181585.71,245053.97,N,INSUFFICIENT_GATE2_DATA,INSUFFICIENT_DATA,yfinance,2026-05-27,2026-05-27,,v0_1_legacy_columns_preserved; non_turnaround_role_unchanged
LPL,LG Display Co. Ltd. ADR,US,Information Technology,Electronic Components,3,N,DISCOVERY_ONLY,DISCOVERY_ONLY,MARKET_CAP_BELOW_THRESHOLD; METADATA_ONLY_AUDIT; market cap metadata below core threshold,DISCOVERY_ONLY,DISCOVERY_ONLY,NON_TURNAROUND_ROLE_UNCHANGED; Gate 3 metrics recorded for v0.4 evidence only; legacy_reason=MARKET_CAP_BELOW_THRESHOLD; METADATA_ONLY_AUDIT; market cap metadata below core threshold,OBSERVATION_ONLY,N,FAIL,FAIL,FAIL,-12.5448,N,30.1333,Y,4.4194,4.4875,Y,1812123.81,1306715.08,Y,-12.5448,Y,N,16.7464,Y,1812123.81,1985377.78,N,INSUFFICIENT_GATE2_DATA,INSUFFICIENT_DATA,yfinance,2026-05-27,2026-05-27,,v0_1_legacy_columns_preserved; non_turnaround_role_unchanged
SHG,Shinhan Financial Group Co. Ltd. ADR,US,Financials,Banks,18,N,EXTENDED,KEEP_EXTENDED,ADR_LISTING_RISK; MARKET_CAP_BELOW_THRESHOLD; METADATA_ONLY_AUDIT; below core threshold but retained for extended monitoring,EXTENDED,KEEP_EXTENDED,NON_TURNAROUND_ROLE_UNCHANGED; Gate 3 metrics recorded for v0.4 evidence only; legacy_reason=ADR_LISTING_RISK; MARKET_CAP_BELOW_THRESHOLD; METADATA_ONLY_AUDIT; below core threshold but retained for extended monitoring,OBSERVATION_ONLY,N,FAIL,FAIL,FAIL,-11.0429,N,22.5980,Y,64.9406,57.2469,Y,215704.76,259379.37,N,-11.0429,Y,Y,-4.4767,N,215704.76,298638.10,N,INSUFFICIENT_GATE2_DATA,INSUFFICIENT_DATA,yfinance,2026-05-27,2026-05-27,,v0_1_legacy_columns_preserved; non_turnaround_role_unchanged
KEP,Korea Electric Power Corp. ADR,US,Utilities,Electric Utilities,7,N,EXTENDED,KEEP_EXTENDED,MARKET_CAP_BELOW_THRESHOLD; METADATA_ONLY_AUDIT; sub-10B row retained outside core classification,EXTENDED,KEEP_EXTENDED,NON_TURNAROUND_ROLE_UNCHANGED; Gate 3 metrics recorded for v0.4 evidence only; legacy_reason=MARKET_CAP_BELOW_THRESHOLD; METADATA_ONLY_AUDIT; sub-10B row retained outside core classification,OBSERVATION_ONLY,N,FAIL,FAIL,FAIL,-43.0782,Y,3.6805,N,14.7482,16.1100,N,944661.90,700086.51,Y,-43.0782,N,N,-14.3042,N,944661.90,844804.76,Y,INSUFFICIENT_GATE2_DATA,INSUFFICIENT_DATA,yfinance,2026-05-27,2026-05-27,,v0_1_legacy_columns_preserved; non_turnaround_role_unchanged
SKM,SK Telecom Co. Ltd. ADR,US,Communication Services,Wireless Telecommunication,7,N,EXTENDED,KEEP_EXTENDED,MARKET_CAP_BELOW_THRESHOLD; METADATA_ONLY_AUDIT; sub-10B row retained outside core classification,EXTENDED,KEEP_EXTENDED,NON_TURNAROUND_ROLE_UNCHANGED; Gate 3 metrics recorded for v0.4 evidence only; legacy_reason=MARKET_CAP_BELOW_THRESHOLD; METADATA_ONLY_AUDIT; sub-10B row retained outside core classification,OBSERVATION_ONLY,N,FAIL,FAIL,FAIL,-7.3934,N,86.4837,Y,35.1288,26.0938,Y,2250261.90,1631640.48,Y,-7.3934,Y,Y,-1.5558,N,2250261.90,1954744.44,Y,INSUFFICIENT_GATE2_DATA,INSUFFICIENT_DATA,yfinance,2026-05-27,2026-05-27,,v0_1_legacy_columns_preserved; non_turnaround_role_unchanged
WF,Woori Financial Group Inc. ADR,US,Financials,Banks,6,N,EXTENDED,KEEP_EXTENDED,MARKET_CAP_BELOW_THRESHOLD; METADATA_ONLY_AUDIT; sub-10B row retained outside core classification,EXTENDED,KEEP_EXTENDED,NON_TURNAROUND_ROLE_UNCHANGED; Gate 3 metrics recorded for v0.4 evidence only; legacy_reason=MARKET_CAP_BELOW_THRESHOLD; METADATA_ONLY_AUDIT; sub-10B row retained outside core classification,OBSERVATION_ONLY,N,PASS,FAIL,PASS,-26.7551,Y,15.0214,Y,67.2420,61.4504,Y,128957.14,96108.73,Y,-26.7551,N,Y,-8.3679,N,128957.14,127574.60,Y,INSUFFICIENT_GATE2_DATA,INSUFFICIENT_DATA,yfinance,2026-05-27,2026-05-27,,v0_1_legacy_columns_preserved; non_turnaround_role_unchanged
247540.KQ,에코프로비엠,KR,Materials,Chemicals,15.4,N,HIGH_RISK_REVIEW,REVIEW_BEFORE_SCORING,KOSDAQ_TOP15_RISK; SECTOR_VOLATILITY; METADATA_ONLY_AUDIT; KOSDAQ top15 sector-volatility marker prevents core classification,HIGH_RISK_REVIEW,REVIEW_BEFORE_SCORING,NON_TURNAROUND_ROLE_UNCHANGED; Gate 3 metrics recorded for v0.4 evidence only; legacy_reason=KOSDAQ_TOP15_RISK; SECTOR_VOLATILITY; METADATA_ONLY_AUDIT; KOSDAQ top15 sector-volatility marker prevents core classification,OBSERVATION_ONLY,N,FAIL,INSUFFICIENT_DATA,MANUAL_REVIEW,-13.2114,N,55.3857,Y,203790.0000,167949.2500,Y,703850.57,724797.21,N,-13.2114,Y,Y,3.8929,Y,703850.57,633255.89,Y,INSUFFICIENT_GATE2_DATA,INSUFFICIENT_DATA,yfinance,2026-05-27,2026-05-27,,v0_1_legacy_columns_preserved; non_turnaround_role_unchanged
086520.KQ,에코프로,KR,Industrials,Industrial Conglomerates,14.3,N,HIGH_RISK_REVIEW,REVIEW_BEFORE_SCORING,KOSDAQ_TOP15_RISK; SECTOR_VOLATILITY; METADATA_ONLY_AUDIT; KOSDAQ top15 sector-volatility marker prevents core classification,HIGH_RISK_REVIEW,REVIEW_BEFORE_SCORING,NON_TURNAROUND_ROLE_UNCHANGED; Gate 3 metrics recorded for v0.4 evidence only; legacy_reason=KOSDAQ_TOP15_RISK; SECTOR_VOLATILITY; METADATA_ONLY_AUDIT; KOSDAQ top15 sector-volatility marker prevents core classification,OBSERVATION_ONLY,N,FAIL,FAIL,FAIL,-22.7568,Y,90.0266,Y,147260.0000,106666.5000,Y,1574581.86,2915367.23,N,-22.7568,N,Y,-9.0967,N,1574581.86,1757252.71,N,INSUFFICIENT_GATE2_DATA,INSUFFICIENT_DATA,yfinance,2026-05-27,2026-05-27,,v0_1_legacy_columns_preserved; non_turnaround_role_unchanged
196170.KQ,알테오젠,KR,Health Care,Biotechnology,14.0,N,HIGH_RISK_REVIEW,REVIEW_BEFORE_SCORING,BIOTECH_CLINICAL_RISK; KOSDAQ_TOP15_RISK; METADATA_ONLY_AUDIT; KOSDAQ healthcare row requires event-risk review,HIGH_RISK_REVIEW,REVIEW_BEFORE_SCORING,NON_TURNAROUND_ROLE_UNCHANGED; Gate 3 metrics recorded for v0.4 evidence only; legacy_reason=BIOTECH_CLINICAL_RISK; KOSDAQ_TOP15_RISK; METADATA_ONLY_AUDIT; KOSDAQ healthcare row requires event-risk review,OBSERVATION_ONLY,N,FAIL,FAIL,FAIL,-30.8587,Y,18.9231,Y,361710.0000,430152.5000,N,549402.67,584724.63,N,-30.8587,N,N,8.1119,Y,549402.67,407585.43,Y,INSUFFICIENT_GATE2_DATA,INSUFFICIENT_DATA,yfinance,2026-05-27,2026-05-27,,v0_1_legacy_columns_preserved; non_turnaround_role_unchanged
277810.KQ,레인보우로보틱스,KR,Industrials,Machinery,10.7,N,HIGH_RISK_REVIEW,REVIEW_BEFORE_SCORING,KOSDAQ_TOP15_RISK; SECTOR_VOLATILITY; METADATA_ONLY_AUDIT; KOSDAQ top15 sector-volatility marker prevents core classification,HIGH_RISK_REVIEW,REVIEW_BEFORE_SCORING,NON_TURNAROUND_ROLE_UNCHANGED; Gate 3 metrics recorded for v0.4 evidence only; legacy_reason=KOSDAQ_TOP15_RISK; SECTOR_VOLATILITY; METADATA_ONLY_AUDIT; KOSDAQ top15 sector-volatility marker prevents core classification,OBSERVATION_ONLY,N,FAIL,FAIL,FAIL,-16.8182,N,102.4896,Y,658390.0000,499127.5000,Y,265415.19,270116.12,N,-16.8182,N,Y,22.0000,Y,265415.19,213526.41,Y,INSUFFICIENT_GATE2_DATA,INSUFFICIENT_DATA,yfinance,2026-05-27,2026-05-27,,v0_1_legacy_columns_preserved; non_turnaround_role_unchanged
036930.KQ,주성엔지니어링,KR,Information Technology,Semiconductor Equipment,7.8,N,HIGH_RISK_REVIEW,REVIEW_BEFORE_SCORING,KOSDAQ_TOP15_RISK; SECTOR_VOLATILITY; METADATA_ONLY_AUDIT; KOSDAQ top15 sector-volatility marker prevents core classification,HIGH_RISK_REVIEW,REVIEW_BEFORE_SCORING,NON_TURNAROUND_ROLE_UNCHANGED; Gate 3 metrics recorded for v0.4 evidence only; legacy_reason=KOSDAQ_TOP15_RISK; SECTOR_VOLATILITY; METADATA_ONLY_AUDIT; KOSDAQ top15 sector-volatility marker prevents core classification,OBSERVATION_ONLY,N,FAIL,FAIL,FAIL,-2.3454,N,765.7845,Y,109416.0000,52975.5000,Y,2585163.67,1637262.50,Y,-2.3454,N,Y,97.0740,Y,2585163.67,2460651.84,Y,INSUFFICIENT_GATE2_DATA,INSUFFICIENT_DATA,yfinance,2026-05-27,2026-05-27,,v0_1_legacy_columns_preserved; non_turnaround_role_unchanged
950160.KQ,코오롱티슈진,KR,Health Care,Biotechnology,6.6,N,HIGH_RISK_REVIEW,REVIEW_BEFORE_SCORING,BIOTECH_CLINICAL_RISK; KOSDAQ_TOP15_RISK; METADATA_ONLY_AUDIT; KOSDAQ healthcare row requires event-risk review,HIGH_RISK_REVIEW,REVIEW_BEFORE_SCORING,NON_TURNAROUND_ROLE_UNCHANGED; Gate 3 metrics recorded for v0.4 evidence only; legacy_reason=BIOTECH_CLINICAL_RISK; KOSDAQ_TOP15_RISK; METADATA_ONLY_AUDIT; KOSDAQ healthcare row requires event-risk review,OBSERVATION_ONLY,N,FAIL,FAIL,FAIL,-20.3170,Y,105.5762,Y,106318.0000,74848.2500,Y,590091.48,596779.13,N,-20.3170,N,Y,10.4895,Y,590091.48,560262.27,Y,INSUFFICIENT_GATE2_DATA,INSUFFICIENT_DATA,yfinance,2026-05-27,2026-05-27,,v0_1_legacy_columns_preserved; non_turnaround_role_unchanged
000250.KQ,삼천당제약,KR,Health Care,Pharmaceuticals,6.1,N,HIGH_RISK_REVIEW,REVIEW_BEFORE_SCORING,PHARMA_EVENT_RISK; KOSDAQ_TOP15_RISK; METADATA_ONLY_AUDIT; KOSDAQ healthcare row requires event-risk review,HIGH_RISK_REVIEW,REVIEW_BEFORE_SCORING,NON_TURNAROUND_ROLE_UNCHANGED; Gate 3 metrics recorded for v0.4 evidence only; legacy_reason=PHARMA_EVENT_RISK; KOSDAQ_TOP15_RISK; METADATA_ONLY_AUDIT; KOSDAQ healthcare row requires event-risk review,OBSERVATION_ONLY,N,FAIL,FAIL,FAIL,-70.3125,Y,72.3039,Y,569820.0000,367618.5000,Y,210648.38,334299.96,N,-70.3125,N,Y,-7.5000,N,210648.38,376316.86,N,INSUFFICIENT_GATE2_DATA,INSUFFICIENT_DATA,yfinance,2026-05-27,2026-05-27,,v0_1_legacy_columns_preserved; non_turnaround_role_unchanged
058470.KQ,리노공업,KR,Information Technology,Semiconductor Equipment,6.0,N,HIGH_RISK_REVIEW,REVIEW_BEFORE_SCORING,KOSDAQ_TOP15_RISK; SECTOR_VOLATILITY; METADATA_ONLY_AUDIT; KOSDAQ top15 sector-volatility marker prevents core classification,HIGH_RISK_REVIEW,REVIEW_BEFORE_SCORING,NON_TURNAROUND_ROLE_UNCHANGED; Gate 3 metrics recorded for v0.4 evidence only; legacy_reason=KOSDAQ_TOP15_RISK; SECTOR_VOLATILITY; METADATA_ONLY_AUDIT; KOSDAQ top15 sector-volatility marker prevents core classification,OBSERVATION_ONLY,N,FAIL,FAIL,FAIL,-19.2913,N,88.4191,Y,110282.0000,76612.5000,Y,1198268.10,927957.65,Y,-19.2913,N,Y,-16.8694,N,1198268.10,1044257.94,Y,INSUFFICIENT_GATE2_DATA,INSUFFICIENT_DATA,yfinance,2026-05-27,2026-05-27,,v0_1_legacy_columns_preserved; non_turnaround_role_unchanged
028300.KQ,HLB,KR,Health Care,Biotechnology,5.0,N,HIGH_RISK_REVIEW,REVIEW_BEFORE_SCORING,BIOTECH_CLINICAL_RISK; KOSDAQ_TOP15_RISK; METADATA_ONLY_AUDIT; KOSDAQ healthcare row requires event-risk review,HIGH_RISK_REVIEW,REVIEW_BEFORE_SCORING,NON_TURNAROUND_ROLE_UNCHANGED; Gate 3 metrics recorded for v0.4 evidence only; legacy_reason=BIOTECH_CLINICAL_RISK; KOSDAQ_TOP15_RISK; METADATA_ONLY_AUDIT; KOSDAQ healthcare row requires event-risk review,OBSERVATION_ONLY,N,FAIL,FAIL,FAIL,-25.2199,Y,15.5153,Y,55353.0000,49018.5000,Y,637629.90,808031.02,N,-25.2199,N,Y,-14.8581,N,637629.90,796338.92,N,INSUFFICIENT_GATE2_DATA,INSUFFICIENT_DATA,yfinance,2026-05-27,2026-05-27,,v0_1_legacy_columns_preserved; non_turnaround_role_unchanged
039030.KQ,이오테크닉스,KR,Information Technology,Semiconductor Equipment,4.8,N,HIGH_RISK_REVIEW,REVIEW_BEFORE_SCORING,KOSDAQ_TOP15_RISK; SECTOR_VOLATILITY; METADATA_ONLY_AUDIT; KOSDAQ top15 sector-volatility marker prevents core classification,HIGH_RISK_REVIEW,REVIEW_BEFORE_SCORING,NON_TURNAROUND_ROLE_UNCHANGED; Gate 3 metrics recorded for v0.4 evidence only; legacy_reason=KOSDAQ_TOP15_RISK; SECTOR_VOLATILITY; METADATA_ONLY_AUDIT; KOSDAQ top15 sector-volatility marker prevents core classification,OBSERVATION_ONLY,N,FAIL,INSUFFICIENT_DATA,MANUAL_REVIEW,-10.1222,N,117.2996,Y,458560.0000,323861.5000,Y,124754.86,127106.10,N,-10.1222,Y,Y,6.2951,Y,124754.86,123075.97,Y,INSUFFICIENT_GATE2_DATA,INSUFFICIENT_DATA,yfinance,2026-05-27,2026-05-27,,v0_1_legacy_columns_preserved; non_turnaround_role_unchanged
298380.KQ,에이비엘바이오,KR,Health Care,Biotechnology,4.7,N,HIGH_RISK_REVIEW,REVIEW_BEFORE_SCORING,BIOTECH_CLINICAL_RISK; KOSDAQ_TOP15_RISK; METADATA_ONLY_AUDIT; KOSDAQ healthcare row requires event-risk review,HIGH_RISK_REVIEW,REVIEW_BEFORE_SCORING,NON_TURNAROUND_ROLE_UNCHANGED; Gate 3 metrics recorded for v0.4 evidence only; legacy_reason=BIOTECH_CLINICAL_RISK; KOSDAQ_TOP15_RISK; METADATA_ONLY_AUDIT; KOSDAQ healthcare row requires event-risk review,OBSERVATION_ONLY,N,FAIL,FAIL,FAIL,-51.7312,Y,11.4770,N,150956.0000,146622.0000,Y,687085.14,909336.21,N,-51.7312,N,Y,-22.8013,N,687085.14,580305.63,Y,INSUFFICIENT_GATE2_DATA,INSUFFICIENT_DATA,yfinance,2026-05-27,2026-05-27,,v0_1_legacy_columns_preserved; non_turnaround_role_unchanged
087010.KQ,펩트론,KR,Health Care,Biotechnology,4.5,N,HIGH_RISK_REVIEW,REVIEW_BEFORE_SCORING,BIOTECH_CLINICAL_RISK; KOSDAQ_TOP15_RISK; METADATA_ONLY_AUDIT; KOSDAQ healthcare row requires event-risk review,HIGH_RISK_REVIEW,REVIEW_BEFORE_SCORING,NON_TURNAROUND_ROLE_UNCHANGED; Gate 3 metrics recorded for v0.4 evidence only; legacy_reason=BIOTECH_CLINICAL_RISK; KOSDAQ_TOP15_RISK; METADATA_ONLY_AUDIT; KOSDAQ healthcare row requires event-risk review,OBSERVATION_ONLY,N,FAIL,FAIL,FAIL,-25.5181,Y,34.6604,Y,278300.0000,281497.5000,Y,178743.19,245872.55,N,-25.5181,N,N,13.6364,Y,178743.19,194428.10,N,INSUFFICIENT_GATE2_DATA,INSUFFICIENT_DATA,yfinance,2026-05-27,2026-05-27,,v0_1_legacy_columns_preserved; non_turnaround_role_unchanged
240810.KQ,원익IPS,KR,Information Technology,Semiconductor Equipment,4.3,N,HIGH_RISK_REVIEW,REVIEW_BEFORE_SCORING,KOSDAQ_TOP15_RISK; SECTOR_VOLATILITY; METADATA_ONLY_AUDIT; KOSDAQ top15 sector-volatility marker prevents core classification,HIGH_RISK_REVIEW,REVIEW_BEFORE_SCORING,NON_TURNAROUND_ROLE_UNCHANGED; Gate 3 metrics recorded for v0.4 evidence only; legacy_reason=KOSDAQ_TOP15_RISK; SECTOR_VOLATILITY; METADATA_ONLY_AUDIT; KOSDAQ top15 sector-volatility marker prevents core classification,OBSERVATION_ONLY,N,PASS,FAIL,PASS,-20.6921,Y,98.0600,Y,120910.0000,81243.7500,Y,706267.33,702233.83,Y,-20.6921,N,Y,-0.7951,N,706267.33,673244.35,Y,INSUFFICIENT_GATE2_DATA,INSUFFICIENT_DATA,yfinance,2026-05-27,2026-05-27,,v0_1_legacy_columns_preserved; non_turnaround_role_unchanged
440110.KQ,파두,KR,Information Technology,Semiconductors,4.2,N,HIGH_RISK_REVIEW,REVIEW_BEFORE_SCORING,KOSDAQ_TOP15_RISK; SECTOR_VOLATILITY; METADATA_ONLY_AUDIT; KOSDAQ top15 sector-volatility marker prevents core classification,HIGH_RISK_REVIEW,REVIEW_BEFORE_SCORING,NON_TURNAROUND_ROLE_UNCHANGED; Gate 3 metrics recorded for v0.4 evidence only; legacy_reason=KOSDAQ_TOP15_RISK; SECTOR_VOLATILITY; METADATA_ONLY_AUDIT; KOSDAQ top15 sector-volatility marker prevents core classification,OBSERVATION_ONLY,N,FAIL,INSUFFICIENT_DATA,MANUAL_REVIEW,-8.8854,N,450.1176,Y,73236.0000,37842.2000,Y,1777184.24,1149956.40,Y,-8.8854,Y,Y,70.9064,Y,1777184.24,1514646.08,Y,INSUFFICIENT_GATE2_DATA,INSUFFICIENT_DATA,yfinance,2026-05-27,2026-05-27,,v0_1_legacy_columns_preserved; non_turnaround_role_unchanged
141080.KQ,리가켐바이오,KR,Health Care,Biotechnology,4.1,N,HIGH_RISK_REVIEW,REVIEW_BEFORE_SCORING,BIOTECH_CLINICAL_RISK; KOSDAQ_TOP15_RISK; METADATA_ONLY_AUDIT; KOSDAQ healthcare row requires event-risk review,HIGH_RISK_REVIEW,REVIEW_BEFORE_SCORING,NON_TURNAROUND_ROLE_UNCHANGED; Gate 3 metrics recorded for v0.4 evidence only; legacy_reason=BIOTECH_CLINICAL_RISK; KOSDAQ_TOP15_RISK; METADATA_ONLY_AUDIT; KOSDAQ healthcare row requires event-risk review,OBSERVATION_ONLY,N,PASS,FAIL,PASS,-23.7471,Y,17.8003,Y,187886.0000,170095.5000,Y,476880.14,455679.64,Y,-23.7471,N,Y,-19.2060,N,476880.14,453107.02,Y,INSUFFICIENT_GATE2_DATA,INSUFFICIENT_DATA,yfinance,2026-05-27,2026-05-27,,v0_1_legacy_columns_preserved; non_turnaround_role_unchanged
222800.KQ,심텍,KR,Information Technology,Electronic Components,3.6,N,DISCOVERY_ONLY,DISCOVERY_ONLY,KOSDAQ_THEME_SLOT; MARKET_CAP_BELOW_THRESHOLD; METADATA_ONLY_AUDIT; theme-slot row retained for discovery monitoring only,DISCOVERY_ONLY,DISCOVERY_ONLY,NON_TURNAROUND_ROLE_UNCHANGED; Gate 3 metrics recorded for v0.4 evidence only; legacy_reason=KOSDAQ_THEME_SLOT; MARKET_CAP_BELOW_THRESHOLD; METADATA_ONLY_AUDIT; theme-slot row retained for discovery monitoring only,OBSERVATION_ONLY,N,FAIL,INSUFFICIENT_DATA,MANUAL_REVIEW,-8.1325,N,185.0467,Y,80891.0000,54549.7500,Y,859226.14,898423.60,N,-8.1325,Y,Y,44.0378,Y,859226.14,847430.05,Y,INSUFFICIENT_GATE2_DATA,INSUFFICIENT_DATA,yfinance,2026-05-27,2026-05-27,,v0_1_legacy_columns_preserved; non_turnaround_role_unchanged
108490.KQ,로보티즈,KR,Industrials,Machinery,3.3,N,DISCOVERY_ONLY,DISCOVERY_ONLY,KOSDAQ_THEME_SLOT; MARKET_CAP_BELOW_THRESHOLD; METADATA_ONLY_AUDIT; theme-slot row retained for discovery monitoring only,DISCOVERY_ONLY,DISCOVERY_ONLY,NON_TURNAROUND_ROLE_UNCHANGED; Gate 3 metrics recorded for v0.4 evidence only; legacy_reason=KOSDAQ_THEME_SLOT; MARKET_CAP_BELOW_THRESHOLD; METADATA_ONLY_AUDIT; theme-slot row retained for discovery monitoring only,OBSERVATION_ONLY,N,FAIL,FAIL,FAIL,-19.8675,N,57.7164,Y,282210.0000,224615.2660,Y,437120.33,498398.13,N,-19.8675,N,Y,13.2959,Y,437120.33,291051.57,Y,INSUFFICIENT_GATE2_DATA,INSUFFICIENT_DATA,yfinance,2026-05-27,2026-05-27,,v0_1_legacy_columns_preserved; non_turnaround_role_unchanged
310210.KQ,보로노이,KR,Health Care,Biotechnology,3.6,N,HIGH_RISK_REVIEW,REVIEW_BEFORE_SCORING,BIOTECH_CLINICAL_RISK; KOSDAQ_THEME_SLOT; METADATA_ONLY_AUDIT; KOSDAQ healthcare row requires event-risk review,HIGH_RISK_REVIEW,REVIEW_BEFORE_SCORING,NON_TURNAROUND_ROLE_UNCHANGED; Gate 3 metrics recorded for v0.4 evidence only; legacy_reason=BIOTECH_CLINICAL_RISK; KOSDAQ_THEME_SLOT; METADATA_ONLY_AUDIT; KOSDAQ healthcare row requires event-risk review,OBSERVATION_ONLY,N,FAIL,FAIL,FAIL,-22.4209,Y,59.7734,Y,293770.0000,221290.5000,Y,107498.38,127931.57,N,-22.4209,N,Y,-10.7595,N,107498.38,109761.67,N,INSUFFICIENT_GATE2_DATA,INSUFFICIENT_DATA,yfinance,2026-05-27,2026-05-27,,v0_1_legacy_columns_preserved; non_turnaround_role_unchanged
095340.KQ,ISC,KR,Information Technology,Semiconductor Equipment,3.6,N,DISCOVERY_ONLY,DISCOVERY_ONLY,KOSDAQ_THEME_SLOT; MARKET_CAP_BELOW_THRESHOLD; METADATA_ONLY_AUDIT; theme-slot row retained for discovery monitoring only,DISCOVERY_ONLY,DISCOVERY_ONLY,NON_TURNAROUND_ROLE_UNCHANGED; Gate 3 metrics recorded for v0.4 evidence only; legacy_reason=KOSDAQ_THEME_SLOT; MARKET_CAP_BELOW_THRESHOLD; METADATA_ONLY_AUDIT; theme-slot row retained for discovery monitoring only,OBSERVATION_ONLY,N,FAIL,FAIL,FAIL,-14.3911,N,188.9166,Y,236324.0000,135133.0000,Y,238185.90,291520.39,N,-14.3911,Y,Y,1.3100,N,238185.90,308968.97,N,INSUFFICIENT_GATE2_DATA,INSUFFICIENT_DATA,yfinance,2026-05-27,2026-05-27,,v0_1_legacy_columns_preserved; non_turnaround_role_unchanged
178320.KQ,서진시스템,KR,Industrials,Electrical Equipment,3.6,N,DISCOVERY_ONLY,DISCOVERY_ONLY,KOSDAQ_THEME_SLOT; MARKET_CAP_BELOW_THRESHOLD; METADATA_ONLY_AUDIT; theme-slot row retained for discovery monitoring only,DISCOVERY_ONLY,DISCOVERY_ONLY,NON_TURNAROUND_ROLE_UNCHANGED; Gate 3 metrics recorded for v0.4 evidence only; legacy_reason=KOSDAQ_THEME_SLOT; MARKET_CAP_BELOW_THRESHOLD; METADATA_ONLY_AUDIT; theme-slot row retained for discovery monitoring only,OBSERVATION_ONLY,N,FAIL,FAIL,FAIL,0.0000,N,261.4679,Y,54967.0000,34056.3000,Y,2706227.67,1813796.27,Y,0.0000,N,Y,41.2186,Y,2706227.67,2739385.67,N,INSUFFICIENT_GATE2_DATA,INSUFFICIENT_DATA,yfinance,2026-05-27,2026-05-27,,v0_1_legacy_columns_preserved; non_turnaround_role_unchanged
